-- MySQL dump 10.15  Distrib 10.0.29-MariaDB, for debian-linux-gnu (x86_64)
--
-- Host: localhost    Database: localhost
-- ------------------------------------------------------
-- Server version	10.0.29-MariaDB-1~jessie

/*!40101 SET @OLD_CHARACTER_SET_CLIENT=@@CHARACTER_SET_CLIENT */;
/*!40101 SET @OLD_CHARACTER_SET_RESULTS=@@CHARACTER_SET_RESULTS */;
/*!40101 SET @OLD_COLLATION_CONNECTION=@@COLLATION_CONNECTION */;
/*!40101 SET NAMES utf8 */;
/*!40103 SET @OLD_TIME_ZONE=@@TIME_ZONE */;
/*!40103 SET TIME_ZONE='+00:00' */;
/*!40014 SET @OLD_UNIQUE_CHECKS=@@UNIQUE_CHECKS, UNIQUE_CHECKS=0 */;
/*!40014 SET @OLD_FOREIGN_KEY_CHECKS=@@FOREIGN_KEY_CHECKS, FOREIGN_KEY_CHECKS=0 */;
/*!40101 SET @OLD_SQL_MODE=@@SQL_MODE, SQL_MODE='NO_AUTO_VALUE_ON_ZERO' */;
/*!40111 SET @OLD_SQL_NOTES=@@SQL_NOTES, SQL_NOTES=0 */;

--
-- Table structure for table `AreaLayoutColumns`
--

DROP TABLE IF EXISTS `AreaLayoutColumns`;
/*!40101 SET @saved_cs_client     = @@character_set_client */;
/*!40101 SET character_set_client = utf8 */;
CREATE TABLE `AreaLayoutColumns` (
  `arLayoutColumnID` int(10) unsigned NOT NULL AUTO_INCREMENT,
  `arLayoutID` int(10) unsigned NOT NULL DEFAULT '0',
  `arLayoutColumnIndex` int(10) unsigned NOT NULL DEFAULT '0',
  `arID` int(10) unsigned NOT NULL DEFAULT '0',
  `arLayoutColumnDisplayID` int(11) DEFAULT '0',
  PRIMARY KEY (`arLayoutColumnID`),
  KEY `arLayoutID` (`arLayoutID`,`arLayoutColumnIndex`),
  KEY `arID` (`arID`),
  KEY `arLayoutColumnDisplayID` (`arLayoutColumnDisplayID`)
) ENGINE=InnoDB AUTO_INCREMENT=9 DEFAULT CHARSET=utf8 COLLATE=utf8_unicode_ci;
/*!40101 SET character_set_client = @saved_cs_client */;

--
-- Dumping data for table `AreaLayoutColumns`
--

LOCK TABLES `AreaLayoutColumns` WRITE;
/*!40000 ALTER TABLE `AreaLayoutColumns` DISABLE KEYS */;
INSERT INTO `AreaLayoutColumns` VALUES (1,1,0,2,1),(2,1,1,3,2),(3,1,2,4,3),(4,2,0,5,4),(5,2,1,6,5),(6,3,0,7,6),(7,3,1,8,7),(8,3,2,9,8);
/*!40000 ALTER TABLE `AreaLayoutColumns` ENABLE KEYS */;
UNLOCK TABLES;

--
-- Table structure for table `AreaLayoutCustomColumns`
--

DROP TABLE IF EXISTS `AreaLayoutCustomColumns`;
/*!40101 SET @saved_cs_client     = @@character_set_client */;
/*!40101 SET character_set_client = utf8 */;
CREATE TABLE `AreaLayoutCustomColumns` (
  `arLayoutColumnID` int(10) unsigned NOT NULL AUTO_INCREMENT,
  `arLayoutColumnWidth` varchar(64) COLLATE utf8_unicode_ci NOT NULL,
  PRIMARY KEY (`arLayoutColumnID`)
) ENGINE=InnoDB DEFAULT CHARSET=utf8 COLLATE=utf8_unicode_ci;
/*!40101 SET character_set_client = @saved_cs_client */;

--
-- Dumping data for table `AreaLayoutCustomColumns`
--

LOCK TABLES `AreaLayoutCustomColumns` WRITE;
/*!40000 ALTER TABLE `AreaLayoutCustomColumns` DISABLE KEYS */;
/*!40000 ALTER TABLE `AreaLayoutCustomColumns` ENABLE KEYS */;
UNLOCK TABLES;

--
-- Table structure for table `AreaLayoutPresets`
--

DROP TABLE IF EXISTS `AreaLayoutPresets`;
/*!40101 SET @saved_cs_client     = @@character_set_client */;
/*!40101 SET character_set_client = utf8 */;
CREATE TABLE `AreaLayoutPresets` (
  `arLayoutPresetID` int(10) unsigned NOT NULL AUTO_INCREMENT,
  `arLayoutID` int(10) unsigned NOT NULL DEFAULT '0',
  `arLayoutPresetName` varchar(255) COLLATE utf8_unicode_ci DEFAULT NULL,
  PRIMARY KEY (`arLayoutPresetID`),
  KEY `arLayoutID` (`arLayoutID`),
  KEY `arLayoutPresetName` (`arLayoutPresetName`)
) ENGINE=InnoDB DEFAULT CHARSET=utf8 COLLATE=utf8_unicode_ci;
/*!40101 SET character_set_client = @saved_cs_client */;

--
-- Dumping data for table `AreaLayoutPresets`
--

LOCK TABLES `AreaLayoutPresets` WRITE;
/*!40000 ALTER TABLE `AreaLayoutPresets` DISABLE KEYS */;
/*!40000 ALTER TABLE `AreaLayoutPresets` ENABLE KEYS */;
UNLOCK TABLES;

--
-- Table structure for table `AreaLayoutThemeGridColumns`
--

DROP TABLE IF EXISTS `AreaLayoutThemeGridColumns`;
/*!40101 SET @saved_cs_client     = @@character_set_client */;
/*!40101 SET character_set_client = utf8 */;
CREATE TABLE `AreaLayoutThemeGridColumns` (
  `arLayoutColumnID` int(10) unsigned NOT NULL AUTO_INCREMENT,
  `arLayoutColumnSpan` int(10) unsigned DEFAULT '0',
  `arLayoutColumnOffset` int(10) unsigned DEFAULT '0',
  PRIMARY KEY (`arLayoutColumnID`)
) ENGINE=InnoDB AUTO_INCREMENT=9 DEFAULT CHARSET=utf8 COLLATE=utf8_unicode_ci;
/*!40101 SET character_set_client = @saved_cs_client */;

--
-- Dumping data for table `AreaLayoutThemeGridColumns`
--

LOCK TABLES `AreaLayoutThemeGridColumns` WRITE;
/*!40000 ALTER TABLE `AreaLayoutThemeGridColumns` DISABLE KEYS */;
INSERT INTO `AreaLayoutThemeGridColumns` VALUES (1,4,0),(2,4,0),(3,4,0),(4,4,0),(5,8,0),(6,4,0),(7,4,0),(8,4,0);
/*!40000 ALTER TABLE `AreaLayoutThemeGridColumns` ENABLE KEYS */;
UNLOCK TABLES;

--
-- Table structure for table `AreaLayouts`
--

DROP TABLE IF EXISTS `AreaLayouts`;
/*!40101 SET @saved_cs_client     = @@character_set_client */;
/*!40101 SET character_set_client = utf8 */;
CREATE TABLE `AreaLayouts` (
  `arLayoutID` int(10) unsigned NOT NULL AUTO_INCREMENT,
  `arLayoutSpacing` int(10) unsigned NOT NULL DEFAULT '0',
  `arLayoutIsCustom` tinyint(1) NOT NULL DEFAULT '0',
  `arLayoutIsPreset` tinyint(1) NOT NULL DEFAULT '0',
  `arLayoutMaxColumns` int(10) unsigned NOT NULL DEFAULT '0',
  `arLayoutUsesThemeGridFramework` tinyint(1) NOT NULL DEFAULT '0',
  PRIMARY KEY (`arLayoutID`)
) ENGINE=InnoDB AUTO_INCREMENT=4 DEFAULT CHARSET=utf8 COLLATE=utf8_unicode_ci;
/*!40101 SET character_set_client = @saved_cs_client */;

--
-- Dumping data for table `AreaLayouts`
--

LOCK TABLES `AreaLayouts` WRITE;
/*!40000 ALTER TABLE `AreaLayouts` DISABLE KEYS */;
INSERT INTO `AreaLayouts` VALUES (1,0,0,0,12,1),(2,0,0,0,12,1),(3,0,0,0,12,1);
/*!40000 ALTER TABLE `AreaLayouts` ENABLE KEYS */;
UNLOCK TABLES;

--
-- Table structure for table `AreaLayoutsUsingPresets`
--

DROP TABLE IF EXISTS `AreaLayoutsUsingPresets`;
/*!40101 SET @saved_cs_client     = @@character_set_client */;
/*!40101 SET character_set_client = utf8 */;
CREATE TABLE `AreaLayoutsUsingPresets` (
  `arLayoutID` int(10) unsigned NOT NULL,
  `preset` varchar(255) COLLATE utf8_unicode_ci NOT NULL DEFAULT '',
  PRIMARY KEY (`arLayoutID`)
) ENGINE=InnoDB DEFAULT CHARSET=utf8 COLLATE=utf8_unicode_ci;
/*!40101 SET character_set_client = @saved_cs_client */;

--
-- Dumping data for table `AreaLayoutsUsingPresets`
--

LOCK TABLES `AreaLayoutsUsingPresets` WRITE;
/*!40000 ALTER TABLE `AreaLayoutsUsingPresets` DISABLE KEYS */;
/*!40000 ALTER TABLE `AreaLayoutsUsingPresets` ENABLE KEYS */;
UNLOCK TABLES;

--
-- Table structure for table `AreaPermissionAssignments`
--

DROP TABLE IF EXISTS `AreaPermissionAssignments`;
/*!40101 SET @saved_cs_client     = @@character_set_client */;
/*!40101 SET character_set_client = utf8 */;
CREATE TABLE `AreaPermissionAssignments` (
  `cID` int(10) unsigned NOT NULL DEFAULT '0',
  `arHandle` varchar(255) COLLATE utf8_unicode_ci NOT NULL,
  `pkID` int(10) unsigned NOT NULL DEFAULT '0',
  `paID` int(10) unsigned NOT NULL DEFAULT '0',
  PRIMARY KEY (`cID`,`arHandle`,`pkID`,`paID`),
  KEY `paID` (`paID`),
  KEY `pkID` (`pkID`)
) ENGINE=InnoDB DEFAULT CHARSET=utf8 COLLATE=utf8_unicode_ci;
/*!40101 SET character_set_client = @saved_cs_client */;

--
-- Dumping data for table `AreaPermissionAssignments`
--

LOCK TABLES `AreaPermissionAssignments` WRITE;
/*!40000 ALTER TABLE `AreaPermissionAssignments` DISABLE KEYS */;
/*!40000 ALTER TABLE `AreaPermissionAssignments` ENABLE KEYS */;
UNLOCK TABLES;

--
-- Table structure for table `AreaPermissionBlockTypeAccessList`
--

DROP TABLE IF EXISTS `AreaPermissionBlockTypeAccessList`;
/*!40101 SET @saved_cs_client     = @@character_set_client */;
/*!40101 SET character_set_client = utf8 */;
CREATE TABLE `AreaPermissionBlockTypeAccessList` (
  `paID` int(10) unsigned NOT NULL DEFAULT '0',
  `peID` int(10) unsigned NOT NULL DEFAULT '0',
  `permission` varchar(1) COLLATE utf8_unicode_ci NOT NULL DEFAULT '1',
  PRIMARY KEY (`paID`,`peID`),
  KEY `peID` (`peID`)
) ENGINE=InnoDB DEFAULT CHARSET=utf8 COLLATE=utf8_unicode_ci;
/*!40101 SET character_set_client = @saved_cs_client */;

--
-- Dumping data for table `AreaPermissionBlockTypeAccessList`
--

LOCK TABLES `AreaPermissionBlockTypeAccessList` WRITE;
/*!40000 ALTER TABLE `AreaPermissionBlockTypeAccessList` DISABLE KEYS */;
/*!40000 ALTER TABLE `AreaPermissionBlockTypeAccessList` ENABLE KEYS */;
UNLOCK TABLES;

--
-- Table structure for table `AreaPermissionBlockTypeAccessListCustom`
--

DROP TABLE IF EXISTS `AreaPermissionBlockTypeAccessListCustom`;
/*!40101 SET @saved_cs_client     = @@character_set_client */;
/*!40101 SET character_set_client = utf8 */;
CREATE TABLE `AreaPermissionBlockTypeAccessListCustom` (
  `paID` int(10) unsigned NOT NULL DEFAULT '0',
  `peID` int(10) unsigned NOT NULL DEFAULT '0',
  `btID` int(10) unsigned NOT NULL DEFAULT '0',
  PRIMARY KEY (`paID`,`peID`,`btID`),
  KEY `peID` (`peID`),
  KEY `btID` (`btID`)
) ENGINE=InnoDB DEFAULT CHARSET=utf8 COLLATE=utf8_unicode_ci;
/*!40101 SET character_set_client = @saved_cs_client */;

--
-- Dumping data for table `AreaPermissionBlockTypeAccessListCustom`
--

LOCK TABLES `AreaPermissionBlockTypeAccessListCustom` WRITE;
/*!40000 ALTER TABLE `AreaPermissionBlockTypeAccessListCustom` DISABLE KEYS */;
/*!40000 ALTER TABLE `AreaPermissionBlockTypeAccessListCustom` ENABLE KEYS */;
UNLOCK TABLES;

--
-- Table structure for table `Areas`
--

DROP TABLE IF EXISTS `Areas`;
/*!40101 SET @saved_cs_client     = @@character_set_client */;
/*!40101 SET character_set_client = utf8 */;
CREATE TABLE `Areas` (
  `arID` int(10) unsigned NOT NULL AUTO_INCREMENT,
  `cID` int(10) unsigned NOT NULL DEFAULT '0',
  `arHandle` varchar(255) COLLATE utf8_unicode_ci NOT NULL,
  `arOverrideCollectionPermissions` tinyint(1) NOT NULL DEFAULT '0',
  `arInheritPermissionsFromAreaOnCID` int(10) unsigned NOT NULL DEFAULT '0',
  `arIsGlobal` tinyint(1) NOT NULL DEFAULT '0',
  `arParentID` int(10) unsigned NOT NULL DEFAULT '0',
  PRIMARY KEY (`arID`),
  KEY `arIsGlobal` (`arIsGlobal`),
  KEY `cID` (`cID`),
  KEY `arHandle` (`arHandle`),
  KEY `arParentID` (`arParentID`)
) ENGINE=InnoDB AUTO_INCREMENT=98 DEFAULT CHARSET=utf8 COLLATE=utf8_unicode_ci;
/*!40101 SET character_set_client = @saved_cs_client */;

--
-- Dumping data for table `Areas`
--

LOCK TABLES `Areas` WRITE;
/*!40000 ALTER TABLE `Areas` DISABLE KEYS */;
INSERT INTO `Areas` VALUES (1,152,'Main',0,0,0,0),(2,152,'Main : 1',0,0,0,1),(3,152,'Main : 2',0,0,0,1),(4,152,'Main : 3',0,0,0,1),(5,152,'Main : 4',0,0,0,1),(6,152,'Main : 5',0,0,0,1),(7,152,'Main : 6',0,0,0,1),(8,152,'Main : 7',0,0,0,1),(9,152,'Main : 8',0,0,0,1),(10,153,'Main',0,0,0,0),(11,166,'Main',0,0,0,0),(12,167,'Main',0,0,0,0),(15,169,'Main',0,0,0,0),(16,1,'Header Navigation',0,0,1,0),(17,1,'Main',0,0,0,0),(18,1,'Page Footer',0,0,0,0),(31,176,'Main',0,0,0,0),(32,177,'Main',0,0,0,0),(33,178,'Main',0,0,0,0),(34,179,'Main',0,0,0,0),(35,180,'Main',0,0,0,0),(36,181,'Main',0,0,0,0),(37,182,'Main',0,0,0,0),(39,184,'Main',0,0,0,0),(40,185,'Main',0,0,0,0),(42,176,'Header Navigation',0,0,1,0),(43,176,'Page Footer',0,0,0,0),(48,177,'Header Navigation',0,0,1,0),(49,177,'Page Footer',0,0,0,0),(54,178,'Header Navigation',0,0,1,0),(55,178,'Page Footer',0,0,0,0),(60,179,'Header Navigation',0,0,1,0),(61,179,'Page Footer',0,0,0,0),(66,182,'Header Navigation',0,0,1,0),(67,182,'Page Footer',0,0,0,0),(72,180,'Header Navigation',0,0,1,0),(73,180,'Page Footer',0,0,0,0),(78,181,'Header Navigation',0,0,1,0),(79,181,'Page Footer',0,0,0,0),(85,156,'Disclaimer',0,0,0,0),(88,1,'Feature 1',0,0,0,0),(89,1,'Feature 2',0,0,0,0),(90,1,'Feature 3',0,0,0,0),(91,1,'Featured Events',0,0,0,0),(92,1,'Upcoming Events',0,0,0,0),(94,206,'Main',0,0,0,0),(95,207,'Main',0,0,0,0),(96,208,'Main',0,0,0,0),(97,209,'Main',0,0,0,0);
/*!40000 ALTER TABLE `Areas` ENABLE KEYS */;
UNLOCK TABLES;

--
-- Table structure for table `AttributeKeyCategories`
--

DROP TABLE IF EXISTS `AttributeKeyCategories`;
/*!40101 SET @saved_cs_client     = @@character_set_client */;
/*!40101 SET character_set_client = utf8 */;
CREATE TABLE `AttributeKeyCategories` (
  `akCategoryID` int(10) unsigned NOT NULL AUTO_INCREMENT,
  `akCategoryHandle` varchar(255) COLLATE utf8_unicode_ci NOT NULL,
  `akCategoryAllowSets` int(11) NOT NULL,
  `pkgID` int(10) unsigned DEFAULT NULL,
  PRIMARY KEY (`akCategoryID`),
  UNIQUE KEY `UNIQ_A2A0CC67FA0337B` (`akCategoryHandle`),
  KEY `IDX_A2A0CC67CE45CBB0` (`pkgID`),
  KEY `pkgID` (`pkgID`,`akCategoryID`),
  KEY `akCategoryHandle` (`akCategoryHandle`),
  CONSTRAINT `FK_A2A0CC67CE45CBB0` FOREIGN KEY (`pkgID`) REFERENCES `Packages` (`pkgID`)
) ENGINE=InnoDB AUTO_INCREMENT=6 DEFAULT CHARSET=utf8 COLLATE=utf8_unicode_ci;
/*!40101 SET character_set_client = @saved_cs_client */;

--
-- Dumping data for table `AttributeKeyCategories`
--

LOCK TABLES `AttributeKeyCategories` WRITE;
/*!40000 ALTER TABLE `AttributeKeyCategories` DISABLE KEYS */;
INSERT INTO `AttributeKeyCategories` VALUES (1,'collection',1,NULL),(2,'user',1,NULL),(3,'file',1,NULL),(4,'site',1,NULL),(5,'event',1,NULL);
/*!40000 ALTER TABLE `AttributeKeyCategories` ENABLE KEYS */;
UNLOCK TABLES;

--
-- Table structure for table `AttributeKeys`
--

DROP TABLE IF EXISTS `AttributeKeys`;
/*!40101 SET @saved_cs_client     = @@character_set_client */;
/*!40101 SET character_set_client = utf8 */;
CREATE TABLE `AttributeKeys` (
  `akID` int(10) unsigned NOT NULL AUTO_INCREMENT,
  `akHandle` varchar(255) COLLATE utf8_unicode_ci NOT NULL,
  `akName` varchar(255) COLLATE utf8_unicode_ci NOT NULL,
  `akIsSearchable` tinyint(1) NOT NULL,
  `akIsInternal` tinyint(1) NOT NULL,
  `akIsSearchableIndexed` tinyint(1) NOT NULL,
  `atID` int(10) unsigned DEFAULT NULL,
  `akCategoryID` int(10) unsigned DEFAULT NULL,
  `pkgID` int(10) unsigned DEFAULT NULL,
  `akCategory` varchar(255) COLLATE utf8_unicode_ci NOT NULL,
  PRIMARY KEY (`akID`),
  KEY `IDX_DCA32C62A12CFE33` (`atID`),
  KEY `IDX_DCA32C62B059B76B` (`akCategoryID`),
  KEY `pkgID` (`pkgID`),
  CONSTRAINT `FK_DCA32C62A12CFE33` FOREIGN KEY (`atID`) REFERENCES `AttributeTypes` (`atID`),
  CONSTRAINT `FK_DCA32C62B059B76B` FOREIGN KEY (`akCategoryID`) REFERENCES `AttributeKeyCategories` (`akCategoryID`),
  CONSTRAINT `FK_DCA32C62CE45CBB0` FOREIGN KEY (`pkgID`) REFERENCES `Packages` (`pkgID`)
) ENGINE=InnoDB AUTO_INCREMENT=29 DEFAULT CHARSET=utf8 COLLATE=utf8_unicode_ci;
/*!40101 SET character_set_client = @saved_cs_client */;

--
-- Dumping data for table `AttributeKeys`
--

LOCK TABLES `AttributeKeys` WRITE;
/*!40000 ALTER TABLE `AttributeKeys` DISABLE KEYS */;
INSERT INTO `AttributeKeys` VALUES (1,'meta_title','Meta Title',1,0,0,1,1,NULL,'pagekey'),(2,'meta_description','Meta Description',1,0,0,2,1,NULL,'pagekey'),(3,'meta_keywords','Meta Keywords',1,0,0,2,1,NULL,'pagekey'),(4,'desktop_priority','Desktop Priority',1,1,0,6,1,NULL,'pagekey'),(5,'is_desktop','Is Desktop',1,1,0,3,1,NULL,'pagekey'),(6,'icon_dashboard','Dashboard Icon',1,1,0,2,1,NULL,'pagekey'),(7,'exclude_nav','Exclude From Nav',1,0,0,3,1,NULL,'pagekey'),(8,'exclude_page_list','Exclude From Page List',1,0,0,3,1,NULL,'pagekey'),(9,'header_extra_content','Header Extra Content',1,0,0,2,1,NULL,'pagekey'),(10,'tags','Tags',1,0,1,7,1,NULL,'pagekey'),(11,'is_featured','Is Featured',1,0,0,3,1,NULL,'pagekey'),(12,'exclude_search_index','Exclude From Search Index',1,0,0,3,1,NULL,'pagekey'),(13,'exclude_sitemapxml','Exclude From sitemap.xml',1,0,0,3,1,NULL,'pagekey'),(14,'profile_private_messages_enabled','I would like to receive private messages.',1,0,0,3,2,NULL,'userkey'),(15,'profile_private_messages_notification_enabled','Send me email notifications when I receive a private message.',1,0,0,3,2,NULL,'userkey'),(16,'width','Width',1,0,0,6,3,NULL,'filekey'),(17,'height','Height',1,0,0,6,3,NULL,'filekey'),(18,'account_profile_links','Personal Links',1,0,0,14,2,NULL,'userkey'),(19,'duration','Duration',1,0,0,6,3,NULL,'filekey'),(20,'page_title_image','Page Title Image',1,0,0,5,1,NULL,'pagekey'),(28,'title_image','Title Image',1,0,0,5,1,NULL,'pagekey');
/*!40000 ALTER TABLE `AttributeKeys` ENABLE KEYS */;
UNLOCK TABLES;

--
-- Table structure for table `AttributeSetKeys`
--

DROP TABLE IF EXISTS `AttributeSetKeys`;
/*!40101 SET @saved_cs_client     = @@character_set_client */;
/*!40101 SET character_set_client = utf8 */;
CREATE TABLE `AttributeSetKeys` (
  `asDisplayOrder` int(10) unsigned NOT NULL,
  `akID` int(10) unsigned NOT NULL,
  `asID` int(10) unsigned NOT NULL,
  PRIMARY KEY (`akID`,`asID`),
  KEY `IDX_222F72D8B6561A7E` (`akID`),
  KEY `IDX_222F72D8A463E8B6` (`asID`),
  CONSTRAINT `FK_222F72D8A463E8B6` FOREIGN KEY (`asID`) REFERENCES `AttributeSets` (`asID`),
  CONSTRAINT `FK_222F72D8B6561A7E` FOREIGN KEY (`akID`) REFERENCES `AttributeKeys` (`akID`)
) ENGINE=InnoDB DEFAULT CHARSET=utf8 COLLATE=utf8_unicode_ci;
/*!40101 SET character_set_client = @saved_cs_client */;

--
-- Dumping data for table `AttributeSetKeys`
--

LOCK TABLES `AttributeSetKeys` WRITE;
/*!40000 ALTER TABLE `AttributeSetKeys` DISABLE KEYS */;
INSERT INTO `AttributeSetKeys` VALUES (0,1,1),(1,2,1),(1,7,2),(2,8,2),(2,9,1),(4,10,2),(0,11,2),(3,12,2),(3,13,1);
/*!40000 ALTER TABLE `AttributeSetKeys` ENABLE KEYS */;
UNLOCK TABLES;

--
-- Table structure for table `AttributeSets`
--

DROP TABLE IF EXISTS `AttributeSets`;
/*!40101 SET @saved_cs_client     = @@character_set_client */;
/*!40101 SET character_set_client = utf8 */;
CREATE TABLE `AttributeSets` (
  `asID` int(10) unsigned NOT NULL AUTO_INCREMENT,
  `asHandle` varchar(255) COLLATE utf8_unicode_ci NOT NULL,
  `asName` varchar(255) COLLATE utf8_unicode_ci NOT NULL,
  `asDisplayOrder` int(10) unsigned NOT NULL,
  `asIsLocked` tinyint(1) NOT NULL,
  `akCategoryID` int(10) unsigned DEFAULT NULL,
  `pkgID` int(10) unsigned DEFAULT NULL,
  PRIMARY KEY (`asID`),
  KEY `IDX_FCA02D5FB059B76B` (`akCategoryID`),
  KEY `asHandle` (`asHandle`),
  KEY `pkgID` (`pkgID`),
  CONSTRAINT `FK_FCA02D5FB059B76B` FOREIGN KEY (`akCategoryID`) REFERENCES `AttributeKeyCategories` (`akCategoryID`),
  CONSTRAINT `FK_FCA02D5FCE45CBB0` FOREIGN KEY (`pkgID`) REFERENCES `Packages` (`pkgID`)
) ENGINE=InnoDB AUTO_INCREMENT=3 DEFAULT CHARSET=utf8 COLLATE=utf8_unicode_ci;
/*!40101 SET character_set_client = @saved_cs_client */;

--
-- Dumping data for table `AttributeSets`
--

LOCK TABLES `AttributeSets` WRITE;
/*!40000 ALTER TABLE `AttributeSets` DISABLE KEYS */;
INSERT INTO `AttributeSets` VALUES (1,'seo','SEO',0,0,1,NULL),(2,'navigation','Navigation and Indexing',0,0,1,NULL);
/*!40000 ALTER TABLE `AttributeSets` ENABLE KEYS */;
UNLOCK TABLES;

--
-- Table structure for table `AttributeTypeCategories`
--

DROP TABLE IF EXISTS `AttributeTypeCategories`;
/*!40101 SET @saved_cs_client     = @@character_set_client */;
/*!40101 SET character_set_client = utf8 */;
CREATE TABLE `AttributeTypeCategories` (
  `akCategoryID` int(10) unsigned NOT NULL,
  `atID` int(10) unsigned NOT NULL,
  PRIMARY KEY (`akCategoryID`,`atID`),
  KEY `IDX_49A9CABEB059B76B` (`akCategoryID`),
  KEY `IDX_49A9CABEA12CFE33` (`atID`),
  CONSTRAINT `FK_49A9CABEA12CFE33` FOREIGN KEY (`atID`) REFERENCES `AttributeTypes` (`atID`),
  CONSTRAINT `FK_49A9CABEB059B76B` FOREIGN KEY (`akCategoryID`) REFERENCES `AttributeKeyCategories` (`akCategoryID`)
) ENGINE=InnoDB DEFAULT CHARSET=utf8 COLLATE=utf8_unicode_ci;
/*!40101 SET character_set_client = @saved_cs_client */;

--
-- Dumping data for table `AttributeTypeCategories`
--

LOCK TABLES `AttributeTypeCategories` WRITE;
/*!40000 ALTER TABLE `AttributeTypeCategories` DISABLE KEYS */;
INSERT INTO `AttributeTypeCategories` VALUES (1,1),(1,2),(1,3),(1,4),(1,5),(1,6),(1,7),(1,9),(1,10),(1,11),(1,12),(1,13),(1,15),(1,16),(1,17),(2,1),(2,2),(2,3),(2,4),(2,6),(2,7),(2,8),(2,9),(2,10),(2,11),(2,13),(2,14),(2,17),(3,1),(3,2),(3,3),(3,4),(3,6),(3,7),(3,9),(3,10),(3,11),(3,12),(3,13),(3,17),(4,1),(4,2),(4,3),(4,4),(4,5),(4,6),(4,7),(4,8),(4,9),(4,10),(4,11),(4,13),(4,15),(4,17),(5,1),(5,2),(5,3),(5,4),(5,5),(5,6),(5,7),(5,8),(5,9),(5,10),(5,11),(5,13);
/*!40000 ALTER TABLE `AttributeTypeCategories` ENABLE KEYS */;
UNLOCK TABLES;

--
-- Table structure for table `AttributeTypes`
--

DROP TABLE IF EXISTS `AttributeTypes`;
/*!40101 SET @saved_cs_client     = @@character_set_client */;
/*!40101 SET character_set_client = utf8 */;
CREATE TABLE `AttributeTypes` (
  `atID` int(10) unsigned NOT NULL AUTO_INCREMENT,
  `atHandle` varchar(255) COLLATE utf8_unicode_ci NOT NULL,
  `atName` varchar(255) COLLATE utf8_unicode_ci NOT NULL,
  `pkgID` int(10) unsigned DEFAULT NULL,
  PRIMARY KEY (`atID`),
  UNIQUE KEY `UNIQ_53580A7F46AA0F38` (`atHandle`),
  KEY `IDX_53580A7FCE45CBB0` (`pkgID`),
  KEY `pkgID` (`pkgID`,`atID`),
  CONSTRAINT `FK_53580A7FCE45CBB0` FOREIGN KEY (`pkgID`) REFERENCES `Packages` (`pkgID`)
) ENGINE=InnoDB AUTO_INCREMENT=18 DEFAULT CHARSET=utf8 COLLATE=utf8_unicode_ci;
/*!40101 SET character_set_client = @saved_cs_client */;

--
-- Dumping data for table `AttributeTypes`
--

LOCK TABLES `AttributeTypes` WRITE;
/*!40000 ALTER TABLE `AttributeTypes` DISABLE KEYS */;
INSERT INTO `AttributeTypes` VALUES (1,'text','Text',NULL),(2,'textarea','Text Area',NULL),(3,'boolean','Checkbox',NULL),(4,'date_time','Date/Time',NULL),(5,'image_file','Image/File',NULL),(6,'number','Number',NULL),(7,'select','Option List',NULL),(8,'address','Address',NULL),(9,'telephone','Phone Number',NULL),(10,'url','URL',NULL),(11,'email','Email',NULL),(12,'rating','Rating',NULL),(13,'topics','Topics',NULL),(14,'social_links','Social Links',NULL),(15,'calendar','Calendar',NULL),(16,'calendar_event','Calendar Event',NULL),(17,'express','Express Entity',NULL);
/*!40000 ALTER TABLE `AttributeTypes` ENABLE KEYS */;
UNLOCK TABLES;

--
-- Table structure for table `AttributeValues`
--

DROP TABLE IF EXISTS `AttributeValues`;
/*!40101 SET @saved_cs_client     = @@character_set_client */;
/*!40101 SET character_set_client = utf8 */;
CREATE TABLE `AttributeValues` (
  `avID` int(10) unsigned NOT NULL AUTO_INCREMENT,
  `akID` int(10) unsigned DEFAULT NULL,
  PRIMARY KEY (`avID`),
  KEY `IDX_DCCE7864B6561A7E` (`akID`),
  CONSTRAINT `FK_DCCE7864B6561A7E` FOREIGN KEY (`akID`) REFERENCES `AttributeKeys` (`akID`) ON DELETE CASCADE
) ENGINE=InnoDB AUTO_INCREMENT=180 DEFAULT CHARSET=utf8 COLLATE=utf8_unicode_ci;
/*!40101 SET character_set_client = @saved_cs_client */;

--
-- Dumping data for table `AttributeValues`
--

LOCK TABLES `AttributeValues` WRITE;
/*!40000 ALTER TABLE `AttributeValues` DISABLE KEYS */;
INSERT INTO `AttributeValues` VALUES (2,3),(3,3),(4,3),(5,3),(6,3),(7,3),(8,3),(10,3),(11,3),(12,3),(13,3),(14,3),(15,3),(17,3),(19,3),(20,3),(21,3),(22,3),(23,3),(26,3),(27,3),(28,3),(29,3),(38,3),(39,3),(40,3),(46,3),(49,3),(50,3),(51,3),(52,3),(53,3),(54,3),(56,3),(57,3),(58,3),(59,3),(60,3),(61,3),(62,3),(63,3),(64,3),(65,3),(67,3),(68,3),(83,3),(84,3),(85,3),(86,3),(87,3),(88,3),(89,3),(90,3),(91,3),(93,3),(94,3),(95,3),(96,3),(97,3),(98,3),(99,3),(100,3),(101,3),(102,3),(104,3),(105,3),(106,3),(107,3),(108,3),(109,3),(110,3),(111,3),(112,3),(113,3),(114,3),(115,3),(116,3),(117,3),(118,3),(119,3),(120,3),(121,3),(122,3),(123,3),(125,3),(126,3),(127,3),(128,3),(129,3),(130,3),(131,3),(132,4),(139,4),(133,5),(140,5),(1,6),(45,6),(135,6),(136,6),(137,6),(138,6),(9,7),(16,7),(18,7),(24,7),(30,7),(31,7),(32,7),(33,7),(34,7),(35,7),(36,7),(37,7),(41,7),(43,7),(47,7),(55,7),(66,7),(69,7),(71,7),(73,7),(75,7),(77,7),(79,7),(81,7),(92,7),(103,7),(134,7),(141,7),(150,7),(25,12),(42,12),(44,12),(48,12),(70,12),(72,12),(74,12),(76,12),(78,12),(80,12),(82,12),(124,12),(142,16),(144,16),(146,16),(148,16),(151,16),(153,16),(155,16),(157,16),(159,16),(161,16),(163,16),(165,16),(167,16),(169,16),(172,16),(175,16),(143,17),(145,17),(147,17),(149,17),(152,17),(154,17),(156,17),(158,17),(160,17),(162,17),(164,17),(166,17),(168,17),(170,17),(173,17),(176,17),(171,20),(174,20),(177,20),(179,20);
/*!40000 ALTER TABLE `AttributeValues` ENABLE KEYS */;
UNLOCK TABLES;

--
-- Table structure for table `AuthenticationTypes`
--

DROP TABLE IF EXISTS `AuthenticationTypes`;
/*!40101 SET @saved_cs_client     = @@character_set_client */;
/*!40101 SET character_set_client = utf8 */;
CREATE TABLE `AuthenticationTypes` (
  `authTypeID` int(10) unsigned NOT NULL AUTO_INCREMENT,
  `authTypeHandle` varchar(255) COLLATE utf8_unicode_ci NOT NULL,
  `authTypeName` varchar(255) COLLATE utf8_unicode_ci NOT NULL,
  `authTypeIsEnabled` tinyint(1) NOT NULL,
  `authTypeDisplayOrder` int(10) unsigned DEFAULT NULL,
  `pkgID` int(10) unsigned DEFAULT NULL,
  PRIMARY KEY (`authTypeID`),
  UNIQUE KEY `authTypeHandle` (`authTypeHandle`),
  KEY `pkgID` (`pkgID`)
) ENGINE=InnoDB AUTO_INCREMENT=6 DEFAULT CHARSET=utf8 COLLATE=utf8_unicode_ci;
/*!40101 SET character_set_client = @saved_cs_client */;

--
-- Dumping data for table `AuthenticationTypes`
--

LOCK TABLES `AuthenticationTypes` WRITE;
/*!40000 ALTER TABLE `AuthenticationTypes` DISABLE KEYS */;
INSERT INTO `AuthenticationTypes` VALUES (1,'concrete','Standard',1,0,0),(2,'community','concrete5.org',0,0,0),(3,'facebook','Facebook',0,0,0),(4,'twitter','Twitter',0,0,0),(5,'google','Google',0,0,0);
/*!40000 ALTER TABLE `AuthenticationTypes` ENABLE KEYS */;
UNLOCK TABLES;

--
-- Table structure for table `BannedWords`
--

DROP TABLE IF EXISTS `BannedWords`;
/*!40101 SET @saved_cs_client     = @@character_set_client */;
/*!40101 SET character_set_client = utf8 */;
CREATE TABLE `BannedWords` (
  `bwID` int(10) unsigned NOT NULL AUTO_INCREMENT,
  `bannedWord` longtext COLLATE utf8_unicode_ci NOT NULL,
  PRIMARY KEY (`bwID`)
) ENGINE=InnoDB AUTO_INCREMENT=5 DEFAULT CHARSET=utf8 COLLATE=utf8_unicode_ci;
/*!40101 SET character_set_client = @saved_cs_client */;

--
-- Dumping data for table `BannedWords`
--

LOCK TABLES `BannedWords` WRITE;
/*!40000 ALTER TABLE `BannedWords` DISABLE KEYS */;
INSERT INTO `BannedWords` VALUES (1,'fuck'),(2,'shit'),(3,'bitch'),(4,'ass');
/*!40000 ALTER TABLE `BannedWords` ENABLE KEYS */;
UNLOCK TABLES;

--
-- Table structure for table `BasicWorkflowPermissionAssignments`
--

DROP TABLE IF EXISTS `BasicWorkflowPermissionAssignments`;
/*!40101 SET @saved_cs_client     = @@character_set_client */;
/*!40101 SET character_set_client = utf8 */;
CREATE TABLE `BasicWorkflowPermissionAssignments` (
  `wfID` int(10) unsigned NOT NULL DEFAULT '0',
  `pkID` int(10) unsigned NOT NULL DEFAULT '0',
  `paID` int(10) unsigned NOT NULL DEFAULT '0',
  PRIMARY KEY (`wfID`,`pkID`,`paID`),
  KEY `pkID` (`pkID`),
  KEY `paID` (`paID`)
) ENGINE=InnoDB DEFAULT CHARSET=utf8 COLLATE=utf8_unicode_ci;
/*!40101 SET character_set_client = @saved_cs_client */;

--
-- Dumping data for table `BasicWorkflowPermissionAssignments`
--

LOCK TABLES `BasicWorkflowPermissionAssignments` WRITE;
/*!40000 ALTER TABLE `BasicWorkflowPermissionAssignments` DISABLE KEYS */;
/*!40000 ALTER TABLE `BasicWorkflowPermissionAssignments` ENABLE KEYS */;
UNLOCK TABLES;

--
-- Table structure for table `BasicWorkflowProgressData`
--

DROP TABLE IF EXISTS `BasicWorkflowProgressData`;
/*!40101 SET @saved_cs_client     = @@character_set_client */;
/*!40101 SET character_set_client = utf8 */;
CREATE TABLE `BasicWorkflowProgressData` (
  `wpID` int(10) unsigned NOT NULL DEFAULT '0',
  `uIDStarted` int(10) unsigned NOT NULL DEFAULT '0',
  `uIDCompleted` int(10) unsigned NOT NULL DEFAULT '0',
  `wpDateCompleted` datetime DEFAULT NULL,
  PRIMARY KEY (`wpID`),
  KEY `uIDStarted` (`uIDStarted`),
  KEY `uIDCompleted` (`uIDCompleted`)
) ENGINE=InnoDB DEFAULT CHARSET=utf8 COLLATE=utf8_unicode_ci;
/*!40101 SET character_set_client = @saved_cs_client */;

--
-- Dumping data for table `BasicWorkflowProgressData`
--

LOCK TABLES `BasicWorkflowProgressData` WRITE;
/*!40000 ALTER TABLE `BasicWorkflowProgressData` DISABLE KEYS */;
/*!40000 ALTER TABLE `BasicWorkflowProgressData` ENABLE KEYS */;
UNLOCK TABLES;

--
-- Table structure for table `BlockFeatureAssignments`
--

DROP TABLE IF EXISTS `BlockFeatureAssignments`;
/*!40101 SET @saved_cs_client     = @@character_set_client */;
/*!40101 SET character_set_client = utf8 */;
CREATE TABLE `BlockFeatureAssignments` (
  `cID` int(10) unsigned NOT NULL DEFAULT '0',
  `cvID` int(10) unsigned NOT NULL DEFAULT '0',
  `bID` int(10) unsigned NOT NULL DEFAULT '0',
  `faID` int(10) unsigned NOT NULL DEFAULT '0',
  PRIMARY KEY (`cID`,`cvID`,`bID`,`faID`),
  KEY `faID` (`faID`,`cID`,`cvID`),
  KEY `bID` (`bID`)
) ENGINE=InnoDB DEFAULT CHARSET=utf8 COLLATE=utf8_unicode_ci;
/*!40101 SET character_set_client = @saved_cs_client */;

--
-- Dumping data for table `BlockFeatureAssignments`
--

LOCK TABLES `BlockFeatureAssignments` WRITE;
/*!40000 ALTER TABLE `BlockFeatureAssignments` DISABLE KEYS */;
/*!40000 ALTER TABLE `BlockFeatureAssignments` ENABLE KEYS */;
UNLOCK TABLES;

--
-- Table structure for table `BlockPermissionAssignments`
--

DROP TABLE IF EXISTS `BlockPermissionAssignments`;
/*!40101 SET @saved_cs_client     = @@character_set_client */;
/*!40101 SET character_set_client = utf8 */;
CREATE TABLE `BlockPermissionAssignments` (
  `cID` int(10) unsigned NOT NULL DEFAULT '0',
  `cvID` int(10) unsigned NOT NULL DEFAULT '0',
  `bID` int(10) unsigned NOT NULL DEFAULT '0',
  `pkID` int(10) unsigned NOT NULL DEFAULT '0',
  `paID` int(10) unsigned NOT NULL DEFAULT '0',
  PRIMARY KEY (`cID`,`cvID`,`bID`,`pkID`,`paID`),
  KEY `bID` (`bID`),
  KEY `pkID` (`pkID`),
  KEY `paID` (`paID`)
) ENGINE=InnoDB DEFAULT CHARSET=utf8 COLLATE=utf8_unicode_ci;
/*!40101 SET character_set_client = @saved_cs_client */;

--
-- Dumping data for table `BlockPermissionAssignments`
--

LOCK TABLES `BlockPermissionAssignments` WRITE;
/*!40000 ALTER TABLE `BlockPermissionAssignments` DISABLE KEYS */;
/*!40000 ALTER TABLE `BlockPermissionAssignments` ENABLE KEYS */;
UNLOCK TABLES;

--
-- Table structure for table `BlockTypePermissionBlockTypeAccessList`
--

DROP TABLE IF EXISTS `BlockTypePermissionBlockTypeAccessList`;
/*!40101 SET @saved_cs_client     = @@character_set_client */;
/*!40101 SET character_set_client = utf8 */;
CREATE TABLE `BlockTypePermissionBlockTypeAccessList` (
  `paID` int(10) unsigned NOT NULL DEFAULT '0',
  `peID` int(10) unsigned NOT NULL DEFAULT '0',
  `permission` varchar(1) COLLATE utf8_unicode_ci NOT NULL DEFAULT '1',
  PRIMARY KEY (`paID`,`peID`),
  KEY `peID` (`peID`)
) ENGINE=InnoDB DEFAULT CHARSET=utf8 COLLATE=utf8_unicode_ci;
/*!40101 SET character_set_client = @saved_cs_client */;

--
-- Dumping data for table `BlockTypePermissionBlockTypeAccessList`
--

LOCK TABLES `BlockTypePermissionBlockTypeAccessList` WRITE;
/*!40000 ALTER TABLE `BlockTypePermissionBlockTypeAccessList` DISABLE KEYS */;
/*!40000 ALTER TABLE `BlockTypePermissionBlockTypeAccessList` ENABLE KEYS */;
UNLOCK TABLES;

--
-- Table structure for table `BlockTypePermissionBlockTypeAccessListCustom`
--

DROP TABLE IF EXISTS `BlockTypePermissionBlockTypeAccessListCustom`;
/*!40101 SET @saved_cs_client     = @@character_set_client */;
/*!40101 SET character_set_client = utf8 */;
CREATE TABLE `BlockTypePermissionBlockTypeAccessListCustom` (
  `paID` int(10) unsigned NOT NULL DEFAULT '0',
  `peID` int(10) unsigned NOT NULL DEFAULT '0',
  `btID` int(10) unsigned NOT NULL DEFAULT '0',
  PRIMARY KEY (`paID`,`peID`,`btID`),
  KEY `peID` (`peID`),
  KEY `btID` (`btID`)
) ENGINE=InnoDB DEFAULT CHARSET=utf8 COLLATE=utf8_unicode_ci;
/*!40101 SET character_set_client = @saved_cs_client */;

--
-- Dumping data for table `BlockTypePermissionBlockTypeAccessListCustom`
--

LOCK TABLES `BlockTypePermissionBlockTypeAccessListCustom` WRITE;
/*!40000 ALTER TABLE `BlockTypePermissionBlockTypeAccessListCustom` DISABLE KEYS */;
/*!40000 ALTER TABLE `BlockTypePermissionBlockTypeAccessListCustom` ENABLE KEYS */;
UNLOCK TABLES;

--
-- Table structure for table `BlockTypeSetBlockTypes`
--

DROP TABLE IF EXISTS `BlockTypeSetBlockTypes`;
/*!40101 SET @saved_cs_client     = @@character_set_client */;
/*!40101 SET character_set_client = utf8 */;
CREATE TABLE `BlockTypeSetBlockTypes` (
  `btID` int(10) unsigned NOT NULL DEFAULT '0',
  `btsID` int(10) unsigned NOT NULL DEFAULT '0',
  `displayOrder` int(10) unsigned NOT NULL DEFAULT '0',
  PRIMARY KEY (`btID`,`btsID`),
  KEY `btsID` (`btsID`,`displayOrder`)
) ENGINE=InnoDB DEFAULT CHARSET=utf8 COLLATE=utf8_unicode_ci;
/*!40101 SET character_set_client = @saved_cs_client */;

--
-- Dumping data for table `BlockTypeSetBlockTypes`
--

LOCK TABLES `BlockTypeSetBlockTypes` WRITE;
/*!40000 ALTER TABLE `BlockTypeSetBlockTypes` DISABLE KEYS */;
INSERT INTO `BlockTypeSetBlockTypes` VALUES (14,1,0),(31,1,1),(33,1,2),(18,1,3),(32,1,4),(25,1,5),(13,2,0),(24,2,1),(34,2,2),(36,2,3),(35,2,4),(15,2,5),(42,2,6),(26,2,7),(37,2,8),(41,2,9),(22,3,0),(38,3,1),(17,3,2),(20,4,0),(21,4,1),(40,5,0),(5,5,1),(27,5,2),(28,5,3),(29,5,4),(45,6,0),(46,6,1),(47,6,2),(19,7,0),(39,7,1),(43,7,2),(16,7,3),(44,7,4),(30,7,5),(6,8,0),(8,8,1),(9,8,2),(10,8,3),(11,8,4),(12,8,5),(7,8,6);
/*!40000 ALTER TABLE `BlockTypeSetBlockTypes` ENABLE KEYS */;
UNLOCK TABLES;

--
-- Table structure for table `BlockTypeSets`
--

DROP TABLE IF EXISTS `BlockTypeSets`;
/*!40101 SET @saved_cs_client     = @@character_set_client */;
/*!40101 SET character_set_client = utf8 */;
CREATE TABLE `BlockTypeSets` (
  `btsID` int(10) unsigned NOT NULL AUTO_INCREMENT,
  `btsName` varchar(255) COLLATE utf8_unicode_ci DEFAULT NULL,
  `btsHandle` varchar(255) COLLATE utf8_unicode_ci NOT NULL,
  `pkgID` int(10) unsigned NOT NULL DEFAULT '0',
  `btsDisplayOrder` int(10) unsigned NOT NULL DEFAULT '0',
  PRIMARY KEY (`btsID`),
  UNIQUE KEY `btsHandle` (`btsHandle`),
  KEY `btsDisplayOrder` (`btsDisplayOrder`),
  KEY `pkgID` (`pkgID`)
) ENGINE=InnoDB AUTO_INCREMENT=9 DEFAULT CHARSET=utf8 COLLATE=utf8_unicode_ci;
/*!40101 SET character_set_client = @saved_cs_client */;

--
-- Dumping data for table `BlockTypeSets`
--

LOCK TABLES `BlockTypeSets` WRITE;
/*!40000 ALTER TABLE `BlockTypeSets` DISABLE KEYS */;
INSERT INTO `BlockTypeSets` VALUES (1,'Basic','basic',0,0),(2,'Navigation','navigation',0,0),(3,'Forms','form',0,0),(4,'Express','express',0,0),(5,'Social Networking','social',0,0),(6,'Calendar & Events','calendar',0,0),(7,'Multimedia','multimedia',0,0),(8,'Desktop','core_desktop',0,0);
/*!40000 ALTER TABLE `BlockTypeSets` ENABLE KEYS */;
UNLOCK TABLES;

--
-- Table structure for table `BlockTypes`
--

DROP TABLE IF EXISTS `BlockTypes`;
/*!40101 SET @saved_cs_client     = @@character_set_client */;
/*!40101 SET character_set_client = utf8 */;
CREATE TABLE `BlockTypes` (
  `btIgnorePageThemeGridFrameworkContainer` tinyint(1) NOT NULL,
  `btID` int(11) NOT NULL AUTO_INCREMENT,
  `btHandle` varchar(128) COLLATE utf8_unicode_ci NOT NULL,
  `btName` varchar(128) COLLATE utf8_unicode_ci NOT NULL,
  `btDescription` longtext COLLATE utf8_unicode_ci NOT NULL,
  `btCopyWhenPropagate` tinyint(1) NOT NULL,
  `btIncludeAll` tinyint(1) NOT NULL,
  `btIsInternal` tinyint(1) NOT NULL,
  `btSupportsInlineEdit` tinyint(1) NOT NULL,
  `btSupportsInlineAdd` tinyint(1) NOT NULL,
  `btDisplayOrder` int(11) NOT NULL,
  `btInterfaceHeight` int(11) NOT NULL,
  `btInterfaceWidth` int(11) NOT NULL,
  `pkgID` int(10) unsigned NOT NULL,
  PRIMARY KEY (`btID`)
) ENGINE=InnoDB AUTO_INCREMENT=64 DEFAULT CHARSET=utf8 COLLATE=utf8_unicode_ci;
/*!40101 SET character_set_client = @saved_cs_client */;

--
-- Dumping data for table `BlockTypes`
--

LOCK TABLES `BlockTypes` WRITE;
/*!40000 ALTER TABLE `BlockTypes` DISABLE KEYS */;
INSERT INTO `BlockTypes` VALUES (0,1,'core_area_layout','Area Layout','Proxy block for area layouts.',0,0,1,1,1,0,400,400,0),(0,2,'core_page_type_composer_control_output','Composer Control','Proxy block for blocks that need to be output through composer.',0,0,1,0,0,0,400,400,0),(0,3,'core_scrapbook_display','Scrapbook Display','Proxy block for blocks pasted through the scrapbook.',0,0,1,0,0,0,400,400,0),(0,4,'core_stack_display','Stack Display','Proxy block for stacks added through the UI.',0,0,1,0,0,0,400,400,0),(0,5,'core_conversation','Conversation','Displays conversations on a page.',1,0,0,0,0,31,400,450,0),(0,6,'desktop_app_status','concrete5 Status Messages','Displays alerts about your concrete5 site and package updates.',0,0,0,0,0,30,400,400,0),(0,7,'desktop_newsflow_latest','Dashboard Newsflow Latest','Grabs the latest newsflow data from concrete5.org.',0,0,0,0,0,29,400,400,0),(0,8,'desktop_site_activity','Site Activity','Displays a graph of recent activity on your site.',0,0,0,0,0,28,560,450,0),(0,9,'desktop_featured_addon','Dashboard Featured Add-On','Features an add-on from concrete5.org.',0,0,0,0,0,27,100,300,0),(0,10,'desktop_featured_theme','Dashboard Featured Theme','Features a theme from concrete5.org.',0,0,0,0,0,26,100,300,0),(0,11,'desktop_latest_form','Latest Form','Shows the latest form submission.',0,0,0,0,0,25,400,400,0),(0,12,'desktop_waiting_for_me','Waiting for Me','Displays workflow actions waiting for you.',0,0,0,0,0,32,560,450,0),(0,13,'autonav','Auto-Nav','Creates navigation trees and sitemaps.',0,0,0,0,0,33,525,700,0),(0,14,'content','Content','HTML/WYSIWYG Editor Content.',0,0,0,1,1,43,465,600,0),(0,15,'date_navigation','Date Navigation','Displays a list of months to filter a page list by.',0,0,0,0,0,42,450,400,0),(0,16,'document_library','Document Library','Add a searchable document library to a page.',0,0,0,0,0,41,400,640,0),(0,17,'external_form','External Form','Include external forms in the filesystem and place them on pages.',0,0,0,0,0,40,175,420,0),(0,18,'file','File','Link to files stored in the asset library.',0,0,0,0,0,39,320,300,0),(0,19,'page_attribute_display','Page Attribute Display','Displays the value of a page attribute for the current page.',0,0,0,0,0,38,365,500,0),(0,20,'express_entry_list','Express Entry List','Add a searchable Express entry list to a page.',0,0,0,0,0,37,400,640,0),(0,21,'express_entry_detail','Express Entry Detail','Add an Express entry detail display to a page.',0,0,0,0,0,36,400,640,0),(0,22,'express_form','Form','Build simple forms and surveys.',0,0,0,0,0,35,700,640,0),(0,23,'form','Legacy Form','Build simple forms and surveys.',1,0,0,0,0,34,430,420,0),(0,24,'page_title','Page Title','Displays a Page\'s Title',0,0,0,0,0,24,500,470,0),(0,25,'feature','Feature','Displays an icon, a title, and a short paragraph description.',0,0,0,0,0,23,520,400,0),(0,26,'topic_list','Topic List','Displays a list of your site\'s topics, allowing you to click on them to filter a page list.',0,0,0,0,0,10,400,400,0),(0,27,'social_links','Social Links','Allows users to add social icons to their website',0,0,0,0,0,9,400,400,0),(0,28,'testimonial','Testimonial','Displays a quote or paragraph next to biographical information and a person\'s picture.',0,0,0,0,0,8,560,450,0),(0,29,'share_this_page','Share This Page','Allows users to share this page with social networks.',0,0,0,0,0,7,400,400,0),(0,30,'google_map','Google Map','Enter an address and a Google Map of that location will be placed in your page.',0,0,0,0,0,6,550,475,0),(1,31,'html','HTML','For adding HTML by hand.',0,0,0,0,0,5,500,600,0),(1,32,'horizontal_rule','Horizontal Rule','Adds a thin hairline horizontal divider to the page.',0,0,0,0,0,4,400,400,0),(0,33,'image','Image','Adds images and onstates from the library to pages.',0,0,0,0,0,3,550,400,0),(0,34,'faq','FAQ','Frequently Asked Questions Block',0,0,0,0,0,2,465,600,0),(0,35,'next_previous','Next & Previous Nav','Navigate through sibling pages.',0,0,0,0,0,1,400,430,0),(0,36,'page_list','Page List','List pages based on type, area.',0,0,0,0,0,11,525,700,0),(0,37,'rss_displayer','RSS Displayer','Fetch, parse and display the contents of an RSS or Atom feed.',0,0,0,0,0,12,550,400,0),(0,38,'search','Search','Add a search box to your site.',0,0,0,0,0,22,420,400,0),(1,39,'image_slider','Image Slider','Display your images and captions in an attractive slideshow format.',0,0,0,0,0,21,550,600,0),(0,40,'survey','Survey','Provide a simple survey, along with results in a pie chart format.',0,0,0,0,0,20,500,500,0),(0,41,'switch_language','Switch Language','Adds a front-end language switcher to your website.',0,0,0,0,0,19,150,500,0),(0,42,'tags','Tags','List pages based on type, area.',0,0,0,0,0,18,439,450,0),(0,43,'video','Video Player','Embeds uploaded video into a web page. Supports WebM, Ogg, and Quicktime/MPEG4 formats.',0,0,0,0,0,17,440,450,0),(0,44,'youtube','YouTube Video','Embeds a YouTube Video in your web page.',0,0,0,0,0,16,490,400,0),(0,45,'calendar','Calendar','Displays a month view calendar on a page.',0,0,0,0,0,15,340,500,0),(0,46,'event_list','Event List','Displays a list of events from a calendar.',0,0,0,0,0,14,340,500,0),(0,47,'calendar_event','Calendar Event','Displays a calendar event on a page.',0,0,0,0,0,13,400,550,0),(0,62,'google_calendar','Google Calendar','Block displays Google Calendars in a full calendar view.',0,0,0,0,0,0,300,300,16),(0,63,'google_calendar_events','Google Event List','Block that displays events pulled from Google Calendar in a list view.',0,0,0,0,0,0,600,600,16);
/*!40000 ALTER TABLE `BlockTypes` ENABLE KEYS */;
UNLOCK TABLES;

--
-- Table structure for table `Blocks`
--

DROP TABLE IF EXISTS `Blocks`;
/*!40101 SET @saved_cs_client     = @@character_set_client */;
/*!40101 SET character_set_client = utf8 */;
CREATE TABLE `Blocks` (
  `bID` int(10) unsigned NOT NULL AUTO_INCREMENT,
  `bName` varchar(60) COLLATE utf8_unicode_ci DEFAULT NULL,
  `bDateAdded` datetime NOT NULL DEFAULT '1000-01-01 00:00:00',
  `bDateModified` datetime NOT NULL DEFAULT '1000-01-01 00:00:00',
  `bFilename` varchar(255) COLLATE utf8_unicode_ci DEFAULT NULL,
  `bIsActive` varchar(1) COLLATE utf8_unicode_ci NOT NULL DEFAULT '1',
  `btID` int(10) unsigned NOT NULL DEFAULT '0',
  `uID` int(10) unsigned DEFAULT NULL,
  `btCachedBlockRecord` longtext COLLATE utf8_unicode_ci,
  PRIMARY KEY (`bID`),
  KEY `btID` (`btID`),
  KEY `uID` (`uID`)
) ENGINE=InnoDB AUTO_INCREMENT=79 DEFAULT CHARSET=utf8 COLLATE=utf8_unicode_ci;
/*!40101 SET character_set_client = @saved_cs_client */;

--
-- Dumping data for table `Blocks`
--

LOCK TABLES `Blocks` WRITE;
/*!40000 ALTER TABLE `Blocks` DISABLE KEYS */;
INSERT INTO `Blocks` VALUES (1,'','2018-02-07 03:03:23','2018-02-07 03:03:23',NULL,'0',6,1,NULL),(2,'','2018-02-07 03:03:23','2018-02-07 03:03:23',NULL,'0',1,1,NULL),(3,'','2018-02-07 03:03:23','2018-02-07 03:03:23',NULL,'0',11,1,NULL),(4,'','2018-02-07 03:03:23','2018-02-07 03:03:23',NULL,'0',9,1,NULL),(5,'','2018-02-07 03:03:23','2018-02-07 03:03:23',NULL,'0',8,1,NULL),(6,'','2018-02-07 03:03:23','2018-02-07 03:03:23',NULL,'0',1,1,NULL),(7,'','2018-02-07 03:03:23','2018-02-07 03:03:23',NULL,'0',37,1,NULL),(8,'','2018-02-07 03:03:23','2018-02-07 03:03:23',NULL,'0',10,1,NULL),(9,'','2018-02-07 03:03:23','2018-02-07 03:03:23',NULL,'0',1,1,NULL),(10,'','2018-02-07 03:03:23','2018-02-07 03:03:23',NULL,'0',7,1,NULL),(11,'','2018-02-07 03:03:23','2018-02-07 03:03:23',NULL,'0',7,1,NULL),(12,'','2018-02-07 03:03:23','2018-02-07 03:03:23',NULL,'0',7,1,NULL),(13,'','2018-02-07 03:03:23','2018-02-07 03:03:23',NULL,'0',37,1,NULL),(14,'','2018-02-07 03:03:23','2018-02-07 03:03:23',NULL,'0',12,1,NULL),(15,'','2018-02-07 03:03:23','2018-02-07 03:03:23',NULL,'0',12,1,NULL),(16,'','2018-02-07 03:03:25','2018-02-07 03:03:25',NULL,'0',2,1,NULL),(18,'','2018-02-07 03:10:03','2018-02-07 03:10:03',NULL,'0',14,1,NULL),(20,'','2018-02-07 03:10:14','2018-02-07 03:10:14',NULL,'0',14,1,NULL),(22,'','2018-02-07 03:10:26','2018-02-07 03:10:26',NULL,'0',14,1,NULL),(24,'','2018-02-07 03:10:39','2018-02-07 03:10:39',NULL,'0',14,1,NULL),(26,'','2018-02-07 03:10:55','2018-02-07 03:10:55',NULL,'0',14,1,NULL),(28,'','2018-02-07 03:11:04','2018-02-07 03:11:04',NULL,'0',14,1,NULL),(30,'','2018-02-07 03:11:46','2018-02-07 03:11:46',NULL,'0',14,1,NULL),(34,'','2018-02-07 03:14:24','2018-02-07 03:14:24',NULL,'0',14,1,NULL),(36,'','2018-02-07 03:14:48','2018-02-07 03:14:48',NULL,'0',14,1,NULL),(37,'','2018-02-07 03:17:51','2018-02-07 03:17:51',NULL,'0',13,1,NULL),(38,'','2018-02-07 03:18:04','2018-02-07 03:18:04','responsive_header_navigation','1',13,1,NULL),(41,'','2018-02-24 14:58:17','2018-02-24 14:58:17','templates/home_feature','0',25,1,NULL),(43,'','2018-02-24 15:01:24','2018-02-24 15:05:11','home_feature.php','0',25,1,NULL),(46,'','2018-02-24 15:04:00','2018-02-24 15:04:45','home_feature.php','0',25,1,NULL),(47,'','2018-02-24 15:04:27','2018-02-24 15:04:58','home_feature.php','0',25,1,NULL),(48,'','2018-02-24 15:05:31','2018-02-24 15:05:31','home_feature.php','1',25,1,NULL),(49,'','2018-02-24 15:54:26','2018-02-24 15:54:26',NULL,'0',63,1,NULL),(50,'','2018-02-24 16:31:08','2018-02-24 16:31:08','home_feature.php','1',25,1,NULL),(51,'','2018-03-02 01:41:54','2018-03-02 01:41:54','upcoming_events.php','1',63,1,NULL),(52,'','2018-03-02 02:35:52','2018-03-02 02:35:52','upcoming_events.php','1',63,1,NULL),(54,'','2018-03-03 21:19:19','2018-03-03 21:19:19',NULL,'0',14,1,NULL),(56,'','2018-03-25 18:54:18','2018-03-25 18:54:24','upcoming_events.php','1',63,1,NULL),(59,'','2018-03-25 19:48:19','2018-03-25 19:48:19',NULL,'0',14,1,NULL),(61,'','2018-03-25 19:48:51','2018-03-25 19:48:51',NULL,'0',14,1,NULL),(63,'','2018-03-25 19:49:03','2018-03-25 19:49:03',NULL,'0',14,1,NULL),(65,'','2018-03-25 19:49:18','2018-03-25 19:49:18',NULL,'0',14,1,NULL),(66,'','2018-03-25 19:51:38','2018-03-25 19:51:38',NULL,'0',14,1,NULL),(67,'','2018-03-25 19:52:27','2018-03-25 19:52:27',NULL,'1',14,1,NULL),(68,'','2018-03-25 19:59:39','2018-03-25 19:59:50','home_feature.php','1',25,1,NULL),(69,'','2018-07-04 17:04:22','2018-07-04 17:04:22','upcoming_events.php','1',63,1,NULL),(70,'','2018-07-04 17:47:38','2018-07-04 17:47:38','upcoming_events.php','1',63,1,NULL),(71,'','2018-07-04 17:48:01','2018-07-04 17:48:11','upcoming_events.php','1',63,1,NULL),(72,'','2018-07-04 17:48:27','2018-07-04 17:48:27','upcoming_events.php','1',63,1,NULL),(74,'','2018-07-04 17:53:58','2018-07-04 17:53:58',NULL,'0',62,1,NULL),(75,'','2018-07-04 17:54:34','2018-07-04 17:54:34',NULL,'1',62,1,NULL),(76,'','2018-07-04 17:59:46','2018-07-04 17:59:46','upcoming_events.php','1',63,1,NULL),(78,'','2018-07-04 19:42:11','2018-07-04 19:42:11',NULL,'1',62,1,NULL);
/*!40000 ALTER TABLE `Blocks` ENABLE KEYS */;
UNLOCK TABLES;

--
-- Table structure for table `CalendarEventAttributeKeys`
--

DROP TABLE IF EXISTS `CalendarEventAttributeKeys`;
/*!40101 SET @saved_cs_client     = @@character_set_client */;
/*!40101 SET character_set_client = utf8 */;
CREATE TABLE `CalendarEventAttributeKeys` (
  `akID` int(10) unsigned NOT NULL,
  PRIMARY KEY (`akID`),
  CONSTRAINT `FK_27F477CCB6561A7E` FOREIGN KEY (`akID`) REFERENCES `AttributeKeys` (`akID`) ON DELETE CASCADE
) ENGINE=InnoDB DEFAULT CHARSET=utf8 COLLATE=utf8_unicode_ci;
/*!40101 SET character_set_client = @saved_cs_client */;

--
-- Dumping data for table `CalendarEventAttributeKeys`
--

LOCK TABLES `CalendarEventAttributeKeys` WRITE;
/*!40000 ALTER TABLE `CalendarEventAttributeKeys` DISABLE KEYS */;
/*!40000 ALTER TABLE `CalendarEventAttributeKeys` ENABLE KEYS */;
UNLOCK TABLES;

--
-- Table structure for table `CalendarEventOccurrences`
--

DROP TABLE IF EXISTS `CalendarEventOccurrences`;
/*!40101 SET @saved_cs_client     = @@character_set_client */;
/*!40101 SET character_set_client = utf8 */;
CREATE TABLE `CalendarEventOccurrences` (
  `occurrenceID` int(10) unsigned NOT NULL AUTO_INCREMENT,
  `startTime` int(11) NOT NULL,
  `endTime` int(11) NOT NULL,
  `cancelled` tinyint(1) NOT NULL,
  `repetitionID` int(10) unsigned DEFAULT NULL,
  PRIMARY KEY (`occurrenceID`),
  KEY `IDX_7DD686EC31391E00` (`repetitionID`),
  KEY `eventdates` (`occurrenceID`,`startTime`,`endTime`),
  CONSTRAINT `FK_7DD686EC31391E00` FOREIGN KEY (`repetitionID`) REFERENCES `CalendarEventRepetitions` (`repetitionID`)
) ENGINE=InnoDB DEFAULT CHARSET=utf8 COLLATE=utf8_unicode_ci;
/*!40101 SET character_set_client = @saved_cs_client */;

--
-- Dumping data for table `CalendarEventOccurrences`
--

LOCK TABLES `CalendarEventOccurrences` WRITE;
/*!40000 ALTER TABLE `CalendarEventOccurrences` DISABLE KEYS */;
/*!40000 ALTER TABLE `CalendarEventOccurrences` ENABLE KEYS */;
UNLOCK TABLES;

--
-- Table structure for table `CalendarEventRepetitions`
--

DROP TABLE IF EXISTS `CalendarEventRepetitions`;
/*!40101 SET @saved_cs_client     = @@character_set_client */;
/*!40101 SET character_set_client = utf8 */;
CREATE TABLE `CalendarEventRepetitions` (
  `repetitionID` int(10) unsigned NOT NULL AUTO_INCREMENT,
  `repetitionObject` longtext COLLATE utf8_unicode_ci NOT NULL COMMENT '(DC2Type:object)',
  PRIMARY KEY (`repetitionID`)
) ENGINE=InnoDB DEFAULT CHARSET=utf8 COLLATE=utf8_unicode_ci;
/*!40101 SET character_set_client = @saved_cs_client */;

--
-- Dumping data for table `CalendarEventRepetitions`
--

LOCK TABLES `CalendarEventRepetitions` WRITE;
/*!40000 ALTER TABLE `CalendarEventRepetitions` DISABLE KEYS */;
/*!40000 ALTER TABLE `CalendarEventRepetitions` ENABLE KEYS */;
UNLOCK TABLES;

--
-- Table structure for table `CalendarEventSearchIndexAttributes`
--

DROP TABLE IF EXISTS `CalendarEventSearchIndexAttributes`;
/*!40101 SET @saved_cs_client     = @@character_set_client */;
/*!40101 SET character_set_client = utf8 */;
CREATE TABLE `CalendarEventSearchIndexAttributes` (
  `eventID` int(10) unsigned NOT NULL DEFAULT '0',
  PRIMARY KEY (`eventID`)
) ENGINE=InnoDB DEFAULT CHARSET=utf8 COLLATE=utf8_unicode_ci;
/*!40101 SET character_set_client = @saved_cs_client */;

--
-- Dumping data for table `CalendarEventSearchIndexAttributes`
--

LOCK TABLES `CalendarEventSearchIndexAttributes` WRITE;
/*!40000 ALTER TABLE `CalendarEventSearchIndexAttributes` DISABLE KEYS */;
/*!40000 ALTER TABLE `CalendarEventSearchIndexAttributes` ENABLE KEYS */;
UNLOCK TABLES;

--
-- Table structure for table `CalendarEventVersionAttributeValues`
--

DROP TABLE IF EXISTS `CalendarEventVersionAttributeValues`;
/*!40101 SET @saved_cs_client     = @@character_set_client */;
/*!40101 SET character_set_client = utf8 */;
CREATE TABLE `CalendarEventVersionAttributeValues` (
  `eventVersionID` int(10) unsigned NOT NULL,
  `akID` int(10) unsigned NOT NULL,
  `avID` int(10) unsigned DEFAULT NULL,
  PRIMARY KEY (`eventVersionID`,`akID`),
  KEY `IDX_8C835B05403F5D6` (`eventVersionID`),
  KEY `IDX_8C835B05B6561A7E` (`akID`),
  KEY `IDX_8C835B05A2A82A5D` (`avID`),
  CONSTRAINT `FK_8C835B05403F5D6` FOREIGN KEY (`eventVersionID`) REFERENCES `CalendarEventVersions` (`eventVersionID`),
  CONSTRAINT `FK_8C835B05A2A82A5D` FOREIGN KEY (`avID`) REFERENCES `AttributeValues` (`avID`),
  CONSTRAINT `FK_8C835B05B6561A7E` FOREIGN KEY (`akID`) REFERENCES `AttributeKeys` (`akID`)
) ENGINE=InnoDB DEFAULT CHARSET=utf8 COLLATE=utf8_unicode_ci;
/*!40101 SET character_set_client = @saved_cs_client */;

--
-- Dumping data for table `CalendarEventVersionAttributeValues`
--

LOCK TABLES `CalendarEventVersionAttributeValues` WRITE;
/*!40000 ALTER TABLE `CalendarEventVersionAttributeValues` DISABLE KEYS */;
/*!40000 ALTER TABLE `CalendarEventVersionAttributeValues` ENABLE KEYS */;
UNLOCK TABLES;

--
-- Table structure for table `CalendarEventVersionOccurrences`
--

DROP TABLE IF EXISTS `CalendarEventVersionOccurrences`;
/*!40101 SET @saved_cs_client     = @@character_set_client */;
/*!40101 SET character_set_client = utf8 */;
CREATE TABLE `CalendarEventVersionOccurrences` (
  `versionOccurrenceID` int(10) unsigned NOT NULL AUTO_INCREMENT,
  `eventVersionID` int(10) unsigned DEFAULT NULL,
  `occurrenceID` int(10) unsigned DEFAULT NULL,
  PRIMARY KEY (`versionOccurrenceID`),
  KEY `IDX_60310489403F5D6` (`eventVersionID`),
  KEY `IDX_60310489B4FDDC0F` (`occurrenceID`),
  CONSTRAINT `FK_60310489403F5D6` FOREIGN KEY (`eventVersionID`) REFERENCES `CalendarEventVersions` (`eventVersionID`),
  CONSTRAINT `FK_60310489B4FDDC0F` FOREIGN KEY (`occurrenceID`) REFERENCES `CalendarEventOccurrences` (`occurrenceID`)
) ENGINE=InnoDB DEFAULT CHARSET=utf8 COLLATE=utf8_unicode_ci;
/*!40101 SET character_set_client = @saved_cs_client */;

--
-- Dumping data for table `CalendarEventVersionOccurrences`
--

LOCK TABLES `CalendarEventVersionOccurrences` WRITE;
/*!40000 ALTER TABLE `CalendarEventVersionOccurrences` DISABLE KEYS */;
/*!40000 ALTER TABLE `CalendarEventVersionOccurrences` ENABLE KEYS */;
UNLOCK TABLES;

--
-- Table structure for table `CalendarEventVersionRepetitions`
--

DROP TABLE IF EXISTS `CalendarEventVersionRepetitions`;
/*!40101 SET @saved_cs_client     = @@character_set_client */;
/*!40101 SET character_set_client = utf8 */;
CREATE TABLE `CalendarEventVersionRepetitions` (
  `versionRepetitionID` int(10) unsigned NOT NULL AUTO_INCREMENT,
  `eventVersionID` int(10) unsigned DEFAULT NULL,
  `repetitionID` int(10) unsigned DEFAULT NULL,
  PRIMARY KEY (`versionRepetitionID`),
  KEY `IDX_C1C3D3DB403F5D6` (`eventVersionID`),
  KEY `IDX_C1C3D3DB31391E00` (`repetitionID`),
  CONSTRAINT `FK_C1C3D3DB31391E00` FOREIGN KEY (`repetitionID`) REFERENCES `CalendarEventRepetitions` (`repetitionID`),
  CONSTRAINT `FK_C1C3D3DB403F5D6` FOREIGN KEY (`eventVersionID`) REFERENCES `CalendarEventVersions` (`eventVersionID`)
) ENGINE=InnoDB DEFAULT CHARSET=utf8 COLLATE=utf8_unicode_ci;
/*!40101 SET character_set_client = @saved_cs_client */;

--
-- Dumping data for table `CalendarEventVersionRepetitions`
--

LOCK TABLES `CalendarEventVersionRepetitions` WRITE;
/*!40000 ALTER TABLE `CalendarEventVersionRepetitions` DISABLE KEYS */;
/*!40000 ALTER TABLE `CalendarEventVersionRepetitions` ENABLE KEYS */;
UNLOCK TABLES;

--
-- Table structure for table `CalendarEventVersions`
--

DROP TABLE IF EXISTS `CalendarEventVersions`;
/*!40101 SET @saved_cs_client     = @@character_set_client */;
/*!40101 SET character_set_client = utf8 */;
CREATE TABLE `CalendarEventVersions` (
  `eventVersionID` int(10) unsigned NOT NULL AUTO_INCREMENT,
  `evDateAdded` datetime NOT NULL,
  `evActivateDateTime` datetime DEFAULT NULL,
  `evIsApproved` tinyint(1) NOT NULL,
  `evDescription` longtext COLLATE utf8_unicode_ci,
  `evName` longtext COLLATE utf8_unicode_ci,
  `evRelatedPageRelationType` varchar(1) COLLATE utf8_unicode_ci DEFAULT NULL,
  `cID` int(10) unsigned NOT NULL DEFAULT '0',
  `eventID` int(10) unsigned DEFAULT NULL,
  `uID` int(10) unsigned DEFAULT NULL,
  PRIMARY KEY (`eventVersionID`),
  KEY `IDX_8E26027410409BA4` (`eventID`),
  KEY `IDX_8E260274FD71026C` (`uID`),
  CONSTRAINT `FK_8E26027410409BA4` FOREIGN KEY (`eventID`) REFERENCES `CalendarEvents` (`eventID`),
  CONSTRAINT `FK_8E260274FD71026C` FOREIGN KEY (`uID`) REFERENCES `Users` (`uID`)
) ENGINE=InnoDB DEFAULT CHARSET=utf8 COLLATE=utf8_unicode_ci;
/*!40101 SET character_set_client = @saved_cs_client */;

--
-- Dumping data for table `CalendarEventVersions`
--

LOCK TABLES `CalendarEventVersions` WRITE;
/*!40000 ALTER TABLE `CalendarEventVersions` DISABLE KEYS */;
/*!40000 ALTER TABLE `CalendarEventVersions` ENABLE KEYS */;
UNLOCK TABLES;

--
-- Table structure for table `CalendarEventWorkflowProgress`
--

DROP TABLE IF EXISTS `CalendarEventWorkflowProgress`;
/*!40101 SET @saved_cs_client     = @@character_set_client */;
/*!40101 SET character_set_client = utf8 */;
CREATE TABLE `CalendarEventWorkflowProgress` (
  `wpID` int(10) unsigned NOT NULL DEFAULT '0',
  `eventID` int(10) unsigned NOT NULL,
  PRIMARY KEY (`eventID`,`wpID`),
  KEY `IDX_C5EAACF910409BA4` (`eventID`),
  KEY `wpID` (`wpID`),
  CONSTRAINT `FK_C5EAACF910409BA4` FOREIGN KEY (`eventID`) REFERENCES `CalendarEvents` (`eventID`)
) ENGINE=InnoDB DEFAULT CHARSET=utf8 COLLATE=utf8_unicode_ci;
/*!40101 SET character_set_client = @saved_cs_client */;

--
-- Dumping data for table `CalendarEventWorkflowProgress`
--

LOCK TABLES `CalendarEventWorkflowProgress` WRITE;
/*!40000 ALTER TABLE `CalendarEventWorkflowProgress` DISABLE KEYS */;
/*!40000 ALTER TABLE `CalendarEventWorkflowProgress` ENABLE KEYS */;
UNLOCK TABLES;

--
-- Table structure for table `CalendarEvents`
--

DROP TABLE IF EXISTS `CalendarEvents`;
/*!40101 SET @saved_cs_client     = @@character_set_client */;
/*!40101 SET character_set_client = utf8 */;
CREATE TABLE `CalendarEvents` (
  `eventID` int(10) unsigned NOT NULL AUTO_INCREMENT,
  `caID` int(10) unsigned DEFAULT NULL,
  PRIMARY KEY (`eventID`),
  KEY `IDX_7F23C55611C85723` (`caID`),
  CONSTRAINT `FK_7F23C55611C85723` FOREIGN KEY (`caID`) REFERENCES `Calendars` (`caID`)
) ENGINE=InnoDB DEFAULT CHARSET=utf8 COLLATE=utf8_unicode_ci;
/*!40101 SET character_set_client = @saved_cs_client */;

--
-- Dumping data for table `CalendarEvents`
--

LOCK TABLES `CalendarEvents` WRITE;
/*!40000 ALTER TABLE `CalendarEvents` DISABLE KEYS */;
/*!40000 ALTER TABLE `CalendarEvents` ENABLE KEYS */;
UNLOCK TABLES;

--
-- Table structure for table `CalendarPermissionAssignments`
--

DROP TABLE IF EXISTS `CalendarPermissionAssignments`;
/*!40101 SET @saved_cs_client     = @@character_set_client */;
/*!40101 SET character_set_client = utf8 */;
CREATE TABLE `CalendarPermissionAssignments` (
  `pkID` int(10) unsigned NOT NULL,
  `paID` int(10) unsigned NOT NULL,
  `caID` int(10) unsigned NOT NULL,
  PRIMARY KEY (`caID`,`pkID`,`paID`),
  KEY `IDX_5AD546AA11C85723` (`caID`),
  KEY `paID` (`paID`),
  KEY `pkID` (`pkID`),
  CONSTRAINT `FK_5AD546AA11C85723` FOREIGN KEY (`caID`) REFERENCES `Calendars` (`caID`)
) ENGINE=InnoDB DEFAULT CHARSET=utf8 COLLATE=utf8_unicode_ci;
/*!40101 SET character_set_client = @saved_cs_client */;

--
-- Dumping data for table `CalendarPermissionAssignments`
--

LOCK TABLES `CalendarPermissionAssignments` WRITE;
/*!40000 ALTER TABLE `CalendarPermissionAssignments` DISABLE KEYS */;
/*!40000 ALTER TABLE `CalendarPermissionAssignments` ENABLE KEYS */;
UNLOCK TABLES;

--
-- Table structure for table `CalendarRelatedEvents`
--

DROP TABLE IF EXISTS `CalendarRelatedEvents`;
/*!40101 SET @saved_cs_client     = @@character_set_client */;
/*!40101 SET character_set_client = utf8 */;
CREATE TABLE `CalendarRelatedEvents` (
  `relatedEventID` int(10) unsigned NOT NULL AUTO_INCREMENT,
  `relationID` int(10) unsigned NOT NULL,
  `relationType` varchar(1) COLLATE utf8_unicode_ci DEFAULT NULL,
  `eventID` int(10) unsigned DEFAULT NULL,
  PRIMARY KEY (`relatedEventID`),
  KEY `IDX_310130E910409BA4` (`eventID`),
  CONSTRAINT `FK_310130E910409BA4` FOREIGN KEY (`eventID`) REFERENCES `CalendarEvents` (`eventID`)
) ENGINE=InnoDB DEFAULT CHARSET=utf8 COLLATE=utf8_unicode_ci;
/*!40101 SET character_set_client = @saved_cs_client */;

--
-- Dumping data for table `CalendarRelatedEvents`
--

LOCK TABLES `CalendarRelatedEvents` WRITE;
/*!40000 ALTER TABLE `CalendarRelatedEvents` DISABLE KEYS */;
/*!40000 ALTER TABLE `CalendarRelatedEvents` ENABLE KEYS */;
UNLOCK TABLES;

--
-- Table structure for table `Calendars`
--

DROP TABLE IF EXISTS `Calendars`;
/*!40101 SET @saved_cs_client     = @@character_set_client */;
/*!40101 SET character_set_client = utf8 */;
CREATE TABLE `Calendars` (
  `caID` int(10) unsigned NOT NULL AUTO_INCREMENT,
  `caName` varchar(255) COLLATE utf8_unicode_ci DEFAULT NULL,
  `caOverridePermissions` tinyint(1) NOT NULL DEFAULT '0',
  `eventPageAttributeKeyHandle` varchar(255) COLLATE utf8_unicode_ci DEFAULT NULL,
  `enableMoreDetails` varchar(1) COLLATE utf8_unicode_ci DEFAULT NULL,
  `eventPageParentID` int(10) unsigned DEFAULT '0',
  `eventPageTypeID` int(10) unsigned DEFAULT '0',
  `eventPageAssociatedID` int(10) unsigned DEFAULT '0',
  `siteID` int(10) unsigned DEFAULT NULL,
  PRIMARY KEY (`caID`),
  KEY `IDX_62E00AC521D8435` (`siteID`),
  CONSTRAINT `FK_62E00AC521D8435` FOREIGN KEY (`siteID`) REFERENCES `Sites` (`siteID`)
) ENGINE=InnoDB AUTO_INCREMENT=2 DEFAULT CHARSET=utf8 COLLATE=utf8_unicode_ci;
/*!40101 SET character_set_client = @saved_cs_client */;

--
-- Dumping data for table `Calendars`
--

LOCK TABLES `Calendars` WRITE;
/*!40000 ALTER TABLE `Calendars` DISABLE KEYS */;
INSERT INTO `Calendars` VALUES (1,'test',0,NULL,NULL,0,0,0,1);
/*!40000 ALTER TABLE `Calendars` ENABLE KEYS */;
UNLOCK TABLES;

--
-- Table structure for table `CollectionAttributeKeys`
--

DROP TABLE IF EXISTS `CollectionAttributeKeys`;
/*!40101 SET @saved_cs_client     = @@character_set_client */;
/*!40101 SET character_set_client = utf8 */;
CREATE TABLE `CollectionAttributeKeys` (
  `akID` int(10) unsigned NOT NULL,
  PRIMARY KEY (`akID`),
  CONSTRAINT `FK_1E3E5B79B6561A7E` FOREIGN KEY (`akID`) REFERENCES `AttributeKeys` (`akID`) ON DELETE CASCADE
) ENGINE=InnoDB DEFAULT CHARSET=utf8 COLLATE=utf8_unicode_ci;
/*!40101 SET character_set_client = @saved_cs_client */;

--
-- Dumping data for table `CollectionAttributeKeys`
--

LOCK TABLES `CollectionAttributeKeys` WRITE;
/*!40000 ALTER TABLE `CollectionAttributeKeys` DISABLE KEYS */;
INSERT INTO `CollectionAttributeKeys` VALUES (1),(2),(3),(4),(5),(6),(7),(8),(9),(10),(11),(12),(13),(20),(28);
/*!40000 ALTER TABLE `CollectionAttributeKeys` ENABLE KEYS */;
UNLOCK TABLES;

--
-- Table structure for table `CollectionAttributeValues`
--

DROP TABLE IF EXISTS `CollectionAttributeValues`;
/*!40101 SET @saved_cs_client     = @@character_set_client */;
/*!40101 SET character_set_client = utf8 */;
CREATE TABLE `CollectionAttributeValues` (
  `cID` int(10) unsigned NOT NULL,
  `cvID` int(10) unsigned NOT NULL,
  `akID` int(10) unsigned NOT NULL,
  `avID` int(10) unsigned DEFAULT NULL,
  PRIMARY KEY (`cID`,`cvID`,`akID`),
  KEY `IDX_BB9995FCB6561A7E` (`akID`),
  KEY `IDX_BB9995FCA2A82A5D` (`avID`),
  CONSTRAINT `FK_BB9995FCA2A82A5D` FOREIGN KEY (`avID`) REFERENCES `AttributeValues` (`avID`),
  CONSTRAINT `FK_BB9995FCB6561A7E` FOREIGN KEY (`akID`) REFERENCES `AttributeKeys` (`akID`)
) ENGINE=InnoDB DEFAULT CHARSET=utf8 COLLATE=utf8_unicode_ci;
/*!40101 SET character_set_client = @saved_cs_client */;

--
-- Dumping data for table `CollectionAttributeValues`
--

LOCK TABLES `CollectionAttributeValues` WRITE;
/*!40000 ALTER TABLE `CollectionAttributeValues` DISABLE KEYS */;
INSERT INTO `CollectionAttributeValues` VALUES (2,1,6,1),(3,1,3,2),(4,1,3,3),(5,1,3,4),(6,1,3,5),(8,1,3,6),(9,1,3,7),(10,1,3,8),(11,1,7,9),(11,1,3,10),(12,1,3,11),(13,1,3,12),(14,1,3,13),(15,1,3,14),(16,1,3,15),(16,1,7,16),(17,1,3,17),(17,1,7,18),(19,1,3,19),(20,1,3,20),(22,1,3,21),(25,1,3,22),(26,1,3,23),(27,1,7,24),(27,1,12,25),(28,1,3,26),(29,1,3,27),(31,1,3,28),(32,1,3,29),(32,1,7,30),(34,1,7,31),(35,1,7,32),(36,1,7,33),(37,1,7,34),(38,1,7,35),(39,1,7,36),(41,1,7,37),(42,1,3,38),(43,1,3,39),(44,1,3,40),(47,1,7,41),(47,1,12,42),(49,1,7,43),(49,1,12,44),(52,1,6,45),(54,1,3,46),(56,1,7,47),(56,1,12,48),(56,1,3,49),(57,1,3,50),(58,1,3,51),(59,1,3,52),(60,1,3,53),(61,1,3,54),(61,1,7,55),(62,1,3,56),(63,1,3,57),(64,1,3,58),(66,1,3,59),(67,1,3,60),(68,1,3,61),(69,1,3,62),(70,1,3,63),(71,1,3,64),(72,1,3,65),(72,1,7,66),(73,1,3,67),(74,1,3,68),(74,1,7,69),(74,1,12,70),(76,1,7,71),(76,1,12,72),(77,1,7,73),(77,1,12,74),(78,1,7,75),(78,1,12,76),(79,1,7,77),(79,1,12,78),(80,1,7,79),(80,1,12,80),(81,1,7,81),(81,1,12,82),(83,1,3,83),(89,1,3,84),(90,1,3,85),(91,1,3,86),(92,1,3,87),(93,1,3,88),(95,1,3,89),(96,1,3,90),(97,1,3,91),(98,1,7,92),(98,1,3,93),(99,1,3,94),(100,1,3,95),(102,1,3,96),(103,1,3,97),(104,1,3,98),(105,1,3,99),(107,1,3,100),(108,1,3,101),(112,1,3,102),(113,1,7,103),(114,1,3,104),(115,1,3,105),(116,1,3,106),(118,1,3,107),(119,1,3,108),(120,1,3,109),(121,1,3,110),(122,1,3,111),(124,1,3,112),(125,1,3,113),(126,1,3,114),(127,1,3,115),(133,1,3,116),(134,1,3,117),(135,1,3,118),(136,1,3,119),(138,1,3,120),(139,1,3,121),(140,1,3,122),(141,1,3,123),(143,1,12,124),(144,1,3,125),(145,1,3,126),(146,1,3,127),(147,1,3,128),(148,1,3,129),(149,1,3,130),(151,1,3,131),(152,1,4,132),(152,1,5,133),(152,1,7,134),(154,1,6,135),(155,1,6,136),(158,1,6,137),(164,1,6,138),(166,1,4,139),(166,1,5,140),(166,1,7,141),(1,4,7,150),(1,5,7,150),(1,6,7,150),(1,7,7,150),(1,8,7,150),(1,9,7,150),(1,10,7,150),(1,11,7,150),(1,12,7,150),(1,13,7,150),(1,14,7,150),(1,15,7,150),(1,16,7,150),(1,17,7,150),(1,18,7,150),(178,2,20,171),(178,3,20,174),(178,4,20,177),(178,5,20,179),(178,6,20,179),(178,7,20,179),(178,8,20,179),(178,9,20,179);
/*!40000 ALTER TABLE `CollectionAttributeValues` ENABLE KEYS */;
UNLOCK TABLES;

--
-- Table structure for table `CollectionSearchIndexAttributes`
--

DROP TABLE IF EXISTS `CollectionSearchIndexAttributes`;
/*!40101 SET @saved_cs_client     = @@character_set_client */;
/*!40101 SET character_set_client = utf8 */;
CREATE TABLE `CollectionSearchIndexAttributes` (
  `cID` int(10) unsigned NOT NULL DEFAULT '0',
  `ak_meta_title` longtext COLLATE utf8_unicode_ci,
  `ak_meta_description` longtext COLLATE utf8_unicode_ci,
  `ak_meta_keywords` longtext COLLATE utf8_unicode_ci,
  `ak_desktop_priority` decimal(14,4) DEFAULT '0.0000',
  `ak_is_desktop` tinyint(1) DEFAULT '0',
  `ak_icon_dashboard` longtext COLLATE utf8_unicode_ci,
  `ak_exclude_nav` tinyint(1) DEFAULT '0',
  `ak_exclude_page_list` tinyint(1) DEFAULT '0',
  `ak_header_extra_content` longtext COLLATE utf8_unicode_ci,
  `ak_tags` longtext COLLATE utf8_unicode_ci,
  `ak_is_featured` tinyint(1) DEFAULT '0',
  `ak_exclude_search_index` tinyint(1) DEFAULT '0',
  `ak_exclude_sitemapxml` tinyint(1) DEFAULT '0',
  `ak_page_title_image` int(11) DEFAULT '0',
  `ak_title_image` int(11) DEFAULT '0',
  PRIMARY KEY (`cID`)
) ENGINE=InnoDB DEFAULT CHARSET=utf8 COLLATE=utf8_unicode_ci;
/*!40101 SET character_set_client = @saved_cs_client */;

--
-- Dumping data for table `CollectionSearchIndexAttributes`
--

LOCK TABLES `CollectionSearchIndexAttributes` WRITE;
/*!40000 ALTER TABLE `CollectionSearchIndexAttributes` DISABLE KEYS */;
INSERT INTO `CollectionSearchIndexAttributes` VALUES (1,NULL,NULL,NULL,0.0000,0,NULL,1,0,NULL,NULL,0,0,0,0,0),(2,NULL,NULL,NULL,0.0000,0,'fa fa-th-large',0,0,NULL,NULL,0,0,0,0,0),(3,NULL,NULL,'pages, add page, delete page, copy, move, alias',0.0000,0,NULL,0,0,NULL,NULL,0,0,0,0,0),(4,NULL,NULL,'pages, add page, delete page, copy, move, alias',0.0000,0,NULL,0,0,NULL,NULL,0,0,0,0,0),(5,NULL,NULL,'pages, add page, delete page, copy, move, alias, bulk',0.0000,0,NULL,0,0,NULL,NULL,0,0,0,0,0),(6,NULL,NULL,'find page, search page, search, find, pages, sitemap',0.0000,0,NULL,0,0,NULL,NULL,0,0,0,0,0),(8,NULL,NULL,'add file, delete file, copy, move, alias, resize, crop, rename, images, title, attribute',0.0000,0,NULL,0,0,NULL,NULL,0,0,0,0,0),(9,NULL,NULL,'file, file attributes, title, attribute, description, rename',0.0000,0,NULL,0,0,NULL,NULL,0,0,0,0,0),(10,NULL,NULL,'files, category, categories',0.0000,0,NULL,0,0,NULL,NULL,0,0,0,0,0),(11,NULL,NULL,'new file set',0.0000,0,NULL,1,0,NULL,NULL,0,0,0,0,0),(12,NULL,NULL,'users, groups, people, find, delete user, remove user, change password, password',0.0000,0,NULL,0,0,NULL,NULL,0,0,0,0,0),(13,NULL,NULL,'find, search, people, delete user, remove user, change password, password',0.0000,0,NULL,0,0,NULL,NULL,0,0,0,0,0),(14,NULL,NULL,'user, group, people, permissions, expire, badges',0.0000,0,NULL,0,0,NULL,NULL,0,0,0,0,0),(15,NULL,NULL,'user attributes, user data, gather data, registration data',0.0000,0,NULL,0,0,NULL,NULL,0,0,0,0,0),(16,NULL,NULL,'new user, create',0.0000,0,NULL,1,0,NULL,NULL,0,0,0,0,0),(17,NULL,NULL,'new user group, new group, group, create',0.0000,0,NULL,1,0,NULL,NULL,0,0,0,0,0),(19,NULL,NULL,'group set',0.0000,0,NULL,0,0,NULL,NULL,0,0,0,0,0),(20,NULL,NULL,'community, points, karma',0.0000,0,NULL,0,0,NULL,NULL,0,0,0,0,0),(22,NULL,NULL,'action, community actions',0.0000,0,NULL,0,0,NULL,NULL,0,0,0,0,0),(25,NULL,NULL,'forms, log, error, email, mysql, exception, survey',0.0000,0,NULL,0,0,NULL,NULL,0,0,0,0,0),(26,NULL,NULL,'forms, questions, response, data',0.0000,0,NULL,0,0,NULL,NULL,0,0,0,0,0),(27,NULL,NULL,NULL,0.0000,0,NULL,1,0,NULL,NULL,0,1,0,0,0),(28,NULL,NULL,'questions, quiz, response',0.0000,0,NULL,0,0,NULL,NULL,0,0,0,0,0),(29,NULL,NULL,'forms, log, error, email, mysql, exception, survey, history',0.0000,0,NULL,0,0,NULL,NULL,0,0,0,0,0),(31,NULL,NULL,'new theme, theme, active theme, change theme, template, css',0.0000,0,NULL,0,0,NULL,NULL,0,0,0,0,0),(32,NULL,NULL,'page types',0.0000,0,NULL,1,0,NULL,NULL,0,0,0,0,0),(34,NULL,NULL,NULL,0.0000,0,NULL,1,0,NULL,NULL,0,0,0,0,0),(35,NULL,NULL,NULL,0.0000,0,NULL,1,0,NULL,NULL,0,0,0,0,0),(36,NULL,NULL,NULL,0.0000,0,NULL,1,0,NULL,NULL,0,0,0,0,0),(37,NULL,NULL,NULL,0.0000,0,NULL,1,0,NULL,NULL,0,0,0,0,0),(38,NULL,NULL,NULL,0.0000,0,NULL,1,0,NULL,NULL,0,0,0,0,0),(39,NULL,NULL,NULL,0.0000,0,NULL,1,0,NULL,NULL,0,0,0,0,0),(41,NULL,NULL,NULL,0.0000,0,NULL,1,0,NULL,NULL,0,0,0,0,0),(42,NULL,NULL,'page attributes, custom',0.0000,0,NULL,0,0,NULL,NULL,0,0,0,0,0),(43,NULL,NULL,'single, page, custom, application',0.0000,0,NULL,0,0,NULL,NULL,0,0,0,0,0),(44,NULL,NULL,'atom, rss, feed, syndication',0.0000,0,NULL,0,0,NULL,NULL,0,0,0,0,0),(47,NULL,NULL,NULL,0.0000,0,NULL,1,0,NULL,NULL,0,1,0,0,0),(49,NULL,NULL,NULL,0.0000,0,NULL,1,0,NULL,NULL,0,1,0,0,0),(52,NULL,NULL,NULL,0.0000,0,'icon-bullhorn',0,0,NULL,NULL,0,0,0,0,0),(54,NULL,NULL,'stacks, global areas, reusable content, scrapbook, copy, paste, paste block, copy block, site name, logo',0.0000,0,NULL,0,0,NULL,NULL,0,0,0,0,0),(56,NULL,NULL,'edit stacks, view stacks, all stacks',0.0000,0,NULL,1,0,NULL,NULL,0,1,0,0,0),(57,NULL,NULL,'block, refresh, custom',0.0000,0,NULL,0,0,NULL,NULL,0,0,0,0,0),(58,NULL,NULL,'add-on, addon, add on, package, app, ecommerce, discussions, forums, themes, templates, blocks',0.0000,0,NULL,0,0,NULL,NULL,0,0,0,0,0),(59,NULL,NULL,'add-on, addon, ecommerce, install, discussions, forums, themes, templates, blocks',0.0000,0,NULL,0,0,NULL,NULL,0,0,0,0,0),(60,NULL,NULL,'update, upgrade',0.0000,0,NULL,0,0,NULL,NULL,0,0,0,0,0),(61,NULL,NULL,'concrete5.org, my account, marketplace',0.0000,0,NULL,1,0,NULL,NULL,0,0,0,0,0),(62,NULL,NULL,'buy theme, new theme, marketplace, template',0.0000,0,NULL,0,0,NULL,NULL,0,0,0,0,0),(63,NULL,NULL,'buy addon, buy add on, buy add-on, purchase addon, purchase add on, purchase add-on, find addon, new addon, marketplace',0.0000,0,NULL,0,0,NULL,NULL,0,0,0,0,0),(64,NULL,NULL,'dashboard, configuration',0.0000,0,NULL,0,0,NULL,NULL,0,0,0,0,0),(66,NULL,NULL,'website name, title',0.0000,0,NULL,0,0,NULL,NULL,0,0,0,0,0),(67,NULL,NULL,'accessibility, easy mode',0.0000,0,NULL,0,0,NULL,NULL,0,0,0,0,0),(68,NULL,NULL,'sharing, facebook, twitter',0.0000,0,NULL,0,0,NULL,NULL,0,0,0,0,0),(69,NULL,NULL,'logo, favicon, iphone, icon, bookmark',0.0000,0,NULL,0,0,NULL,NULL,0,0,0,0,0),(70,NULL,NULL,'tinymce, content block, fonts, editor, content, overlay',0.0000,0,NULL,0,0,NULL,NULL,0,0,0,0,0),(71,NULL,NULL,'translate, translation, internationalization, multilingual',0.0000,0,NULL,0,0,NULL,NULL,0,0,0,0,0),(72,NULL,NULL,'languages, update, gettext, translation, translate',0.0000,0,NULL,1,0,NULL,NULL,0,0,0,0,0),(73,NULL,NULL,'timezone, profile, locale',0.0000,0,NULL,0,0,NULL,NULL,0,0,0,0,0),(74,NULL,NULL,'site attributes',0.0000,0,NULL,1,0,NULL,NULL,0,1,0,0,0),(76,NULL,NULL,NULL,0.0000,0,NULL,1,0,NULL,NULL,0,1,0,0,0),(77,NULL,NULL,NULL,0.0000,0,NULL,1,0,NULL,NULL,0,1,0,0,0),(78,NULL,NULL,NULL,0.0000,0,NULL,1,0,NULL,NULL,0,1,0,0,0),(79,NULL,NULL,NULL,0.0000,0,NULL,1,0,NULL,NULL,0,1,0,0,0),(80,NULL,NULL,NULL,0.0000,0,NULL,1,0,NULL,NULL,0,1,0,0,0),(81,NULL,NULL,NULL,0.0000,0,NULL,1,0,NULL,NULL,0,1,0,0,0),(83,NULL,NULL,'multilingual, localization, internationalization, i18n',0.0000,0,NULL,0,0,NULL,NULL,0,0,0,0,0),(89,NULL,NULL,'vanity, pretty url, redirection, hostname, canonical, seo, pageview, view',0.0000,0,NULL,0,0,NULL,NULL,0,0,0,0,0),(90,NULL,NULL,'bulk, seo, change keywords, engine, optimization, search',0.0000,0,NULL,0,0,NULL,NULL,0,0,0,0,0),(91,NULL,NULL,'traffic, statistics, google analytics, quant, pageviews, hits',0.0000,0,NULL,0,0,NULL,NULL,0,0,0,0,0),(92,NULL,NULL,'pretty, slug',0.0000,0,NULL,0,0,NULL,NULL,0,0,0,0,0),(93,NULL,NULL,'configure search, site search, search option',0.0000,0,NULL,0,0,NULL,NULL,0,0,0,0,0),(95,NULL,NULL,'security, files, media, extension, manager, upload',0.0000,0,NULL,0,0,NULL,NULL,0,0,0,0,0),(96,NULL,NULL,'file options, file manager, upload, modify',0.0000,0,NULL,0,0,NULL,NULL,0,0,0,0,0),(97,NULL,NULL,'images, picture, responsive, retina',0.0000,0,NULL,0,0,NULL,NULL,0,0,0,0,0),(98,NULL,NULL,'thumbnail, format, png, jpg, jpeg, quality, compression, gd, imagick, imagemagick, transparency',0.0000,0,NULL,1,0,NULL,NULL,0,0,0,0,0),(99,NULL,NULL,'uploading, upload, images, image, resizing, manager',0.0000,0,NULL,0,0,NULL,NULL,0,0,0,0,0),(100,NULL,NULL,'security, alternate storage, hide files',0.0000,0,NULL,0,0,NULL,NULL,0,0,0,0,0),(102,NULL,NULL,'cache option, change cache, override, turn on cache, turn off cache, no cache, page cache, caching',0.0000,0,NULL,0,0,NULL,NULL,0,0,0,0,0),(103,NULL,NULL,'cache option, turn off cache, no cache, page cache, caching',0.0000,0,NULL,0,0,NULL,NULL,0,0,0,0,0),(104,NULL,NULL,'index search, reindex search, build sitemap, sitemap.xml, clear old versions, page versions, remove old',0.0000,0,NULL,0,0,NULL,NULL,0,0,0,0,0),(105,NULL,NULL,'queries, database, mysql',0.0000,0,NULL,0,0,NULL,NULL,0,0,0,0,0),(107,NULL,NULL,'editors, hide site, offline, private, public, access',0.0000,0,NULL,0,0,NULL,NULL,0,0,0,0,0),(108,NULL,NULL,'security, actions, administrator, admin, package, marketplace, search',0.0000,0,NULL,0,0,NULL,NULL,0,0,0,0,0),(112,NULL,NULL,'security, lock ip, lock out, block ip, address, restrict, access',0.0000,0,NULL,0,0,NULL,NULL,0,0,0,0,0),(113,NULL,NULL,NULL,0.0000,0,NULL,0,0,NULL,NULL,0,0,0,0,0),(114,NULL,NULL,'security, registration',0.0000,0,NULL,0,0,NULL,NULL,0,0,0,0,0),(115,NULL,NULL,'antispam, block spam, security',0.0000,0,NULL,0,0,NULL,NULL,0,0,0,0,0),(116,NULL,NULL,'lock site, under construction, hide, hidden',0.0000,0,NULL,0,0,NULL,NULL,0,0,0,0,0),(118,NULL,NULL,'signup, new user, community, public registration, public, registration',0.0000,0,NULL,0,0,NULL,NULL,0,0,0,0,0),(119,NULL,NULL,'profile, login, redirect, specific, dashboard, administrators',0.0000,0,NULL,0,0,NULL,NULL,0,0,0,0,0),(120,NULL,NULL,'member profile, member page, community, forums, social, avatar',0.0000,0,NULL,0,0,NULL,NULL,0,0,0,0,0),(121,NULL,NULL,'auth, authentication, types, oauth, facebook, login, registration',0.0000,0,NULL,0,0,NULL,NULL,0,0,0,0,0),(122,NULL,NULL,'global, password, reset, change password, force, sign out',0.0000,0,NULL,0,0,NULL,NULL,0,0,0,0,0),(124,NULL,NULL,'smtp, mail settings',0.0000,0,NULL,0,0,NULL,NULL,0,0,0,0,0),(125,NULL,NULL,'email server, mail settings, mail configuration, external, internal',0.0000,0,NULL,0,0,NULL,NULL,0,0,0,0,0),(126,NULL,NULL,'test smtp, test mail',0.0000,0,NULL,0,0,NULL,NULL,0,0,0,0,0),(127,NULL,NULL,'email server, mail settings, mail configuration, private message, message system, import, email, message',0.0000,0,NULL,0,0,NULL,NULL,0,0,0,0,0),(133,NULL,NULL,'conversations',0.0000,0,NULL,0,0,NULL,NULL,0,0,0,0,0),(134,NULL,NULL,'conversations',0.0000,0,NULL,0,0,NULL,NULL,0,0,0,0,0),(135,NULL,NULL,'conversations ratings, ratings, community, community points',0.0000,0,NULL,0,0,NULL,NULL,0,0,0,0,0),(136,NULL,NULL,'conversations bad words, banned words, banned, bad words, bad, words, list',0.0000,0,NULL,0,0,NULL,NULL,0,0,0,0,0),(138,NULL,NULL,'attribute configuration',0.0000,0,NULL,0,0,NULL,NULL,0,0,0,0,0),(139,NULL,NULL,'attributes, types',0.0000,0,NULL,0,0,NULL,NULL,0,0,0,0,0),(140,NULL,NULL,'attributes, sets',0.0000,0,NULL,0,0,NULL,NULL,0,0,0,0,0),(141,NULL,NULL,'topics, tags, taxonomy',0.0000,0,NULL,0,0,NULL,NULL,0,0,0,0,0),(143,NULL,NULL,NULL,0.0000,0,NULL,0,0,NULL,NULL,0,1,0,0,0),(144,NULL,NULL,'overrides, system info, debug, support, help',0.0000,0,NULL,0,0,NULL,NULL,0,0,0,0,0),(145,NULL,NULL,'errors, exceptions, develop, support, help',0.0000,0,NULL,0,0,NULL,NULL,0,0,0,0,0),(146,NULL,NULL,'email, logging, logs, smtp, pop, errors, mysql, log',0.0000,0,NULL,0,0,NULL,NULL,0,0,0,0,0),(147,NULL,NULL,'network, proxy server',0.0000,0,NULL,0,0,NULL,NULL,0,0,0,0,0),(148,NULL,NULL,'database, entities, doctrine, orm',0.0000,0,NULL,0,0,NULL,NULL,0,0,0,0,0),(149,NULL,NULL,'geolocation, ip, address, country, nation, place, locate',0.0000,0,NULL,0,0,NULL,NULL,0,0,0,0,0),(151,NULL,NULL,'upgrade, new version, update',0.0000,0,NULL,0,0,NULL,NULL,0,0,0,0,0),(152,NULL,NULL,NULL,2.0000,1,NULL,0,0,NULL,NULL,0,0,0,0,0),(154,NULL,NULL,NULL,0.0000,0,'fa fa-th',0,0,NULL,NULL,0,0,0,0,0),(155,NULL,NULL,NULL,0.0000,0,'fa fa-trash-o',0,0,NULL,NULL,0,0,0,0,0),(158,NULL,NULL,NULL,0.0000,0,'fa fa-briefcase',0,0,NULL,NULL,0,0,0,0,0),(164,NULL,NULL,NULL,0.0000,0,'fa fa-edit',0,0,NULL,NULL,0,0,0,0,0),(166,NULL,NULL,NULL,1.0000,1,NULL,1,0,NULL,NULL,0,0,0,0,0),(178,NULL,NULL,NULL,0.0000,0,NULL,0,0,NULL,NULL,0,0,0,7,0),(206,NULL,NULL,NULL,0.0000,0,NULL,0,0,NULL,NULL,0,0,0,NULL,0),(207,NULL,NULL,NULL,0.0000,0,NULL,0,0,NULL,NULL,0,0,0,NULL,0),(208,NULL,NULL,NULL,0.0000,0,NULL,0,0,NULL,NULL,0,0,0,NULL,0),(209,NULL,NULL,NULL,0.0000,0,NULL,0,0,NULL,NULL,0,0,0,NULL,0);
/*!40000 ALTER TABLE `CollectionSearchIndexAttributes` ENABLE KEYS */;
UNLOCK TABLES;

--
-- Table structure for table `CollectionVersionAreaStyles`
--

DROP TABLE IF EXISTS `CollectionVersionAreaStyles`;
/*!40101 SET @saved_cs_client     = @@character_set_client */;
/*!40101 SET character_set_client = utf8 */;
CREATE TABLE `CollectionVersionAreaStyles` (
  `cID` int(10) unsigned NOT NULL DEFAULT '0',
  `cvID` int(10) unsigned NOT NULL DEFAULT '0',
  `arHandle` varchar(255) COLLATE utf8_unicode_ci NOT NULL,
  `issID` int(10) unsigned NOT NULL DEFAULT '0',
  PRIMARY KEY (`cID`,`cvID`,`arHandle`),
  KEY `issID` (`issID`)
) ENGINE=InnoDB DEFAULT CHARSET=utf8 COLLATE=utf8_unicode_ci;
/*!40101 SET character_set_client = @saved_cs_client */;

--
-- Dumping data for table `CollectionVersionAreaStyles`
--

LOCK TABLES `CollectionVersionAreaStyles` WRITE;
/*!40000 ALTER TABLE `CollectionVersionAreaStyles` DISABLE KEYS */;
/*!40000 ALTER TABLE `CollectionVersionAreaStyles` ENABLE KEYS */;
UNLOCK TABLES;

--
-- Table structure for table `CollectionVersionBlockStyles`
--

DROP TABLE IF EXISTS `CollectionVersionBlockStyles`;
/*!40101 SET @saved_cs_client     = @@character_set_client */;
/*!40101 SET character_set_client = utf8 */;
CREATE TABLE `CollectionVersionBlockStyles` (
  `cID` int(10) unsigned NOT NULL DEFAULT '0',
  `cvID` int(10) unsigned NOT NULL DEFAULT '0',
  `bID` int(10) unsigned NOT NULL DEFAULT '0',
  `arHandle` varchar(255) COLLATE utf8_unicode_ci NOT NULL,
  `issID` int(10) unsigned NOT NULL DEFAULT '0',
  PRIMARY KEY (`cID`,`cvID`,`bID`,`arHandle`),
  KEY `bID` (`bID`,`issID`),
  KEY `issID` (`issID`)
) ENGINE=InnoDB DEFAULT CHARSET=utf8 COLLATE=utf8_unicode_ci;
/*!40101 SET character_set_client = @saved_cs_client */;

--
-- Dumping data for table `CollectionVersionBlockStyles`
--

LOCK TABLES `CollectionVersionBlockStyles` WRITE;
/*!40000 ALTER TABLE `CollectionVersionBlockStyles` DISABLE KEYS */;
INSERT INTO `CollectionVersionBlockStyles` VALUES (152,1,13,'Main',1);
/*!40000 ALTER TABLE `CollectionVersionBlockStyles` ENABLE KEYS */;
UNLOCK TABLES;

--
-- Table structure for table `CollectionVersionBlocks`
--

DROP TABLE IF EXISTS `CollectionVersionBlocks`;
/*!40101 SET @saved_cs_client     = @@character_set_client */;
/*!40101 SET character_set_client = utf8 */;
CREATE TABLE `CollectionVersionBlocks` (
  `cID` int(10) unsigned NOT NULL DEFAULT '0',
  `cvID` int(10) unsigned NOT NULL DEFAULT '1',
  `bID` int(10) unsigned NOT NULL DEFAULT '0',
  `arHandle` varchar(255) COLLATE utf8_unicode_ci NOT NULL,
  `cbRelationID` int(10) unsigned DEFAULT '0',
  `cbDisplayOrder` int(10) unsigned NOT NULL DEFAULT '0',
  `isOriginal` tinyint(1) NOT NULL DEFAULT '0',
  `cbOverrideAreaPermissions` tinyint(1) NOT NULL DEFAULT '0',
  `cbIncludeAll` tinyint(1) NOT NULL DEFAULT '0',
  `cbOverrideBlockTypeCacheSettings` tinyint(1) NOT NULL DEFAULT '0',
  `cbOverrideBlockTypeContainerSettings` tinyint(1) NOT NULL DEFAULT '0',
  `cbEnableBlockContainer` tinyint(1) NOT NULL DEFAULT '0',
  PRIMARY KEY (`cID`,`cvID`,`bID`,`arHandle`),
  KEY `bID` (`bID`,`cID`),
  KEY `cbRelationID` (`cbRelationID`)
) ENGINE=InnoDB DEFAULT CHARSET=utf8 COLLATE=utf8_unicode_ci;
/*!40101 SET character_set_client = @saved_cs_client */;

--
-- Dumping data for table `CollectionVersionBlocks`
--

LOCK TABLES `CollectionVersionBlocks` WRITE;
/*!40000 ALTER TABLE `CollectionVersionBlocks` DISABLE KEYS */;
INSERT INTO `CollectionVersionBlocks` VALUES (1,5,41,'Feature 1',29,0,1,0,0,0,0,0),(1,6,43,'Feature 1',30,0,1,0,0,0,0,0),(1,6,46,'Feature 2',31,0,1,0,0,0,0,0),(1,6,47,'Feature 3',32,0,1,0,0,0,0,0),(1,7,46,'Feature 2',31,0,0,0,0,0,0,0),(1,7,47,'Feature 3',32,0,0,0,0,0,0,0),(1,7,48,'Feature 1',30,0,1,0,0,0,0,0),(1,8,46,'Feature 2',31,0,0,0,0,0,0,0),(1,8,47,'Feature 3',32,0,0,0,0,0,0,0),(1,8,48,'Feature 1',30,0,0,0,0,0,0,0),(1,8,49,'Upcoming Events',33,0,1,0,0,0,0,0),(1,9,47,'Feature 3',32,0,0,0,0,0,0,0),(1,9,48,'Feature 1',30,0,0,0,0,0,0,0),(1,9,49,'Upcoming Events',33,0,0,0,0,0,0,0),(1,9,50,'Feature 2',31,0,1,0,0,0,0,0),(1,10,47,'Feature 3',32,0,0,0,0,0,0,0),(1,10,48,'Feature 1',30,0,0,0,0,0,0,0),(1,10,50,'Feature 2',31,0,0,0,0,0,0,0),(1,10,51,'Upcoming Events',33,0,1,0,0,0,0,0),(1,11,47,'Feature 3',32,0,0,0,0,0,0,0),(1,11,48,'Feature 1',30,0,0,0,0,0,0,0),(1,11,50,'Feature 2',31,0,0,0,0,0,0,0),(1,11,52,'Upcoming Events',33,0,1,0,0,0,0,0),(1,12,47,'Feature 3',32,0,0,0,0,0,0,0),(1,12,48,'Feature 1',30,0,0,0,0,0,0,0),(1,12,50,'Feature 2',31,0,0,0,0,0,0,0),(1,12,56,'Upcoming Events',33,0,1,0,0,0,0,0),(1,13,47,'Feature 3',32,0,0,0,0,0,0,0),(1,13,50,'Feature 2',31,0,0,0,0,0,0,0),(1,13,56,'Upcoming Events',33,0,0,0,0,0,0,0),(1,13,68,'Feature 1',30,0,1,0,0,0,0,0),(1,14,47,'Feature 3',32,0,0,0,0,0,0,0),(1,14,50,'Feature 2',31,0,0,0,0,0,0,0),(1,14,68,'Feature 1',30,0,0,0,0,0,0,0),(1,14,69,'Upcoming Events',33,0,1,0,0,0,0,0),(1,15,47,'Feature 3',32,0,0,0,0,0,0,0),(1,15,50,'Feature 2',31,0,0,0,0,0,0,0),(1,15,68,'Feature 1',30,0,0,0,0,0,0,0),(1,15,70,'Upcoming Events',33,0,1,0,0,0,0,0),(1,16,47,'Feature 3',32,0,0,0,0,0,0,0),(1,16,50,'Feature 2',31,0,0,0,0,0,0,0),(1,16,68,'Feature 1',30,0,0,0,0,0,0,0),(1,16,71,'Upcoming Events',33,0,1,0,0,0,0,0),(1,17,47,'Feature 3',32,0,0,0,0,0,0,0),(1,17,50,'Feature 2',31,0,0,0,0,0,0,0),(1,17,68,'Feature 1',30,0,0,0,0,0,0,0),(1,17,72,'Upcoming Events',33,0,1,0,0,0,0,0),(1,18,47,'Feature 3',32,0,0,0,0,0,0,0),(1,18,50,'Feature 2',31,0,0,0,0,0,0,0),(1,18,68,'Feature 1',30,0,0,0,0,0,0,0),(1,18,76,'Upcoming Events',33,0,1,0,0,0,0,0),(152,1,1,'Main',1,0,1,0,0,0,0,0),(152,1,2,'Main',2,1,1,0,0,0,0,0),(152,1,3,'Main : 1',3,0,1,0,0,0,0,0),(152,1,4,'Main : 2',4,0,1,0,0,0,0,0),(152,1,5,'Main : 3',5,0,1,0,0,0,0,0),(152,1,6,'Main',6,2,1,0,0,0,0,0),(152,1,7,'Main : 4',7,0,1,0,0,0,0,0),(152,1,8,'Main : 5',8,0,1,0,0,0,0,0),(152,1,9,'Main',9,3,1,0,0,0,0,0),(152,1,10,'Main : 6',10,0,1,0,0,0,0,0),(152,1,11,'Main : 7',11,0,1,0,0,0,0,0),(152,1,12,'Main : 8',12,0,1,0,0,0,0,0),(152,1,13,'Main',13,4,1,0,0,0,0,0),(153,1,14,'Main',14,0,1,0,0,0,0,0),(166,1,15,'Main',15,0,1,0,0,0,0,0),(167,1,16,'Main',16,0,1,0,0,0,0,0),(169,2,37,'Main',27,0,1,0,0,0,0,0),(169,3,38,'Main',27,0,1,0,0,0,0,0),(176,1,18,'Main',17,0,1,0,0,0,0,0),(177,1,20,'Main',18,0,1,0,0,0,0,0),(178,1,22,'Main',19,0,1,0,0,0,0,0),(178,2,22,'Main',19,0,0,0,0,0,0,0),(178,3,22,'Main',19,0,0,0,0,0,0,0),(178,4,22,'Main',19,0,0,0,0,0,0,0),(178,5,54,'Main',34,0,1,0,0,0,0,0),(178,7,66,'Main',39,0,1,0,0,0,0,0),(178,8,67,'Main',39,0,1,0,0,0,0,0),(179,1,24,'Main',20,0,1,0,0,0,0,0),(180,1,26,'Main',21,0,1,0,0,0,0,0),(181,1,28,'Main',22,0,1,0,0,0,0,0),(182,1,30,'Main',23,0,1,0,0,0,0,0),(184,1,34,'Main',25,0,1,0,0,0,0,0),(185,1,36,'Main',26,0,1,0,0,0,0,0),(206,1,59,'Main',35,0,1,0,0,0,0,0),(206,2,59,'Main',35,0,0,0,0,0,0,0),(207,1,61,'Main',36,0,1,0,0,0,0,0),(208,1,63,'Main',37,0,1,0,0,0,0,0),(208,2,74,'Main',40,0,1,0,0,0,0,0),(208,3,75,'Main',40,0,1,0,0,0,0,0),(208,4,78,'Main',40,0,1,0,0,0,0,0),(209,1,65,'Main',38,0,1,0,0,0,0,0);
/*!40000 ALTER TABLE `CollectionVersionBlocks` ENABLE KEYS */;
UNLOCK TABLES;

--
-- Table structure for table `CollectionVersionBlocksCacheSettings`
--

DROP TABLE IF EXISTS `CollectionVersionBlocksCacheSettings`;
/*!40101 SET @saved_cs_client     = @@character_set_client */;
/*!40101 SET character_set_client = utf8 */;
CREATE TABLE `CollectionVersionBlocksCacheSettings` (
  `cID` int(10) unsigned NOT NULL DEFAULT '0',
  `cvID` int(10) unsigned NOT NULL DEFAULT '1',
  `bID` int(10) unsigned NOT NULL DEFAULT '0',
  `arHandle` varchar(255) COLLATE utf8_unicode_ci NOT NULL,
  `btCacheBlockOutput` tinyint(1) NOT NULL DEFAULT '0',
  `btCacheBlockOutputOnPost` tinyint(1) NOT NULL DEFAULT '0',
  `btCacheBlockOutputForRegisteredUsers` tinyint(1) NOT NULL DEFAULT '0',
  `btCacheBlockOutputLifetime` int(10) unsigned NOT NULL DEFAULT '0',
  PRIMARY KEY (`cID`,`cvID`,`bID`,`arHandle`),
  KEY `bID` (`bID`,`cID`,`cvID`,`arHandle`)
) ENGINE=InnoDB DEFAULT CHARSET=utf8 COLLATE=utf8_unicode_ci;
/*!40101 SET character_set_client = @saved_cs_client */;

--
-- Dumping data for table `CollectionVersionBlocksCacheSettings`
--

LOCK TABLES `CollectionVersionBlocksCacheSettings` WRITE;
/*!40000 ALTER TABLE `CollectionVersionBlocksCacheSettings` DISABLE KEYS */;
/*!40000 ALTER TABLE `CollectionVersionBlocksCacheSettings` ENABLE KEYS */;
UNLOCK TABLES;

--
-- Table structure for table `CollectionVersionBlocksOutputCache`
--

DROP TABLE IF EXISTS `CollectionVersionBlocksOutputCache`;
/*!40101 SET @saved_cs_client     = @@character_set_client */;
/*!40101 SET character_set_client = utf8 */;
CREATE TABLE `CollectionVersionBlocksOutputCache` (
  `cID` int(10) unsigned NOT NULL DEFAULT '0',
  `cvID` int(10) unsigned NOT NULL DEFAULT '1',
  `bID` int(10) unsigned NOT NULL DEFAULT '0',
  `arHandle` varchar(255) COLLATE utf8_unicode_ci NOT NULL,
  `btCachedBlockOutput` longtext COLLATE utf8_unicode_ci,
  `btCachedBlockOutputExpires` int(10) unsigned NOT NULL DEFAULT '0',
  PRIMARY KEY (`cID`,`cvID`,`bID`,`arHandle`),
  KEY `bID` (`bID`,`cID`,`cvID`,`arHandle`)
) ENGINE=InnoDB DEFAULT CHARSET=utf8 COLLATE=utf8_unicode_ci;
/*!40101 SET character_set_client = @saved_cs_client */;

--
-- Dumping data for table `CollectionVersionBlocksOutputCache`
--

LOCK TABLES `CollectionVersionBlocksOutputCache` WRITE;
/*!40000 ALTER TABLE `CollectionVersionBlocksOutputCache` DISABLE KEYS */;
/*!40000 ALTER TABLE `CollectionVersionBlocksOutputCache` ENABLE KEYS */;
UNLOCK TABLES;

--
-- Table structure for table `CollectionVersionFeatureAssignments`
--

DROP TABLE IF EXISTS `CollectionVersionFeatureAssignments`;
/*!40101 SET @saved_cs_client     = @@character_set_client */;
/*!40101 SET character_set_client = utf8 */;
CREATE TABLE `CollectionVersionFeatureAssignments` (
  `cID` int(10) unsigned NOT NULL DEFAULT '0',
  `cvID` int(10) unsigned NOT NULL DEFAULT '1',
  `faID` int(10) unsigned NOT NULL DEFAULT '0',
  PRIMARY KEY (`cID`,`cvID`,`faID`),
  KEY `faID` (`faID`)
) ENGINE=InnoDB DEFAULT CHARSET=utf8 COLLATE=utf8_unicode_ci;
/*!40101 SET character_set_client = @saved_cs_client */;

--
-- Dumping data for table `CollectionVersionFeatureAssignments`
--

LOCK TABLES `CollectionVersionFeatureAssignments` WRITE;
/*!40000 ALTER TABLE `CollectionVersionFeatureAssignments` DISABLE KEYS */;
/*!40000 ALTER TABLE `CollectionVersionFeatureAssignments` ENABLE KEYS */;
UNLOCK TABLES;

--
-- Table structure for table `CollectionVersionRelatedEdits`
--

DROP TABLE IF EXISTS `CollectionVersionRelatedEdits`;
/*!40101 SET @saved_cs_client     = @@character_set_client */;
/*!40101 SET character_set_client = utf8 */;
CREATE TABLE `CollectionVersionRelatedEdits` (
  `cID` int(10) unsigned NOT NULL DEFAULT '0',
  `cvID` int(10) unsigned NOT NULL DEFAULT '0',
  `cRelationID` int(10) unsigned NOT NULL DEFAULT '0',
  `cvRelationID` int(10) unsigned NOT NULL DEFAULT '0',
  PRIMARY KEY (`cID`,`cvID`,`cRelationID`,`cvRelationID`)
) ENGINE=InnoDB DEFAULT CHARSET=utf8 COLLATE=utf8_unicode_ci;
/*!40101 SET character_set_client = @saved_cs_client */;

--
-- Dumping data for table `CollectionVersionRelatedEdits`
--

LOCK TABLES `CollectionVersionRelatedEdits` WRITE;
/*!40000 ALTER TABLE `CollectionVersionRelatedEdits` DISABLE KEYS */;
/*!40000 ALTER TABLE `CollectionVersionRelatedEdits` ENABLE KEYS */;
UNLOCK TABLES;

--
-- Table structure for table `CollectionVersionThemeCustomStyles`
--

DROP TABLE IF EXISTS `CollectionVersionThemeCustomStyles`;
/*!40101 SET @saved_cs_client     = @@character_set_client */;
/*!40101 SET character_set_client = utf8 */;
CREATE TABLE `CollectionVersionThemeCustomStyles` (
  `cID` int(10) unsigned NOT NULL DEFAULT '0',
  `cvID` int(10) unsigned NOT NULL DEFAULT '1',
  `pThemeID` int(10) unsigned NOT NULL DEFAULT '0',
  `scvlID` int(10) unsigned DEFAULT '0',
  `preset` varchar(255) COLLATE utf8_unicode_ci DEFAULT NULL,
  `sccRecordID` int(10) unsigned DEFAULT '0',
  PRIMARY KEY (`cID`,`cvID`,`pThemeID`),
  KEY `pThemeID` (`pThemeID`),
  KEY `scvlID` (`scvlID`),
  KEY `sccRecordID` (`sccRecordID`)
) ENGINE=InnoDB DEFAULT CHARSET=utf8 COLLATE=utf8_unicode_ci;
/*!40101 SET character_set_client = @saved_cs_client */;

--
-- Dumping data for table `CollectionVersionThemeCustomStyles`
--

LOCK TABLES `CollectionVersionThemeCustomStyles` WRITE;
/*!40000 ALTER TABLE `CollectionVersionThemeCustomStyles` DISABLE KEYS */;
/*!40000 ALTER TABLE `CollectionVersionThemeCustomStyles` ENABLE KEYS */;
UNLOCK TABLES;

--
-- Table structure for table `CollectionVersions`
--

DROP TABLE IF EXISTS `CollectionVersions`;
/*!40101 SET @saved_cs_client     = @@character_set_client */;
/*!40101 SET character_set_client = utf8 */;
CREATE TABLE `CollectionVersions` (
  `cID` int(10) unsigned NOT NULL DEFAULT '0',
  `cvID` int(10) unsigned NOT NULL DEFAULT '1',
  `cvName` text COLLATE utf8_unicode_ci,
  `cvHandle` varchar(255) COLLATE utf8_unicode_ci DEFAULT NULL,
  `cvDescription` text COLLATE utf8_unicode_ci,
  `cvDatePublic` datetime DEFAULT NULL,
  `cvDateCreated` datetime NOT NULL DEFAULT '1000-01-01 00:00:00',
  `cvComments` varchar(255) COLLATE utf8_unicode_ci DEFAULT NULL,
  `cvIsApproved` tinyint(1) NOT NULL DEFAULT '0',
  `cvIsNew` tinyint(1) NOT NULL DEFAULT '0',
  `cvAuthorUID` int(10) unsigned DEFAULT NULL,
  `cvApproverUID` int(10) unsigned DEFAULT NULL,
  `pThemeID` int(10) unsigned NOT NULL DEFAULT '0',
  `pTemplateID` int(10) unsigned NOT NULL DEFAULT '0',
  `cvActivateDatetime` datetime DEFAULT NULL,
  `cvPublishDate` datetime DEFAULT NULL,
  PRIMARY KEY (`cID`,`cvID`),
  KEY `cvIsApproved` (`cvIsApproved`),
  KEY `cvAuthorUID` (`cvAuthorUID`),
  KEY `cvApproverUID` (`cvApproverUID`),
  KEY `pThemeID` (`pThemeID`),
  KEY `pTemplateID` (`pTemplateID`)
) ENGINE=InnoDB DEFAULT CHARSET=utf8 COLLATE=utf8_unicode_ci;
/*!40101 SET character_set_client = @saved_cs_client */;

--
-- Dumping data for table `CollectionVersions`
--

LOCK TABLES `CollectionVersions` WRITE;
/*!40000 ALTER TABLE `CollectionVersions` DISABLE KEYS */;
INSERT INTO `CollectionVersions` VALUES (1,1,'Home','',NULL,'2018-02-07 03:03:01','2018-02-07 03:03:01','Initial Version',0,0,1,NULL,2,4,NULL,NULL),(1,2,'Home','',NULL,'2018-02-07 03:03:01','2018-02-07 03:17:51','Version 2',0,0,1,1,2,4,NULL,NULL),(1,3,'Home','',NULL,'2018-02-07 03:03:01','2018-02-10 17:23:35','New Version 3',0,0,1,1,2,5,NULL,NULL),(1,4,'Home','','','2018-02-07 03:03:00','2018-02-10 18:02:01','New Version 4',0,0,1,1,2,5,NULL,NULL),(1,5,'Home','','','2018-02-07 03:03:00','2018-02-24 14:58:17','Version 5',0,0,1,1,2,5,NULL,NULL),(1,6,'Home','','','2018-02-07 03:03:00','2018-02-24 15:00:22','Version 6',0,0,1,1,2,5,NULL,NULL),(1,7,'Home','','','2018-02-07 03:03:00','2018-02-24 15:05:31','Version 7',0,0,1,1,2,5,NULL,NULL),(1,8,'Home','','','2018-02-07 03:03:00','2018-02-24 15:54:26','Version 8',0,0,1,1,2,5,NULL,NULL),(1,9,'Home','','','2018-02-07 03:03:00','2018-02-24 16:31:08','Version 9',0,0,1,1,2,5,NULL,NULL),(1,10,'Home','','','2018-02-07 03:03:00','2018-03-02 01:41:54','Version 10',0,0,1,1,2,5,NULL,NULL),(1,11,'Home','','','2018-02-07 03:03:00','2018-03-02 02:35:52','Version 11',0,0,1,1,2,5,NULL,NULL),(1,12,'Home','','','2018-02-07 03:03:00','2018-03-25 18:54:18','New Version 12',0,0,1,1,2,5,NULL,NULL),(1,13,'Home','','','2018-02-07 03:03:00','2018-03-25 19:59:39','Version 13',0,0,1,1,2,5,NULL,NULL),(1,14,'Home','','','2018-02-07 03:03:00','2018-07-04 17:04:22','Version 14',0,0,1,1,2,5,NULL,NULL),(1,15,'Home','','','2018-02-07 03:03:00','2018-07-04 17:47:38','Version 15',0,0,1,1,2,5,NULL,NULL),(1,16,'Home','','','2018-02-07 03:03:00','2018-07-04 17:48:01','Version 16',0,0,1,1,2,5,NULL,NULL),(1,17,'Home','','','2018-02-07 03:03:00','2018-07-04 17:48:26','Version 17',0,0,1,1,2,5,NULL,NULL),(1,18,'Home','','','2018-02-07 03:03:00','2018-07-04 17:59:46','Version 18',1,0,1,1,2,5,NULL,NULL),(2,1,'Dashboard','dashboard','','2018-02-07 03:03:17','2018-02-07 03:03:17','Initial Version',1,0,1,NULL,0,0,NULL,NULL),(3,1,'Sitemap','sitemap','Whole world at a glance.','2018-02-07 03:03:17','2018-02-07 03:03:17','Initial Version',1,0,1,NULL,0,0,NULL,NULL),(4,1,'Full Sitemap','full','','2018-02-07 03:03:17','2018-02-07 03:03:17','Initial Version',1,0,1,NULL,0,0,NULL,NULL),(5,1,'Flat View','explore','','2018-02-07 03:03:17','2018-02-07 03:03:17','Initial Version',1,0,1,NULL,0,0,NULL,NULL),(6,1,'Page Search','search','','2018-02-07 03:03:17','2018-02-07 03:03:17','Initial Version',1,0,1,NULL,0,0,NULL,NULL),(7,1,'Files','files','All documents and images.','2018-02-07 03:03:17','2018-02-07 03:03:17','Initial Version',1,0,1,NULL,0,0,NULL,NULL),(8,1,'File Manager','search','','2018-02-07 03:03:17','2018-02-07 03:03:17','Initial Version',1,0,1,NULL,0,0,NULL,NULL),(9,1,'Attributes','attributes','','2018-02-07 03:03:17','2018-02-07 03:03:17','Initial Version',1,0,1,NULL,0,0,NULL,NULL),(10,1,'File Sets','sets','','2018-02-07 03:03:17','2018-02-07 03:03:17','Initial Version',1,0,1,NULL,0,0,NULL,NULL),(11,1,'Add File Set','add_set','','2018-02-07 03:03:17','2018-02-07 03:03:17','Initial Version',1,0,1,NULL,0,0,NULL,NULL),(12,1,'Members','users','Add and manage the user accounts and groups on your website.','2018-02-07 03:03:17','2018-02-07 03:03:17','Initial Version',1,0,1,NULL,0,0,NULL,NULL),(13,1,'Search Users','search','','2018-02-07 03:03:17','2018-02-07 03:03:17','Initial Version',1,0,1,NULL,0,0,NULL,NULL),(14,1,'User Groups','groups','','2018-02-07 03:03:17','2018-02-07 03:03:17','Initial Version',1,0,1,NULL,0,0,NULL,NULL),(15,1,'Attributes','attributes','','2018-02-07 03:03:17','2018-02-07 03:03:17','Initial Version',1,0,1,NULL,0,0,NULL,NULL),(16,1,'Add User','add','','2018-02-07 03:03:17','2018-02-07 03:03:17','Initial Version',1,0,1,NULL,0,0,NULL,NULL),(17,1,'Add Group','add_group','','2018-02-07 03:03:17','2018-02-07 03:03:17','Initial Version',1,0,1,NULL,0,0,NULL,NULL),(18,1,'Move Multiple Groups','bulkupdate','','2018-02-07 03:03:17','2018-02-07 03:03:17','Initial Version',1,0,1,NULL,0,0,NULL,NULL),(19,1,'Group Sets','group_sets','','2018-02-07 03:03:17','2018-02-07 03:03:17','Initial Version',1,0,1,NULL,0,0,NULL,NULL),(20,1,'Community Points','points',NULL,'2018-02-07 03:03:17','2018-02-07 03:03:17','Initial Version',1,0,1,NULL,0,0,NULL,NULL),(21,1,'Assign Points','assign',NULL,'2018-02-07 03:03:17','2018-02-07 03:03:17','Initial Version',1,0,1,NULL,0,0,NULL,NULL),(22,1,'Actions','actions',NULL,'2018-02-07 03:03:17','2018-02-07 03:03:17','Initial Version',1,0,1,NULL,0,0,NULL,NULL),(23,1,'Express','express','Express Data Objects','2018-02-07 03:03:17','2018-02-07 03:03:17','Initial Version',1,0,1,NULL,0,0,NULL,NULL),(24,1,'View Entries','entries','','2018-02-07 03:03:17','2018-02-07 03:03:17','Initial Version',1,0,1,NULL,0,0,NULL,NULL),(25,1,'Reports','reports','Get data from forms and logs.','2018-02-07 03:03:17','2018-02-07 03:03:17','Initial Version',1,0,1,NULL,0,0,NULL,NULL),(26,1,'Form Results','forms','Get submission data.','2018-02-07 03:03:17','2018-02-07 03:03:17','Initial Version',1,0,1,NULL,0,0,NULL,NULL),(27,1,'Form Results','legacy','Get submission data.','2018-02-07 03:03:17','2018-02-07 03:03:17','Initial Version',1,0,1,NULL,0,0,NULL,NULL),(28,1,'Surveys','surveys','','2018-02-07 03:03:17','2018-02-07 03:03:17','Initial Version',1,0,1,NULL,0,0,NULL,NULL),(29,1,'Logs','logs','','2018-02-07 03:03:17','2018-02-07 03:03:17','Initial Version',1,0,1,NULL,0,0,NULL,NULL),(30,1,'Pages & Themes','pages','Reskin your site.','2018-02-07 03:03:17','2018-02-07 03:03:17','Initial Version',1,0,1,NULL,0,0,NULL,NULL),(31,1,'Themes','themes','Reskin your site.','2018-02-07 03:03:17','2018-02-07 03:03:17','Initial Version',1,0,1,NULL,0,0,NULL,NULL),(32,1,'Inspect','inspect','','2018-02-07 03:03:17','2018-02-07 03:03:17','Initial Version',1,0,1,NULL,0,0,NULL,NULL),(33,1,'Page Types','types','','2018-02-07 03:03:18','2018-02-07 03:03:18','Initial Version',1,0,1,NULL,0,0,NULL,NULL),(34,1,'Organize Page Type Order','organize','','2018-02-07 03:03:18','2018-02-07 03:03:18','Initial Version',1,0,1,NULL,0,0,NULL,NULL),(35,1,'Add Page Type','add','','2018-02-07 03:03:18','2018-02-07 03:03:18','Initial Version',1,0,1,NULL,0,0,NULL,NULL),(36,1,'Compose Form','form','','2018-02-07 03:03:18','2018-02-07 03:03:18','Initial Version',1,0,1,NULL,0,0,NULL,NULL),(37,1,'Defaults and Output','output','','2018-02-07 03:03:18','2018-02-07 03:03:18','Initial Version',1,0,1,NULL,0,0,NULL,NULL),(38,1,'Page Type Attributes','attributes','','2018-02-07 03:03:18','2018-02-07 03:03:18','Initial Version',1,0,1,NULL,0,0,NULL,NULL),(39,1,'Page Type Permissions','permissions','','2018-02-07 03:03:18','2018-02-07 03:03:18','Initial Version',1,0,1,NULL,0,0,NULL,NULL),(40,1,'Page Templates','templates','Form factors for pages in your site.','2018-02-07 03:03:18','2018-02-07 03:03:18','Initial Version',1,0,1,NULL,0,0,NULL,NULL),(41,1,'Add Page Template','add','Add page templates to your site.','2018-02-07 03:03:18','2018-02-07 03:03:18','Initial Version',1,0,1,NULL,0,0,NULL,NULL),(42,1,'Attributes','attributes','','2018-02-07 03:03:18','2018-02-07 03:03:18','Initial Version',1,0,1,NULL,0,0,NULL,NULL),(43,1,'Single Pages','single','','2018-02-07 03:03:18','2018-02-07 03:03:18','Initial Version',1,0,1,NULL,0,0,NULL,NULL),(44,1,'RSS Feeds','feeds','','2018-02-07 03:03:18','2018-02-07 03:03:18','Initial Version',1,0,1,NULL,0,0,NULL,NULL),(45,1,'Calendar & Events','calendar','','2018-02-07 03:03:18','2018-02-07 03:03:18','Initial Version',1,0,1,NULL,0,0,NULL,NULL),(46,1,'View Calendar','events','','2018-02-07 03:03:18','2018-02-07 03:03:18','Initial Version',1,0,1,NULL,0,0,NULL,NULL),(47,1,'Event List','event_list','','2018-02-07 03:03:18','2018-02-07 03:03:18','Initial Version',1,0,1,NULL,0,0,NULL,NULL),(48,1,'Add Calendar','add','','2018-02-07 03:03:18','2018-02-07 03:03:18','Initial Version',1,0,1,NULL,0,0,NULL,NULL),(49,1,'Permissions','permissions','','2018-02-07 03:03:18','2018-02-07 03:03:18','Initial Version',1,0,1,NULL,0,0,NULL,NULL),(50,1,'Attributes','attributes','','2018-02-07 03:03:18','2018-02-07 03:03:18','Initial Version',1,0,1,NULL,0,0,NULL,NULL),(51,1,'Conversations','conversations','','2018-02-07 03:03:18','2018-02-07 03:03:18','Initial Version',1,0,1,NULL,0,0,NULL,NULL),(52,1,'Messages','messages','','2018-02-07 03:03:18','2018-02-07 03:03:18','Initial Version',1,0,1,NULL,0,0,NULL,NULL),(53,1,'Stacks & Blocks','blocks','Manage sitewide content and administer block types.','2018-02-07 03:03:18','2018-02-07 03:03:18','Initial Version',1,0,1,NULL,0,0,NULL,NULL),(54,1,'Stacks & Global Areas','stacks','Share content across your site.','2018-02-07 03:03:18','2018-02-07 03:03:18','Initial Version',1,0,1,NULL,0,0,NULL,NULL),(55,1,'Block & Stack Permissions','permissions','Control who can add blocks and stacks on your site.','2018-02-07 03:03:18','2018-02-07 03:03:18','Initial Version',1,0,1,NULL,0,0,NULL,NULL),(56,1,'Stack List','list','','2018-02-07 03:03:18','2018-02-07 03:03:18','Initial Version',1,0,1,NULL,0,0,NULL,NULL),(57,1,'Block Types','types','Manage the installed block types in your site.','2018-02-07 03:03:18','2018-02-07 03:03:18','Initial Version',1,0,1,NULL,0,0,NULL,NULL),(58,1,'Extend concrete5','extend','','2018-02-07 03:03:18','2018-02-07 03:03:18','Initial Version',1,0,1,NULL,0,0,NULL,NULL),(59,1,'Add Functionality','install','Install add-ons & themes.','2018-02-07 03:03:18','2018-02-07 03:03:18','Initial Version',1,0,1,NULL,0,0,NULL,NULL),(60,1,'Update Add-Ons','update','Update your installed packages.','2018-02-07 03:03:18','2018-02-07 03:03:18','Initial Version',1,0,1,NULL,0,0,NULL,NULL),(61,1,'Connect to the Community','connect','Connect to the concrete5 community.','2018-02-07 03:03:18','2018-02-07 03:03:18','Initial Version',1,0,1,NULL,0,0,NULL,NULL),(62,1,'Get More Themes','themes','Download themes from concrete5.org.','2018-02-07 03:03:18','2018-02-07 03:03:18','Initial Version',1,0,1,NULL,0,0,NULL,NULL),(63,1,'Get More Add-Ons','addons','Download add-ons from concrete5.org.','2018-02-07 03:03:18','2018-02-07 03:03:18','Initial Version',1,0,1,NULL,0,0,NULL,NULL),(64,1,'System & Settings','system','Secure and setup your site.','2018-02-07 03:03:18','2018-02-07 03:03:18','Initial Version',1,0,1,NULL,0,0,NULL,NULL),(65,1,'Basics','basics','Basic information about your website.','2018-02-07 03:03:18','2018-02-07 03:03:18','Initial Version',1,0,1,NULL,0,0,NULL,NULL),(66,1,'Name & Attributes','name','','2018-02-07 03:03:18','2018-02-07 03:03:18','Initial Version',1,0,1,NULL,0,0,NULL,NULL),(67,1,'Accessibility','accessibility','','2018-02-07 03:03:18','2018-02-07 03:03:18','Initial Version',1,0,1,NULL,0,0,NULL,NULL),(68,1,'Social Links','social','','2018-02-07 03:03:18','2018-02-07 03:03:18','Initial Version',1,0,1,NULL,0,0,NULL,NULL),(69,1,'Bookmark Icons','icons','Bookmark icon and mobile home screen icon setup.','2018-02-07 03:03:18','2018-02-07 03:03:18','Initial Version',1,0,1,NULL,0,0,NULL,NULL),(70,1,'Rich Text Editor','editor','','2018-02-07 03:03:18','2018-02-07 03:03:18','Initial Version',1,0,1,NULL,0,0,NULL,NULL),(71,1,'Languages','multilingual','','2018-02-07 03:03:18','2018-02-07 03:03:18','Initial Version',1,0,1,NULL,0,0,NULL,NULL),(72,1,'Update Languages','update','','2018-02-07 03:03:18','2018-02-07 03:03:18','Initial Version',1,0,1,NULL,0,0,NULL,NULL),(73,1,'Time Zone','timezone','','2018-02-07 03:03:18','2018-02-07 03:03:18','Initial Version',1,0,1,NULL,0,0,NULL,NULL),(74,1,'Custom Attributes','attributes','','2018-02-07 03:03:18','2018-02-07 03:03:18','Initial Version',1,0,1,NULL,0,0,NULL,NULL),(75,1,'Express','express','Express','2018-02-07 03:03:18','2018-02-07 03:03:18','Initial Version',1,0,1,NULL,0,0,NULL,NULL),(76,1,'Data Objects','entities','','2018-02-07 03:03:18','2018-02-07 03:03:18','Initial Version',1,0,1,NULL,0,0,NULL,NULL),(77,1,'Attributes','attributes','','2018-02-07 03:03:18','2018-02-07 03:03:18','Initial Version',1,0,1,NULL,0,0,NULL,NULL),(78,1,'Associations','associations','','2018-02-07 03:03:18','2018-02-07 03:03:18','Initial Version',1,0,1,NULL,0,0,NULL,NULL),(79,1,'Forms','forms','','2018-02-07 03:03:18','2018-02-07 03:03:18','Initial Version',1,0,1,NULL,0,0,NULL,NULL),(80,1,'Customize Search','customize_search','','2018-02-07 03:03:19','2018-02-07 03:03:19','Initial Version',1,0,1,NULL,0,0,NULL,NULL),(81,1,'Customize Search','order_entries','','2018-02-07 03:03:19','2018-02-07 03:03:19','Initial Version',1,0,1,NULL,0,0,NULL,NULL),(82,1,'Custom Entry Locations','entries','','2018-02-07 03:03:19','2018-02-07 03:03:19','Initial Version',1,0,1,NULL,0,0,NULL,NULL),(83,1,'Multilingual','multilingual','Run your site in multiple languages.','2018-02-07 03:03:19','2018-02-07 03:03:19','Initial Version',1,0,1,NULL,0,0,NULL,NULL),(84,1,'Multilingual Setup','setup','','2018-02-07 03:03:19','2018-02-07 03:03:19','Initial Version',1,0,1,NULL,0,0,NULL,NULL),(85,1,'Copy Languages','copy','','2018-02-07 03:03:19','2018-02-07 03:03:19','Initial Version',1,0,1,NULL,0,0,NULL,NULL),(86,1,'Page Report','page_report','','2018-02-07 03:03:19','2018-02-07 03:03:19','Initial Version',1,0,1,NULL,0,0,NULL,NULL),(87,1,'Translate Site Interface','translate_interface','','2018-02-07 03:03:19','2018-02-07 03:03:19','Initial Version',1,0,1,NULL,0,0,NULL,NULL),(88,1,'SEO & Statistics','seo','Enable pretty URLs and tracking codes.','2018-02-07 03:03:19','2018-02-07 03:03:19','Initial Version',1,0,1,NULL,0,0,NULL,NULL),(89,1,'URLs and Redirection','urls','','2018-02-07 03:03:19','2018-02-07 03:03:19','Initial Version',1,0,1,NULL,0,0,NULL,NULL),(90,1,'Bulk SEO Updater','bulk','','2018-02-07 03:03:19','2018-02-07 03:03:19','Initial Version',1,0,1,NULL,0,0,NULL,NULL),(91,1,'Tracking Codes','codes','','2018-02-07 03:03:19','2018-02-07 03:03:19','Initial Version',1,0,1,NULL,0,0,NULL,NULL),(92,1,'Excluded URL Word List','excluded','','2018-02-07 03:03:19','2018-02-07 03:03:19','Initial Version',1,0,1,NULL,0,0,NULL,NULL),(93,1,'Search Index','searchindex','','2018-02-07 03:03:19','2018-02-07 03:03:19','Initial Version',1,0,1,NULL,0,0,NULL,NULL),(94,1,'Files','files','','2018-02-07 03:03:19','2018-02-07 03:03:19','Initial Version',1,0,1,NULL,0,0,NULL,NULL),(95,1,'Allowed File Types','filetypes','','2018-02-07 03:03:19','2018-02-07 03:03:19','Initial Version',1,0,1,NULL,0,0,NULL,NULL),(96,1,'File Manager Permissions','permissions','','2018-02-07 03:03:19','2018-02-07 03:03:19','Initial Version',1,0,1,NULL,0,0,NULL,NULL),(97,1,'Thumbnails','thumbnails','','2018-02-07 03:03:19','2018-02-07 03:03:19','Initial Version',1,0,1,NULL,0,0,NULL,NULL),(98,1,'Thumbnail Options','options','','2018-02-07 03:03:19','2018-02-07 03:03:19','Initial Version',1,0,1,NULL,0,0,NULL,NULL),(99,1,'Image Uploading','image_uploading','','2018-02-07 03:03:19','2018-02-07 03:03:19','Initial Version',1,0,1,NULL,0,0,NULL,NULL),(100,1,'File Storage Locations','storage','','2018-02-07 03:03:19','2018-02-07 03:03:19','Initial Version',1,0,1,NULL,0,0,NULL,NULL),(101,1,'Optimization','optimization','Keep your site running well.','2018-02-07 03:03:19','2018-02-07 03:03:19','Initial Version',1,0,1,NULL,0,0,NULL,NULL),(102,1,'Cache & Speed Settings','cache','','2018-02-07 03:03:19','2018-02-07 03:03:19','Initial Version',1,0,1,NULL,0,0,NULL,NULL),(103,1,'Clear Cache','clearcache','','2018-02-07 03:03:19','2018-02-07 03:03:19','Initial Version',1,0,1,NULL,0,0,NULL,NULL),(104,1,'Automated Jobs','jobs','','2018-02-07 03:03:19','2018-02-07 03:03:19','Initial Version',1,0,1,NULL,0,0,NULL,NULL),(105,1,'Database Query Log','query_log','','2018-02-07 03:03:19','2018-02-07 03:03:19','Initial Version',1,0,1,NULL,0,0,NULL,NULL),(106,1,'Permissions & Access','permissions','Control who sees and edits your site.','2018-02-07 03:03:19','2018-02-07 03:03:19','Initial Version',1,0,1,NULL,0,0,NULL,NULL),(107,1,'Site Access','site','','2018-02-07 03:03:19','2018-02-07 03:03:19','Initial Version',1,0,1,NULL,0,0,NULL,NULL),(108,1,'Task Permissions','tasks','','2018-02-07 03:03:19','2018-02-07 03:03:19','Initial Version',1,0,1,NULL,0,0,NULL,NULL),(109,1,'User Permissions','users','','2018-02-07 03:03:19','2018-02-07 03:03:19','Initial Version',1,0,1,NULL,0,0,NULL,NULL),(110,1,'Advanced Permissions','advanced','','2018-02-07 03:03:19','2018-02-07 03:03:19','Initial Version',1,0,1,NULL,0,0,NULL,NULL),(111,1,'Workflows','workflows','','2018-02-07 03:03:19','2018-02-07 03:03:19','Initial Version',1,0,1,NULL,0,0,NULL,NULL),(112,1,'IP Blacklist','blacklist','','2018-02-07 03:03:19','2018-02-07 03:03:19','Initial Version',1,0,1,NULL,0,0,NULL,NULL),(113,1,'IP Range','range','','2018-02-07 03:03:19','2018-02-07 03:03:19','Initial Version',1,0,1,NULL,0,0,NULL,NULL),(114,1,'Captcha Setup','captcha','','2018-02-07 03:03:19','2018-02-07 03:03:19','Initial Version',1,0,1,NULL,0,0,NULL,NULL),(115,1,'Spam Control','antispam','','2018-02-07 03:03:19','2018-02-07 03:03:19','Initial Version',1,0,1,NULL,0,0,NULL,NULL),(116,1,'Maintenance Mode','maintenance','','2018-02-07 03:03:19','2018-02-07 03:03:19','Initial Version',1,0,1,NULL,0,0,NULL,NULL),(117,1,'Login & Registration','registration','Change login behaviors and setup public profiles.','2018-02-07 03:03:19','2018-02-07 03:03:19','Initial Version',1,0,1,NULL,0,0,NULL,NULL),(118,1,'Public Registration','open','','2018-02-07 03:03:19','2018-02-07 03:03:19','Initial Version',1,0,1,NULL,0,0,NULL,NULL),(119,1,'Login Destination','postlogin','','2018-02-07 03:03:19','2018-02-07 03:03:19','Initial Version',1,0,1,NULL,0,0,NULL,NULL),(120,1,'Public Profiles','profiles','','2018-02-07 03:03:19','2018-02-07 03:03:19','Initial Version',1,0,1,NULL,0,0,NULL,NULL),(121,1,'Authentication Types','authentication','','2018-02-07 03:03:19','2018-02-07 03:03:19','Initial Version',1,0,1,NULL,0,0,NULL,NULL),(122,1,'Global Password Reset','global_password_reset','Signs out all users, resets all passwords and forces users to choose a new one','2018-02-07 03:03:19','2018-02-07 03:03:19','Initial Version',1,0,1,NULL,0,0,NULL,NULL),(123,1,'Notification Settings','notification','','2018-02-07 03:03:19','2018-02-07 03:03:19','Initial Version',1,0,1,NULL,0,0,NULL,NULL),(124,1,'Email','mail','Control how your site send and processes mail.','2018-02-07 03:03:19','2018-02-07 03:03:19','Initial Version',1,0,1,NULL,0,0,NULL,NULL),(125,1,'SMTP Method','method','','2018-02-07 03:03:19','2018-02-07 03:03:19','Initial Version',1,0,1,NULL,0,0,NULL,NULL),(126,1,'Test Mail Settings','test','','2018-02-07 03:03:19','2018-02-07 03:03:19','Initial Version',1,0,1,NULL,0,0,NULL,NULL),(127,1,'Email Importers','importers','','2018-02-07 03:03:19','2018-02-07 03:03:19','Initial Version',1,0,1,NULL,0,0,NULL,NULL),(128,1,'Calendar','calendar','Manage your calendar settings','2018-02-07 03:03:20','2018-02-07 03:03:20','Initial Version',1,0,1,NULL,0,0,NULL,NULL),(129,1,'General Settings','settings','','2018-02-07 03:03:20','2018-02-07 03:03:20','Initial Version',1,0,1,NULL,0,0,NULL,NULL),(130,1,'Color Settings','colors','','2018-02-07 03:03:20','2018-02-07 03:03:20','Initial Version',1,0,1,NULL,0,0,NULL,NULL),(131,1,'Permissions','permissions','','2018-02-07 03:03:20','2018-02-07 03:03:20','Initial Version',1,0,1,NULL,0,0,NULL,NULL),(132,1,'Import Calendar Data','import','','2018-02-07 03:03:20','2018-02-07 03:03:20','Initial Version',1,0,1,NULL,0,0,NULL,NULL),(133,1,'Conversations','conversations','Manage your conversations settings','2018-02-07 03:03:20','2018-02-07 03:03:20','Initial Version',1,0,1,NULL,0,0,NULL,NULL),(134,1,'Settings','settings','','2018-02-07 03:03:20','2018-02-07 03:03:20','Initial Version',1,0,1,NULL,0,0,NULL,NULL),(135,1,'Community Points','points','','2018-02-07 03:03:20','2018-02-07 03:03:20','Initial Version',1,0,1,NULL,0,0,NULL,NULL),(136,1,'Banned Words','bannedwords','','2018-02-07 03:03:20','2018-02-07 03:03:20','Initial Version',1,0,1,NULL,0,0,NULL,NULL),(137,1,'Conversation Permissions','permissions','','2018-02-07 03:03:20','2018-02-07 03:03:20','Initial Version',1,0,1,NULL,0,0,NULL,NULL),(138,1,'Attributes','attributes','Setup attributes for pages, users, files and more.','2018-02-07 03:03:20','2018-02-07 03:03:20','Initial Version',1,0,1,NULL,0,0,NULL,NULL),(139,1,'Types','types','Choose which attribute types are available for different items.','2018-02-07 03:03:20','2018-02-07 03:03:20','Initial Version',1,0,1,NULL,0,0,NULL,NULL),(140,1,'Sets','sets','Group attributes into sets for easier organization','2018-02-07 03:03:20','2018-02-07 03:03:20','Initial Version',1,0,1,NULL,0,0,NULL,NULL),(141,1,'Topics','topics','','2018-02-07 03:03:20','2018-02-07 03:03:20','Initial Version',1,0,1,NULL,0,0,NULL,NULL),(142,1,'Add Topic Tree','add','','2018-02-07 03:03:20','2018-02-07 03:03:20','Initial Version',1,0,1,NULL,0,0,NULL,NULL),(143,1,'Environment','environment','Advanced settings for web developers.','2018-02-07 03:03:20','2018-02-07 03:03:20','Initial Version',1,0,1,NULL,0,0,NULL,NULL),(144,1,'Environment Information','info','','2018-02-07 03:03:20','2018-02-07 03:03:20','Initial Version',1,0,1,NULL,0,0,NULL,NULL),(145,1,'Debug Settings','debug','','2018-02-07 03:03:20','2018-02-07 03:03:20','Initial Version',1,0,1,NULL,0,0,NULL,NULL),(146,1,'Logging Settings','logging','','2018-02-07 03:03:20','2018-02-07 03:03:20','Initial Version',1,0,1,NULL,0,0,NULL,NULL),(147,1,'Proxy Server','proxy','','2018-02-07 03:03:20','2018-02-07 03:03:20','Initial Version',1,0,1,NULL,0,0,NULL,NULL),(148,1,'Database Entities','entities','','2018-02-07 03:03:20','2018-02-07 03:03:20','Initial Version',1,0,1,NULL,0,0,NULL,NULL),(149,1,'Geolocation','geolocation','','2018-02-07 03:03:20','2018-02-07 03:03:20','Initial Version',1,0,1,NULL,0,0,NULL,NULL),(150,1,'Update concrete5','update','','2018-02-07 03:03:20','2018-02-07 03:03:20','Initial Version',1,0,1,NULL,0,0,NULL,NULL),(151,1,'Apply Update','update','','2018-02-07 03:03:20','2018-02-07 03:03:20','Initial Version',1,0,1,NULL,0,0,NULL,NULL),(152,1,'Welcome','welcome','','2018-02-07 03:03:20','2018-02-07 03:03:20','Initial Version',1,0,1,NULL,0,0,NULL,NULL),(153,1,'Waiting for Me','me',NULL,'2018-02-07 03:03:20','2018-02-07 03:03:20','Initial Version',1,0,1,NULL,0,2,NULL,NULL),(154,1,'Stacks','!stacks','','2018-02-07 03:03:23','2018-02-07 03:03:23','Initial Version',1,0,1,NULL,0,0,NULL,NULL),(155,1,'Trash','!trash','','2018-02-07 03:03:23','2018-02-07 03:03:23','Initial Version',1,0,1,NULL,0,0,NULL,NULL),(156,1,'Login','login','','2018-02-07 03:03:23','2018-02-07 03:03:23','Initial Version',1,0,1,NULL,0,0,NULL,NULL),(157,1,'Register','register','','2018-02-07 03:03:23','2018-02-07 03:03:23','Initial Version',1,0,1,NULL,0,0,NULL,NULL),(158,1,'My Account','account','','2018-02-07 03:03:23','2018-02-07 03:03:23','Initial Version',1,0,1,NULL,0,0,NULL,NULL),(159,1,'Edit Profile','edit_profile','Edit your user profile and change password.','2018-02-07 03:03:23','2018-02-07 03:03:23','Initial Version',1,0,1,NULL,0,0,NULL,NULL),(160,1,'Profile Picture','avatar','Specify a new image attached to posts or edits.','2018-02-07 03:03:23','2018-02-07 03:03:23','Initial Version',1,0,1,NULL,0,0,NULL,NULL),(161,1,'Private Messages','messages','Inbox for site-specific messages.','2018-02-07 03:03:23','2018-02-07 03:03:23','Initial Version',1,0,1,NULL,0,0,NULL,NULL),(162,1,'Page Forbidden','page_forbidden','','2018-02-07 03:03:23','2018-02-07 03:03:23','Initial Version',1,0,1,NULL,0,0,NULL,NULL),(163,1,'Download File','download_file','','2018-02-07 03:03:23','2018-02-07 03:03:23','Initial Version',1,0,1,NULL,0,0,NULL,NULL),(164,1,'Drafts','!drafts','','2018-02-07 03:03:23','2018-02-07 03:03:23','Initial Version',1,0,1,NULL,2,0,NULL,NULL),(165,1,'Page Not Found','page_not_found','','2018-02-07 03:03:23','2018-02-07 03:03:23','Initial Version',1,0,1,NULL,2,0,NULL,NULL),(166,1,'Welcome Back','desktop','','2018-02-07 03:03:23','2018-02-07 03:03:23','Initial Version',1,0,1,NULL,2,0,NULL,NULL),(167,1,'',NULL,NULL,'2018-02-07 03:03:25','2018-02-07 03:03:25','Initial Version',1,0,NULL,NULL,0,4,NULL,NULL),(169,1,'Header Navigation','header-navigation',NULL,'2018-02-07 03:04:29','2018-02-07 03:04:29','Initial Version',0,0,1,NULL,1,0,NULL,NULL),(169,2,'Header Navigation','header-navigation',NULL,'2018-02-07 03:04:29','2018-02-07 03:17:51','New Version 2',0,0,1,1,1,0,NULL,NULL),(169,3,'Header Navigation','header-navigation',NULL,'2018-02-07 03:04:29','2018-02-07 03:18:04','New Version 3',1,0,1,1,1,0,NULL,NULL),(176,1,'Adopt','adopt','','2018-02-07 03:10:03','2018-02-07 03:10:03','Initial Version',1,0,1,1,2,4,NULL,NULL),(177,1,'Foster','foster','','2018-02-07 03:10:14','2018-02-07 03:10:14','Initial Version',1,0,1,1,2,4,NULL,NULL),(178,1,'Donate','donate','','2018-02-07 03:10:26','2018-02-07 03:10:26','Initial Version',0,0,1,1,2,4,NULL,NULL),(178,2,'Donate','donate','','2018-02-07 03:10:00','2018-03-03 20:04:09','New Version 2',0,0,1,1,2,4,NULL,NULL),(178,3,'Donate','donate','','2018-02-07 03:10:00','2018-03-03 20:14:17','New Version 3',0,0,1,1,2,4,NULL,NULL),(178,4,'Donate','donate','','2018-02-07 03:10:00','2018-03-03 20:37:14','New Version 4',0,0,1,1,2,4,NULL,NULL),(178,5,'Donate','donate','','2018-02-07 03:10:00','2018-03-03 21:19:16','New Version 5',0,0,1,1,2,4,NULL,NULL),(178,6,'Donate','donate','','2018-02-07 03:10:00','2018-03-25 19:38:20','Version 6',0,0,1,1,2,4,NULL,NULL),(178,7,'Donate','donate','','2018-02-07 03:10:00','2018-03-25 19:51:38','Version 7',0,0,1,1,2,4,NULL,NULL),(178,8,'Donate','donate','','2018-02-07 03:10:00','2018-03-25 19:52:27','Version 8',0,0,1,1,2,4,NULL,NULL),(178,9,'Donate','donate','','2018-02-07 03:10:00','2018-07-04 19:10:03','Version 9',1,0,1,1,2,4,NULL,NULL),(179,1,'Volunteer','volunteer','','2018-02-07 03:10:39','2018-02-07 03:10:39','Initial Version',1,0,1,1,2,4,NULL,NULL),(180,1,'About','about','','2018-02-07 03:10:55','2018-02-07 03:10:55','Initial Version',1,0,1,1,2,4,NULL,NULL),(181,1,'Contact','contact','','2018-02-07 03:11:04','2018-02-07 03:11:04','Initial Version',1,0,1,1,2,4,NULL,NULL),(182,1,'Events','events','','2018-02-07 03:11:46','2018-02-07 03:11:46','Initial Version',1,0,1,1,2,4,NULL,NULL),(184,1,'Our Process','our-process','','2018-02-07 03:14:23','2018-02-07 03:14:23','Initial Version',1,0,1,1,2,4,NULL,NULL),(185,1,'Is a Greyhound right for You?','greyhound-right-you','','2018-02-07 03:14:48','2018-02-07 03:14:48','Initial Version',1,0,1,1,2,4,NULL,NULL),(194,1,'Google Calendar Settings','google_calendar','Set up a google calendar by adding the API Key and Calendar ID','2018-02-24 03:18:56','2018-02-24 03:18:56','Initial Version',1,0,1,NULL,0,0,NULL,NULL),(195,1,'',NULL,NULL,'2018-02-24 15:07:45','2018-02-24 15:07:45','Initial Version',1,0,NULL,NULL,0,5,NULL,NULL),(198,1,'Keys','keys',NULL,'2018-03-24 18:23:30','2018-03-24 18:23:30','Initial Version',0,0,1,NULL,0,0,NULL,NULL),(198,2,'Keys','keys','','2018-03-24 18:23:00','2018-03-24 18:24:07','New Version 2',1,0,1,1,0,0,NULL,NULL),(205,1,'Available Hounds','available_hounds',NULL,'2018-03-25 01:55:20','2018-03-25 01:55:20','Initial Version',1,0,1,NULL,0,0,NULL,NULL),(206,1,'Heal A Hound','heal-hound','','2018-03-25 19:48:19','2018-03-25 19:48:19','Initial Version',0,0,1,1,2,4,NULL,NULL),(206,2,'Heal A Hound Dinner','heal-hound','','2018-03-25 19:48:00','2018-03-25 19:48:41','New Version 2',1,0,1,1,2,4,NULL,NULL),(207,1,'Greyfest','greyfest','','2018-03-25 19:48:51','2018-03-25 19:48:51','Initial Version',1,0,1,1,2,4,NULL,NULL),(208,1,'Calendar','calendar','','2018-03-25 19:49:03','2018-03-25 19:49:03','Initial Version',0,0,1,1,2,4,NULL,NULL),(208,2,'Calendar','calendar','','2018-03-25 19:49:03','2018-07-04 17:53:48','Version 2',0,0,1,1,2,4,NULL,NULL),(208,3,'Calendar','calendar','','2018-03-25 19:49:03','2018-07-04 17:54:34','Version 3',0,0,1,1,2,4,NULL,NULL),(208,4,'Calendar','calendar','','2018-03-25 19:49:03','2018-07-04 19:42:11','Version 4',1,0,1,1,2,4,NULL,NULL),(209,1,'Member Appreciation','member-appreciation','','2018-03-25 19:49:18','2018-03-25 19:49:18','Initial Version',1,0,1,1,2,4,NULL,NULL);
/*!40000 ALTER TABLE `CollectionVersions` ENABLE KEYS */;
UNLOCK TABLES;

--
-- Table structure for table `Collections`
--

DROP TABLE IF EXISTS `Collections`;
/*!40101 SET @saved_cs_client     = @@character_set_client */;
/*!40101 SET character_set_client = utf8 */;
CREATE TABLE `Collections` (
  `cID` int(10) unsigned NOT NULL AUTO_INCREMENT,
  `cDateAdded` datetime NOT NULL DEFAULT '1000-01-01 00:00:00',
  `cDateModified` datetime NOT NULL DEFAULT '1000-01-01 00:00:00',
  `cHandle` varchar(255) COLLATE utf8_unicode_ci DEFAULT NULL,
  PRIMARY KEY (`cID`),
  KEY `cIDDateModified` (`cID`,`cDateModified`),
  KEY `cDateModified` (`cDateModified`),
  KEY `cDateAdded` (`cDateAdded`)
) ENGINE=InnoDB AUTO_INCREMENT=210 DEFAULT CHARSET=utf8 COLLATE=utf8_unicode_ci;
/*!40101 SET character_set_client = @saved_cs_client */;

--
-- Dumping data for table `Collections`
--

LOCK TABLES `Collections` WRITE;
/*!40000 ALTER TABLE `Collections` DISABLE KEYS */;
INSERT INTO `Collections` VALUES (1,'2018-02-07 03:03:01','2018-07-04 17:59:53',NULL),(2,'2018-02-07 03:03:17','2018-02-07 03:03:17','dashboard'),(3,'2018-02-07 03:03:17','2018-02-07 03:03:17','sitemap'),(4,'2018-02-07 03:03:17','2018-02-07 03:03:17','full'),(5,'2018-02-07 03:03:17','2018-02-07 03:03:17','explore'),(6,'2018-02-07 03:03:17','2018-02-07 03:03:17','search'),(7,'2018-02-07 03:03:17','2018-02-07 03:03:17','files'),(8,'2018-02-07 03:03:17','2018-02-07 03:03:17','search'),(9,'2018-02-07 03:03:17','2018-02-07 03:03:17','attributes'),(10,'2018-02-07 03:03:17','2018-02-07 03:03:17','sets'),(11,'2018-02-07 03:03:17','2018-02-07 03:03:17','add_set'),(12,'2018-02-07 03:03:17','2018-02-07 03:03:17','users'),(13,'2018-02-07 03:03:17','2018-02-07 03:03:17','search'),(14,'2018-02-07 03:03:17','2018-02-07 03:03:17','groups'),(15,'2018-02-07 03:03:17','2018-02-07 03:03:17','attributes'),(16,'2018-02-07 03:03:17','2018-02-07 03:03:17','add'),(17,'2018-02-07 03:03:17','2018-02-07 03:03:17','add_group'),(18,'2018-02-07 03:03:17','2018-02-07 03:03:17','bulkupdate'),(19,'2018-02-07 03:03:17','2018-02-07 03:03:17','group_sets'),(20,'2018-02-07 03:03:17','2018-02-07 03:03:17','points'),(21,'2018-02-07 03:03:17','2018-02-07 03:03:17','assign'),(22,'2018-02-07 03:03:17','2018-02-07 03:03:17','actions'),(23,'2018-02-07 03:03:17','2018-02-07 03:03:17','express'),(24,'2018-02-07 03:03:17','2018-02-07 03:03:17','entries'),(25,'2018-02-07 03:03:17','2018-02-07 03:03:17','reports'),(26,'2018-02-07 03:03:17','2018-02-07 03:03:17','forms'),(27,'2018-02-07 03:03:17','2018-02-07 03:03:17','legacy'),(28,'2018-02-07 03:03:17','2018-02-07 03:03:17','surveys'),(29,'2018-02-07 03:03:17','2018-02-07 03:03:17','logs'),(30,'2018-02-07 03:03:17','2018-02-07 03:03:17','pages'),(31,'2018-02-07 03:03:17','2018-02-07 03:03:17','themes'),(32,'2018-02-07 03:03:17','2018-02-07 03:03:17','inspect'),(33,'2018-02-07 03:03:18','2018-02-07 03:03:18','types'),(34,'2018-02-07 03:03:18','2018-02-07 03:03:18','organize'),(35,'2018-02-07 03:03:18','2018-02-07 03:03:18','add'),(36,'2018-02-07 03:03:18','2018-02-07 03:03:18','form'),(37,'2018-02-07 03:03:18','2018-02-07 03:03:18','output'),(38,'2018-02-07 03:03:18','2018-02-07 03:03:18','attributes'),(39,'2018-02-07 03:03:18','2018-02-07 03:03:18','permissions'),(40,'2018-02-07 03:03:18','2018-02-07 03:03:18','templates'),(41,'2018-02-07 03:03:18','2018-02-07 03:03:18','add'),(42,'2018-02-07 03:03:18','2018-02-07 03:03:18','attributes'),(43,'2018-02-07 03:03:18','2018-02-07 03:03:18','single'),(44,'2018-02-07 03:03:18','2018-02-07 03:03:18','feeds'),(45,'2018-02-07 03:03:18','2018-02-07 03:03:18','calendar'),(46,'2018-02-07 03:03:18','2018-02-07 03:03:18','events'),(47,'2018-02-07 03:03:18','2018-02-07 03:03:18','event_list'),(48,'2018-02-07 03:03:18','2018-02-07 03:03:18','add'),(49,'2018-02-07 03:03:18','2018-02-07 03:03:18','permissions'),(50,'2018-02-07 03:03:18','2018-02-07 03:03:18','attributes'),(51,'2018-02-07 03:03:18','2018-02-07 03:03:18','conversations'),(52,'2018-02-07 03:03:18','2018-02-07 03:03:18','messages'),(53,'2018-02-07 03:03:18','2018-02-07 03:03:18','blocks'),(54,'2018-02-07 03:03:18','2018-02-07 03:03:18','stacks'),(55,'2018-02-07 03:03:18','2018-02-07 03:03:18','permissions'),(56,'2018-02-07 03:03:18','2018-02-07 03:03:18','list'),(57,'2018-02-07 03:03:18','2018-02-07 03:03:18','types'),(58,'2018-02-07 03:03:18','2018-02-07 03:03:18','extend'),(59,'2018-02-07 03:03:18','2018-02-07 03:03:18','install'),(60,'2018-02-07 03:03:18','2018-02-07 03:03:18','update'),(61,'2018-02-07 03:03:18','2018-02-07 03:03:18','connect'),(62,'2018-02-07 03:03:18','2018-02-07 03:03:18','themes'),(63,'2018-02-07 03:03:18','2018-02-07 03:03:18','addons'),(64,'2018-02-07 03:03:18','2018-02-07 03:03:18','system'),(65,'2018-02-07 03:03:18','2018-02-07 03:03:18','basics'),(66,'2018-02-07 03:03:18','2018-02-07 03:03:18','name'),(67,'2018-02-07 03:03:18','2018-02-07 03:03:18','accessibility'),(68,'2018-02-07 03:03:18','2018-02-07 03:03:18','social'),(69,'2018-02-07 03:03:18','2018-02-07 03:03:18','icons'),(70,'2018-02-07 03:03:18','2018-02-07 03:03:18','editor'),(71,'2018-02-07 03:03:18','2018-02-07 03:03:18','multilingual'),(72,'2018-02-07 03:03:18','2018-02-07 03:03:18','update'),(73,'2018-02-07 03:03:18','2018-02-07 03:03:18','timezone'),(74,'2018-02-07 03:03:18','2018-02-07 03:03:18','attributes'),(75,'2018-02-07 03:03:18','2018-02-07 03:03:18','express'),(76,'2018-02-07 03:03:18','2018-02-07 03:03:18','entities'),(77,'2018-02-07 03:03:18','2018-02-07 03:03:18','attributes'),(78,'2018-02-07 03:03:18','2018-02-07 03:03:18','associations'),(79,'2018-02-07 03:03:18','2018-02-07 03:03:18','forms'),(80,'2018-02-07 03:03:19','2018-02-07 03:03:19','customize_search'),(81,'2018-02-07 03:03:19','2018-02-07 03:03:19','order_entries'),(82,'2018-02-07 03:03:19','2018-02-07 03:03:19','entries'),(83,'2018-02-07 03:03:19','2018-02-07 03:03:19','multilingual'),(84,'2018-02-07 03:03:19','2018-02-07 03:03:19','setup'),(85,'2018-02-07 03:03:19','2018-02-07 03:03:19','copy'),(86,'2018-02-07 03:03:19','2018-02-07 03:03:19','page_report'),(87,'2018-02-07 03:03:19','2018-02-07 03:03:19','translate_interface'),(88,'2018-02-07 03:03:19','2018-02-07 03:03:19','seo'),(89,'2018-02-07 03:03:19','2018-02-07 03:03:19','urls'),(90,'2018-02-07 03:03:19','2018-02-07 03:03:19','bulk'),(91,'2018-02-07 03:03:19','2018-02-07 03:03:19','codes'),(92,'2018-02-07 03:03:19','2018-02-07 03:03:19','excluded'),(93,'2018-02-07 03:03:19','2018-02-07 03:03:19','searchindex'),(94,'2018-02-07 03:03:19','2018-02-07 03:03:19','files'),(95,'2018-02-07 03:03:19','2018-02-07 03:03:19','filetypes'),(96,'2018-02-07 03:03:19','2018-02-07 03:03:19','permissions'),(97,'2018-02-07 03:03:19','2018-02-07 03:03:19','thumbnails'),(98,'2018-02-07 03:03:19','2018-02-07 03:03:19','options'),(99,'2018-02-07 03:03:19','2018-02-07 03:03:19','image_uploading'),(100,'2018-02-07 03:03:19','2018-02-07 03:03:19','storage'),(101,'2018-02-07 03:03:19','2018-02-07 03:03:19','optimization'),(102,'2018-02-07 03:03:19','2018-02-07 03:03:19','cache'),(103,'2018-02-07 03:03:19','2018-02-07 03:03:19','clearcache'),(104,'2018-02-07 03:03:19','2018-02-07 03:03:19','jobs'),(105,'2018-02-07 03:03:19','2018-02-07 03:03:19','query_log'),(106,'2018-02-07 03:03:19','2018-02-07 03:03:19','permissions'),(107,'2018-02-07 03:03:19','2018-02-07 03:03:19','site'),(108,'2018-02-07 03:03:19','2018-02-07 03:03:19','tasks'),(109,'2018-02-07 03:03:19','2018-02-07 03:03:19','users'),(110,'2018-02-07 03:03:19','2018-02-07 03:03:19','advanced'),(111,'2018-02-07 03:03:19','2018-02-07 03:03:19','workflows'),(112,'2018-02-07 03:03:19','2018-02-07 03:03:19','blacklist'),(113,'2018-02-07 03:03:19','2018-02-07 03:03:19','range'),(114,'2018-02-07 03:03:19','2018-02-07 03:03:19','captcha'),(115,'2018-02-07 03:03:19','2018-02-07 03:03:19','antispam'),(116,'2018-02-07 03:03:19','2018-02-07 03:03:19','maintenance'),(117,'2018-02-07 03:03:19','2018-02-07 03:03:19','registration'),(118,'2018-02-07 03:03:19','2018-02-07 03:03:19','open'),(119,'2018-02-07 03:03:19','2018-02-07 03:03:19','postlogin'),(120,'2018-02-07 03:03:19','2018-02-07 03:03:19','profiles'),(121,'2018-02-07 03:03:19','2018-02-07 03:03:19','authentication'),(122,'2018-02-07 03:03:19','2018-02-07 03:03:19','global_password_reset'),(123,'2018-02-07 03:03:19','2018-02-07 03:03:19','notification'),(124,'2018-02-07 03:03:19','2018-02-07 03:03:19','mail'),(125,'2018-02-07 03:03:19','2018-02-07 03:03:19','method'),(126,'2018-02-07 03:03:19','2018-02-07 03:03:19','test'),(127,'2018-02-07 03:03:19','2018-02-07 03:03:19','importers'),(128,'2018-02-07 03:03:20','2018-02-07 03:03:20','calendar'),(129,'2018-02-07 03:03:20','2018-02-07 03:03:20','settings'),(130,'2018-02-07 03:03:20','2018-02-07 03:03:20','colors'),(131,'2018-02-07 03:03:20','2018-02-07 03:03:20','permissions'),(132,'2018-02-07 03:03:20','2018-02-07 03:03:20','import'),(133,'2018-02-07 03:03:20','2018-02-07 03:03:20','conversations'),(134,'2018-02-07 03:03:20','2018-02-07 03:03:20','settings'),(135,'2018-02-07 03:03:20','2018-02-07 03:03:20','points'),(136,'2018-02-07 03:03:20','2018-02-07 03:03:20','bannedwords'),(137,'2018-02-07 03:03:20','2018-02-07 03:03:20','permissions'),(138,'2018-02-07 03:03:20','2018-02-07 03:03:20','attributes'),(139,'2018-02-07 03:03:20','2018-02-07 03:03:20','types'),(140,'2018-02-07 03:03:20','2018-02-07 03:03:20','sets'),(141,'2018-02-07 03:03:20','2018-02-07 03:03:20','topics'),(142,'2018-02-07 03:03:20','2018-02-07 03:03:20','add'),(143,'2018-02-07 03:03:20','2018-02-07 03:03:20','environment'),(144,'2018-02-07 03:03:20','2018-02-07 03:03:20','info'),(145,'2018-02-07 03:03:20','2018-02-07 03:03:20','debug'),(146,'2018-02-07 03:03:20','2018-02-07 03:03:20','logging'),(147,'2018-02-07 03:03:20','2018-02-07 03:03:20','proxy'),(148,'2018-02-07 03:03:20','2018-02-07 03:03:20','entities'),(149,'2018-02-07 03:03:20','2018-02-07 03:03:20','geolocation'),(150,'2018-02-07 03:03:20','2018-02-07 03:03:20','update'),(151,'2018-02-07 03:03:20','2018-02-07 03:03:20','update'),(152,'2018-02-07 03:03:20','2018-02-07 03:03:20','welcome'),(153,'2018-02-07 03:03:20','2018-02-07 03:03:20','me'),(154,'2018-02-07 03:03:23','2018-02-07 03:03:23','!stacks'),(155,'2018-02-07 03:03:23','2018-02-07 03:03:23','!trash'),(156,'2018-02-07 03:03:23','2018-02-07 03:03:23','login'),(157,'2018-02-07 03:03:23','2018-02-07 03:03:23','register'),(158,'2018-02-07 03:03:23','2018-02-07 03:03:23','account'),(159,'2018-02-07 03:03:23','2018-02-07 03:03:23','edit_profile'),(160,'2018-02-07 03:03:23','2018-02-07 03:03:23','avatar'),(161,'2018-02-07 03:03:23','2018-02-07 03:03:23','messages'),(162,'2018-02-07 03:03:23','2018-02-07 03:03:23','page_forbidden'),(163,'2018-02-07 03:03:23','2018-02-07 03:03:23','download_file'),(164,'2018-02-07 03:03:23','2018-02-07 03:03:23','!drafts'),(165,'2018-02-07 03:03:23','2018-02-07 03:03:23','page_not_found'),(166,'2018-02-07 03:03:23','2018-02-07 03:03:23','desktop'),(167,'2018-02-07 03:03:25','2018-02-07 03:03:25',NULL),(169,'2018-02-07 03:04:29','2018-02-07 03:18:10','header-navigation'),(176,'2018-02-07 03:10:03','2018-02-07 03:10:03',''),(177,'2018-02-07 03:10:14','2018-02-07 03:10:14',''),(178,'2018-02-07 03:10:26','2018-07-04 19:10:05',''),(179,'2018-02-07 03:10:39','2018-02-07 03:10:39',''),(180,'2018-02-07 03:10:55','2018-02-07 03:10:55',''),(181,'2018-02-07 03:11:04','2018-02-07 03:11:04',''),(182,'2018-02-07 03:11:46','2018-02-07 03:11:46',''),(184,'2018-02-07 03:14:23','2018-02-07 03:14:24',''),(185,'2018-02-07 03:14:48','2018-02-07 03:14:48',''),(194,'2018-02-24 03:18:56','2018-02-24 03:18:56','google_calendar'),(195,'2018-02-24 15:07:45','2018-02-24 15:07:45',NULL),(198,'2018-03-24 18:23:30','2018-03-24 22:34:24','keys'),(205,'2018-03-25 01:55:20','2018-03-25 01:55:20','available_hounds'),(206,'2018-03-25 19:48:19','2018-03-25 19:48:41',''),(207,'2018-03-25 19:48:51','2018-03-25 19:48:51',''),(208,'2018-03-25 19:49:03','2018-07-04 19:42:13',''),(209,'2018-03-25 19:49:18','2018-03-25 19:49:18','');
/*!40000 ALTER TABLE `Collections` ENABLE KEYS */;
UNLOCK TABLES;

--
-- Table structure for table `Config`
--

DROP TABLE IF EXISTS `Config`;
/*!40101 SET @saved_cs_client     = @@character_set_client */;
/*!40101 SET character_set_client = utf8 */;
CREATE TABLE `Config` (
  `configNamespace` varchar(255) COLLATE utf8_unicode_ci NOT NULL DEFAULT '',
  `configGroup` varchar(255) COLLATE utf8_unicode_ci NOT NULL,
  `configItem` varchar(255) COLLATE utf8_unicode_ci NOT NULL,
  `configValue` longtext COLLATE utf8_unicode_ci,
  PRIMARY KEY (`configNamespace`,`configGroup`,`configItem`),
  KEY `configGroup` (`configGroup`)
) ENGINE=InnoDB DEFAULT CHARSET=utf8 COLLATE=utf8_unicode_ci;
/*!40101 SET character_set_client = @saved_cs_client */;

--
-- Dumping data for table `Config`
--

LOCK TABLES `Config` WRITE;
/*!40000 ALTER TABLE `Config` DISABLE KEYS */;
INSERT INTO `Config` VALUES ('','concrete','security.token.encryption','c22e868e0824d9118ca68d56d389062c74acd009f604fb8aa7a1db81f0fa3977'),('','concrete','security.token.jobs','37ebee75c2c294cbd6ad815c3b86eaac8ab5bc3676fd2288edec461e1429612a'),('','concrete','security.token.validation','07dfe95db10b73c37e30cf21802a66dc17502a4cf2da21f6c129a7d8c875a672');
/*!40000 ALTER TABLE `Config` ENABLE KEYS */;
UNLOCK TABLES;

--
-- Table structure for table `ConfigStore`
--

DROP TABLE IF EXISTS `ConfigStore`;
/*!40101 SET @saved_cs_client     = @@character_set_client */;
/*!40101 SET character_set_client = utf8 */;
CREATE TABLE `ConfigStore` (
  `cfKey` varchar(64) COLLATE utf8_unicode_ci NOT NULL,
  `timestamp` timestamp NOT NULL DEFAULT CURRENT_TIMESTAMP,
  `cfValue` longtext COLLATE utf8_unicode_ci,
  `uID` int(10) unsigned NOT NULL DEFAULT '0',
  `pkgID` int(10) unsigned NOT NULL DEFAULT '0',
  PRIMARY KEY (`cfKey`,`uID`),
  KEY `uID` (`uID`,`cfKey`),
  KEY `pkgID` (`pkgID`,`cfKey`)
) ENGINE=InnoDB DEFAULT CHARSET=utf8 COLLATE=utf8_unicode_ci;
/*!40101 SET character_set_client = @saved_cs_client */;

--
-- Dumping data for table `ConfigStore`
--

LOCK TABLES `ConfigStore` WRITE;
/*!40000 ALTER TABLE `ConfigStore` DISABLE KEYS */;
INSERT INTO `ConfigStore` VALUES ('file_manager.sort.14','2018-03-03 18:48:15','[\"folderItemModified\",\"desc\"]',1,0),('file_manager.sort.7','2018-02-07 03:26:53','[\"folderItemModified\",\"desc\"]',1,0),('file_manager.sort.8','2018-02-07 03:27:36','[\"folderItemModified\",\"desc\"]',1,0),('MAIN_HELP_LAST_VIEWED','2018-02-07 03:04:30','1517972670',1,0),('NEWSFLOW_LAST_VIEWED','2018-02-07 03:03:25','0',1,0),('QUICK_NAV_BOOKMARKS','2018-03-24 19:02:07','O:47:\"Concrete\\Core\\Application\\Service\\DashboardMenu\":1:{s:8:\"\0*\0items\";a:9:{i:0;s:18:\"/dashboard/welcome\";i:1;s:25:\"/dashboard/composer/write\";i:2;s:26:\"/dashboard/composer/drafts\";i:3;s:23:\"/dashboard/sitemap/full\";i:4;s:25:\"/dashboard/sitemap/search\";i:5;s:23:\"/dashboard/files/search\";i:6;s:21:\"/dashboard/files/sets\";i:7;s:29:\"/dashboard/reports/statistics\";i:8;s:24:\"/dashboard/reports/forms\";}}',1,0);
/*!40000 ALTER TABLE `ConfigStore` ENABLE KEYS */;
UNLOCK TABLES;

--
-- Table structure for table `ConversationDiscussions`
--

DROP TABLE IF EXISTS `ConversationDiscussions`;
/*!40101 SET @saved_cs_client     = @@character_set_client */;
/*!40101 SET character_set_client = utf8 */;
CREATE TABLE `ConversationDiscussions` (
  `cnvDiscussionID` int(10) unsigned NOT NULL AUTO_INCREMENT,
  `cnvDiscussionDateCreated` datetime NOT NULL,
  `cID` int(10) unsigned DEFAULT NULL,
  PRIMARY KEY (`cnvDiscussionID`),
  KEY `cID` (`cID`)
) ENGINE=InnoDB DEFAULT CHARSET=utf8 COLLATE=utf8_unicode_ci;
/*!40101 SET character_set_client = @saved_cs_client */;

--
-- Dumping data for table `ConversationDiscussions`
--

LOCK TABLES `ConversationDiscussions` WRITE;
/*!40000 ALTER TABLE `ConversationDiscussions` DISABLE KEYS */;
/*!40000 ALTER TABLE `ConversationDiscussions` ENABLE KEYS */;
UNLOCK TABLES;

--
-- Table structure for table `ConversationEditors`
--

DROP TABLE IF EXISTS `ConversationEditors`;
/*!40101 SET @saved_cs_client     = @@character_set_client */;
/*!40101 SET character_set_client = utf8 */;
CREATE TABLE `ConversationEditors` (
  `cnvEditorID` int(10) unsigned NOT NULL AUTO_INCREMENT,
  `cnvEditorHandle` varchar(64) COLLATE utf8_unicode_ci DEFAULT NULL,
  `cnvEditorName` varchar(255) COLLATE utf8_unicode_ci DEFAULT NULL,
  `cnvEditorIsActive` tinyint(1) NOT NULL DEFAULT '0',
  `pkgID` int(10) unsigned NOT NULL DEFAULT '0',
  PRIMARY KEY (`cnvEditorID`),
  KEY `pkgID` (`pkgID`,`cnvEditorHandle`)
) ENGINE=InnoDB AUTO_INCREMENT=4 DEFAULT CHARSET=utf8 COLLATE=utf8_unicode_ci;
/*!40101 SET character_set_client = @saved_cs_client */;

--
-- Dumping data for table `ConversationEditors`
--

LOCK TABLES `ConversationEditors` WRITE;
/*!40000 ALTER TABLE `ConversationEditors` DISABLE KEYS */;
INSERT INTO `ConversationEditors` VALUES (1,'plain_text','Plain Text',1,0),(2,'markdown','Markdown',0,0),(3,'redactor','Redactor',0,0);
/*!40000 ALTER TABLE `ConversationEditors` ENABLE KEYS */;
UNLOCK TABLES;

--
-- Table structure for table `ConversationFeatureDetailAssignments`
--

DROP TABLE IF EXISTS `ConversationFeatureDetailAssignments`;
/*!40101 SET @saved_cs_client     = @@character_set_client */;
/*!40101 SET character_set_client = utf8 */;
CREATE TABLE `ConversationFeatureDetailAssignments` (
  `faID` int(10) unsigned NOT NULL DEFAULT '0',
  `cnvID` int(10) unsigned NOT NULL DEFAULT '0',
  PRIMARY KEY (`faID`),
  KEY `cnvID` (`cnvID`)
) ENGINE=InnoDB DEFAULT CHARSET=utf8 COLLATE=utf8_unicode_ci;
/*!40101 SET character_set_client = @saved_cs_client */;

--
-- Dumping data for table `ConversationFeatureDetailAssignments`
--

LOCK TABLES `ConversationFeatureDetailAssignments` WRITE;
/*!40000 ALTER TABLE `ConversationFeatureDetailAssignments` DISABLE KEYS */;
/*!40000 ALTER TABLE `ConversationFeatureDetailAssignments` ENABLE KEYS */;
UNLOCK TABLES;

--
-- Table structure for table `ConversationFlaggedMessageTypes`
--

DROP TABLE IF EXISTS `ConversationFlaggedMessageTypes`;
/*!40101 SET @saved_cs_client     = @@character_set_client */;
/*!40101 SET character_set_client = utf8 */;
CREATE TABLE `ConversationFlaggedMessageTypes` (
  `cnvMessageFlagTypeID` int(10) unsigned NOT NULL AUTO_INCREMENT,
  `cnvMessageFlagTypeHandle` varchar(64) COLLATE utf8_unicode_ci DEFAULT NULL,
  PRIMARY KEY (`cnvMessageFlagTypeID`),
  UNIQUE KEY `cnvMessageFlagTypeHandle` (`cnvMessageFlagTypeHandle`)
) ENGINE=InnoDB AUTO_INCREMENT=2 DEFAULT CHARSET=utf8 COLLATE=utf8_unicode_ci;
/*!40101 SET character_set_client = @saved_cs_client */;

--
-- Dumping data for table `ConversationFlaggedMessageTypes`
--

LOCK TABLES `ConversationFlaggedMessageTypes` WRITE;
/*!40000 ALTER TABLE `ConversationFlaggedMessageTypes` DISABLE KEYS */;
INSERT INTO `ConversationFlaggedMessageTypes` VALUES (1,'spam');
/*!40000 ALTER TABLE `ConversationFlaggedMessageTypes` ENABLE KEYS */;
UNLOCK TABLES;

--
-- Table structure for table `ConversationFlaggedMessages`
--

DROP TABLE IF EXISTS `ConversationFlaggedMessages`;
/*!40101 SET @saved_cs_client     = @@character_set_client */;
/*!40101 SET character_set_client = utf8 */;
CREATE TABLE `ConversationFlaggedMessages` (
  `cnvMessageID` int(10) unsigned NOT NULL,
  `cnvMessageFlagTypeID` int(11) DEFAULT NULL,
  PRIMARY KEY (`cnvMessageID`),
  KEY `cnvMessageFlagTypeID` (`cnvMessageFlagTypeID`)
) ENGINE=InnoDB DEFAULT CHARSET=utf8 COLLATE=utf8_unicode_ci;
/*!40101 SET character_set_client = @saved_cs_client */;

--
-- Dumping data for table `ConversationFlaggedMessages`
--

LOCK TABLES `ConversationFlaggedMessages` WRITE;
/*!40000 ALTER TABLE `ConversationFlaggedMessages` DISABLE KEYS */;
/*!40000 ALTER TABLE `ConversationFlaggedMessages` ENABLE KEYS */;
UNLOCK TABLES;

--
-- Table structure for table `ConversationMessageAttachments`
--

DROP TABLE IF EXISTS `ConversationMessageAttachments`;
/*!40101 SET @saved_cs_client     = @@character_set_client */;
/*!40101 SET character_set_client = utf8 */;
CREATE TABLE `ConversationMessageAttachments` (
  `cnvMessageAttachmentID` int(10) unsigned NOT NULL AUTO_INCREMENT,
  `cnvMessageID` int(11) DEFAULT NULL,
  `fID` int(11) DEFAULT NULL,
  PRIMARY KEY (`cnvMessageAttachmentID`),
  KEY `cnvMessageID` (`cnvMessageID`),
  KEY `fID` (`fID`)
) ENGINE=InnoDB DEFAULT CHARSET=utf8 COLLATE=utf8_unicode_ci;
/*!40101 SET character_set_client = @saved_cs_client */;

--
-- Dumping data for table `ConversationMessageAttachments`
--

LOCK TABLES `ConversationMessageAttachments` WRITE;
/*!40000 ALTER TABLE `ConversationMessageAttachments` DISABLE KEYS */;
/*!40000 ALTER TABLE `ConversationMessageAttachments` ENABLE KEYS */;
UNLOCK TABLES;

--
-- Table structure for table `ConversationMessageNotifications`
--

DROP TABLE IF EXISTS `ConversationMessageNotifications`;
/*!40101 SET @saved_cs_client     = @@character_set_client */;
/*!40101 SET character_set_client = utf8 */;
CREATE TABLE `ConversationMessageNotifications` (
  `cnvMessageID` int(10) unsigned NOT NULL,
  `nID` int(10) unsigned NOT NULL,
  PRIMARY KEY (`nID`),
  CONSTRAINT `FK_559DE1CBED024EFD` FOREIGN KEY (`nID`) REFERENCES `Notifications` (`nID`) ON DELETE CASCADE
) ENGINE=InnoDB DEFAULT CHARSET=utf8 COLLATE=utf8_unicode_ci;
/*!40101 SET character_set_client = @saved_cs_client */;

--
-- Dumping data for table `ConversationMessageNotifications`
--

LOCK TABLES `ConversationMessageNotifications` WRITE;
/*!40000 ALTER TABLE `ConversationMessageNotifications` DISABLE KEYS */;
/*!40000 ALTER TABLE `ConversationMessageNotifications` ENABLE KEYS */;
UNLOCK TABLES;

--
-- Table structure for table `ConversationMessageRatings`
--

DROP TABLE IF EXISTS `ConversationMessageRatings`;
/*!40101 SET @saved_cs_client     = @@character_set_client */;
/*!40101 SET character_set_client = utf8 */;
CREATE TABLE `ConversationMessageRatings` (
  `cnvMessageRatingID` int(10) unsigned NOT NULL AUTO_INCREMENT,
  `cnvMessageID` int(10) unsigned DEFAULT NULL,
  `cnvRatingTypeID` int(10) unsigned NOT NULL DEFAULT '0',
  `cnvMessageRatingIP` tinyblob,
  `timestamp` datetime DEFAULT NULL,
  `uID` int(10) unsigned NOT NULL DEFAULT '0',
  PRIMARY KEY (`cnvMessageRatingID`),
  KEY `cnvMessageID` (`cnvMessageID`,`cnvRatingTypeID`),
  KEY `cnvRatingTypeID` (`cnvRatingTypeID`),
  KEY `uID` (`uID`)
) ENGINE=InnoDB DEFAULT CHARSET=utf8 COLLATE=utf8_unicode_ci;
/*!40101 SET character_set_client = @saved_cs_client */;

--
-- Dumping data for table `ConversationMessageRatings`
--

LOCK TABLES `ConversationMessageRatings` WRITE;
/*!40000 ALTER TABLE `ConversationMessageRatings` DISABLE KEYS */;
/*!40000 ALTER TABLE `ConversationMessageRatings` ENABLE KEYS */;
UNLOCK TABLES;

--
-- Table structure for table `ConversationMessages`
--

DROP TABLE IF EXISTS `ConversationMessages`;
/*!40101 SET @saved_cs_client     = @@character_set_client */;
/*!40101 SET character_set_client = utf8 */;
CREATE TABLE `ConversationMessages` (
  `cnvMessageID` int(10) unsigned NOT NULL AUTO_INCREMENT,
  `cnvID` int(10) unsigned NOT NULL DEFAULT '0',
  `cnvMessageReview` int(10) unsigned NOT NULL DEFAULT '0',
  `uID` int(10) unsigned NOT NULL DEFAULT '0',
  `cnvEditorID` int(10) unsigned NOT NULL DEFAULT '0',
  `cnvMessageAuthorName` varchar(255) COLLATE utf8_unicode_ci DEFAULT NULL,
  `cnvMessageAuthorEmail` varchar(255) COLLATE utf8_unicode_ci DEFAULT NULL,
  `cnvMessageAuthorWebsite` varchar(255) COLLATE utf8_unicode_ci DEFAULT NULL,
  `cnvMessageSubmitIP` tinyblob,
  `cnvMessageSubmitUserAgent` longtext COLLATE utf8_unicode_ci,
  `cnvMessageLevel` int(10) unsigned NOT NULL DEFAULT '0',
  `cnvMessageParentID` int(10) unsigned NOT NULL DEFAULT '0',
  `cnvMessageDateCreated` datetime DEFAULT NULL,
  `cnvMessageSubject` text COLLATE utf8_unicode_ci,
  `cnvMessageBody` text COLLATE utf8_unicode_ci,
  `cnvIsMessageDeleted` tinyint(1) NOT NULL DEFAULT '0',
  `cnvIsMessageApproved` tinyint(1) NOT NULL DEFAULT '0',
  `cnvMessageTotalRatingScore` bigint(20) DEFAULT '0',
  PRIMARY KEY (`cnvMessageID`),
  KEY `cnvID` (`cnvID`),
  KEY `cnvMessageParentID` (`cnvMessageParentID`),
  KEY `uID` (`uID`)
) ENGINE=InnoDB DEFAULT CHARSET=utf8 COLLATE=utf8_unicode_ci;
/*!40101 SET character_set_client = @saved_cs_client */;

--
-- Dumping data for table `ConversationMessages`
--

LOCK TABLES `ConversationMessages` WRITE;
/*!40000 ALTER TABLE `ConversationMessages` DISABLE KEYS */;
/*!40000 ALTER TABLE `ConversationMessages` ENABLE KEYS */;
UNLOCK TABLES;

--
-- Table structure for table `ConversationPermissionAddMessageAccessList`
--

DROP TABLE IF EXISTS `ConversationPermissionAddMessageAccessList`;
/*!40101 SET @saved_cs_client     = @@character_set_client */;
/*!40101 SET character_set_client = utf8 */;
CREATE TABLE `ConversationPermissionAddMessageAccessList` (
  `paID` int(10) unsigned NOT NULL DEFAULT '0',
  `peID` int(10) unsigned NOT NULL DEFAULT '0',
  `permission` varchar(1) COLLATE utf8_unicode_ci NOT NULL DEFAULT 'A',
  PRIMARY KEY (`paID`,`peID`),
  KEY `peID` (`peID`)
) ENGINE=InnoDB DEFAULT CHARSET=utf8 COLLATE=utf8_unicode_ci;
/*!40101 SET character_set_client = @saved_cs_client */;

--
-- Dumping data for table `ConversationPermissionAddMessageAccessList`
--

LOCK TABLES `ConversationPermissionAddMessageAccessList` WRITE;
/*!40000 ALTER TABLE `ConversationPermissionAddMessageAccessList` DISABLE KEYS */;
/*!40000 ALTER TABLE `ConversationPermissionAddMessageAccessList` ENABLE KEYS */;
UNLOCK TABLES;

--
-- Table structure for table `ConversationPermissionAssignments`
--

DROP TABLE IF EXISTS `ConversationPermissionAssignments`;
/*!40101 SET @saved_cs_client     = @@character_set_client */;
/*!40101 SET character_set_client = utf8 */;
CREATE TABLE `ConversationPermissionAssignments` (
  `cnvID` int(10) unsigned NOT NULL DEFAULT '0',
  `pkID` int(10) unsigned NOT NULL DEFAULT '0',
  `paID` int(10) unsigned NOT NULL DEFAULT '0',
  PRIMARY KEY (`cnvID`,`pkID`,`paID`),
  KEY `paID` (`paID`),
  KEY `pkID` (`pkID`)
) ENGINE=InnoDB DEFAULT CHARSET=utf8 COLLATE=utf8_unicode_ci;
/*!40101 SET character_set_client = @saved_cs_client */;

--
-- Dumping data for table `ConversationPermissionAssignments`
--

LOCK TABLES `ConversationPermissionAssignments` WRITE;
/*!40000 ALTER TABLE `ConversationPermissionAssignments` DISABLE KEYS */;
INSERT INTO `ConversationPermissionAssignments` VALUES (0,67,102),(0,68,103),(0,69,107),(0,70,105),(0,71,104),(0,72,106),(0,73,108),(0,74,109);
/*!40000 ALTER TABLE `ConversationPermissionAssignments` ENABLE KEYS */;
UNLOCK TABLES;

--
-- Table structure for table `ConversationRatingTypes`
--

DROP TABLE IF EXISTS `ConversationRatingTypes`;
/*!40101 SET @saved_cs_client     = @@character_set_client */;
/*!40101 SET character_set_client = utf8 */;
CREATE TABLE `ConversationRatingTypes` (
  `cnvRatingTypeID` int(10) unsigned NOT NULL AUTO_INCREMENT,
  `cnvRatingTypeHandle` varchar(255) COLLATE utf8_unicode_ci DEFAULT NULL,
  `cnvRatingTypeName` varchar(10) COLLATE utf8_unicode_ci DEFAULT NULL,
  `cnvRatingTypeCommunityPoints` int(11) DEFAULT NULL,
  `pkgID` int(10) unsigned NOT NULL DEFAULT '0',
  PRIMARY KEY (`cnvRatingTypeID`),
  UNIQUE KEY `cnvRatingTypeHandle` (`cnvRatingTypeHandle`),
  KEY `pkgID` (`pkgID`,`cnvRatingTypeHandle`)
) ENGINE=InnoDB AUTO_INCREMENT=3 DEFAULT CHARSET=utf8 COLLATE=utf8_unicode_ci;
/*!40101 SET character_set_client = @saved_cs_client */;

--
-- Dumping data for table `ConversationRatingTypes`
--

LOCK TABLES `ConversationRatingTypes` WRITE;
/*!40000 ALTER TABLE `ConversationRatingTypes` DISABLE KEYS */;
INSERT INTO `ConversationRatingTypes` VALUES (1,'up_vote','Up Vote',1,0),(2,'down_vote','Down Vote',0,0);
/*!40000 ALTER TABLE `ConversationRatingTypes` ENABLE KEYS */;
UNLOCK TABLES;

--
-- Table structure for table `ConversationSubscriptions`
--

DROP TABLE IF EXISTS `ConversationSubscriptions`;
/*!40101 SET @saved_cs_client     = @@character_set_client */;
/*!40101 SET character_set_client = utf8 */;
CREATE TABLE `ConversationSubscriptions` (
  `cnvID` int(10) unsigned NOT NULL DEFAULT '0',
  `uID` int(10) unsigned NOT NULL DEFAULT '0',
  `type` varchar(1) COLLATE utf8_unicode_ci DEFAULT 'S',
  PRIMARY KEY (`cnvID`,`uID`),
  KEY `cnvID` (`cnvID`),
  KEY `uID` (`uID`)
) ENGINE=InnoDB DEFAULT CHARSET=utf8 COLLATE=utf8_unicode_ci;
/*!40101 SET character_set_client = @saved_cs_client */;

--
-- Dumping data for table `ConversationSubscriptions`
--

LOCK TABLES `ConversationSubscriptions` WRITE;
/*!40000 ALTER TABLE `ConversationSubscriptions` DISABLE KEYS */;
INSERT INTO `ConversationSubscriptions` VALUES (0,1,'S');
/*!40000 ALTER TABLE `ConversationSubscriptions` ENABLE KEYS */;
UNLOCK TABLES;

--
-- Table structure for table `Conversations`
--

DROP TABLE IF EXISTS `Conversations`;
/*!40101 SET @saved_cs_client     = @@character_set_client */;
/*!40101 SET character_set_client = utf8 */;
CREATE TABLE `Conversations` (
  `cnvID` int(10) unsigned NOT NULL AUTO_INCREMENT,
  `cID` int(10) unsigned DEFAULT '0',
  `cnvDateCreated` datetime NOT NULL,
  `cnvDateLastMessage` datetime DEFAULT NULL,
  `cnvParentMessageID` int(10) unsigned DEFAULT '0',
  `cnvAttachmentsEnabled` tinyint(1) NOT NULL DEFAULT '1',
  `cnvMessagesTotal` int(10) unsigned DEFAULT '0',
  `cnvOverrideGlobalPermissions` tinyint(1) DEFAULT '0',
  `cnvAttachmentOverridesEnabled` tinyint(1) NOT NULL DEFAULT '0',
  `cnvMaxFilesGuest` int(11) DEFAULT '0',
  `cnvMaxFilesRegistered` int(11) DEFAULT '0',
  `cnvMaxFileSizeGuest` int(11) DEFAULT '0',
  `cnvMaxFileSizeRegistered` int(11) DEFAULT '0',
  `cnvFileExtensions` text COLLATE utf8_unicode_ci,
  `cnvNotificationOverridesEnabled` tinyint(1) NOT NULL DEFAULT '0',
  `cnvEnableSubscription` tinyint(1) DEFAULT '0',
  PRIMARY KEY (`cnvID`),
  KEY `cID` (`cID`),
  KEY `cnvParentMessageID` (`cnvParentMessageID`)
) ENGINE=InnoDB DEFAULT CHARSET=utf8 COLLATE=utf8_unicode_ci;
/*!40101 SET character_set_client = @saved_cs_client */;

--
-- Dumping data for table `Conversations`
--

LOCK TABLES `Conversations` WRITE;
/*!40000 ALTER TABLE `Conversations` DISABLE KEYS */;
/*!40000 ALTER TABLE `Conversations` ENABLE KEYS */;
UNLOCK TABLES;

--
-- Table structure for table `DownloadStatistics`
--

DROP TABLE IF EXISTS `DownloadStatistics`;
/*!40101 SET @saved_cs_client     = @@character_set_client */;
/*!40101 SET character_set_client = utf8 */;
CREATE TABLE `DownloadStatistics` (
  `dsID` int(10) unsigned NOT NULL AUTO_INCREMENT,
  `fID` int(10) unsigned NOT NULL,
  `fvID` int(10) unsigned NOT NULL,
  `uID` int(10) unsigned NOT NULL,
  `rcID` int(10) unsigned NOT NULL,
  `timestamp` timestamp NOT NULL DEFAULT CURRENT_TIMESTAMP,
  PRIMARY KEY (`dsID`),
  KEY `fID` (`fID`,`timestamp`),
  KEY `fvID` (`fID`,`fvID`),
  KEY `uID` (`uID`),
  KEY `rcID` (`rcID`),
  KEY `timestamp` (`timestamp`)
) ENGINE=InnoDB DEFAULT CHARSET=utf8 COLLATE=utf8_unicode_ci;
/*!40101 SET character_set_client = @saved_cs_client */;

--
-- Dumping data for table `DownloadStatistics`
--

LOCK TABLES `DownloadStatistics` WRITE;
/*!40000 ALTER TABLE `DownloadStatistics` DISABLE KEYS */;
/*!40000 ALTER TABLE `DownloadStatistics` ENABLE KEYS */;
UNLOCK TABLES;

--
-- Table structure for table `ExpressAttributeKeys`
--

DROP TABLE IF EXISTS `ExpressAttributeKeys`;
/*!40101 SET @saved_cs_client     = @@character_set_client */;
/*!40101 SET character_set_client = utf8 */;
CREATE TABLE `ExpressAttributeKeys` (
  `entity_id` char(36) COLLATE utf8_unicode_ci DEFAULT NULL COMMENT '(DC2Type:guid)',
  `akID` int(10) unsigned NOT NULL,
  PRIMARY KEY (`akID`),
  KEY `IDX_8C881F181257D5D` (`entity_id`),
  CONSTRAINT `FK_8C881F181257D5D` FOREIGN KEY (`entity_id`) REFERENCES `ExpressEntities` (`id`),
  CONSTRAINT `FK_8C881F1B6561A7E` FOREIGN KEY (`akID`) REFERENCES `AttributeKeys` (`akID`) ON DELETE CASCADE
) ENGINE=InnoDB DEFAULT CHARSET=utf8 COLLATE=utf8_unicode_ci;
/*!40101 SET character_set_client = @saved_cs_client */;

--
-- Dumping data for table `ExpressAttributeKeys`
--

LOCK TABLES `ExpressAttributeKeys` WRITE;
/*!40000 ALTER TABLE `ExpressAttributeKeys` DISABLE KEYS */;
/*!40000 ALTER TABLE `ExpressAttributeKeys` ENABLE KEYS */;
UNLOCK TABLES;

--
-- Table structure for table `ExpressEntities`
--

DROP TABLE IF EXISTS `ExpressEntities`;
/*!40101 SET @saved_cs_client     = @@character_set_client */;
/*!40101 SET character_set_client = utf8 */;
CREATE TABLE `ExpressEntities` (
  `id` char(36) COLLATE utf8_unicode_ci NOT NULL COMMENT '(DC2Type:guid)',
  `default_view_form_id` char(36) COLLATE utf8_unicode_ci DEFAULT NULL COMMENT '(DC2Type:guid)',
  `default_edit_form_id` char(36) COLLATE utf8_unicode_ci DEFAULT NULL COMMENT '(DC2Type:guid)',
  `name` varchar(255) COLLATE utf8_unicode_ci NOT NULL,
  `handle` varchar(255) COLLATE utf8_unicode_ci NOT NULL,
  `plural_handle` varchar(255) COLLATE utf8_unicode_ci DEFAULT NULL,
  `label_mask` varchar(255) COLLATE utf8_unicode_ci DEFAULT NULL,
  `supports_custom_display_order` tinyint(1) NOT NULL,
  `description` longtext COLLATE utf8_unicode_ci,
  `result_column_set` longtext COLLATE utf8_unicode_ci COMMENT '(DC2Type:object)',
  `include_in_public_list` tinyint(1) NOT NULL,
  `entity_results_node_id` int(11) NOT NULL,
  `created_date` datetime NOT NULL,
  `pkgID` int(10) unsigned DEFAULT NULL,
  PRIMARY KEY (`id`),
  UNIQUE KEY `UNIQ_BC772AA6918020D9` (`handle`),
  UNIQUE KEY `UNIQ_BC772AA6547D6B2D` (`default_view_form_id`),
  UNIQUE KEY `UNIQ_BC772AA6C7DEC56D` (`default_edit_form_id`),
  KEY `IDX_BC772AA6CE45CBB0` (`pkgID`),
  CONSTRAINT `FK_BC772AA6547D6B2D` FOREIGN KEY (`default_view_form_id`) REFERENCES `ExpressForms` (`id`),
  CONSTRAINT `FK_BC772AA6C7DEC56D` FOREIGN KEY (`default_edit_form_id`) REFERENCES `ExpressForms` (`id`),
  CONSTRAINT `FK_BC772AA6CE45CBB0` FOREIGN KEY (`pkgID`) REFERENCES `Packages` (`pkgID`)
) ENGINE=InnoDB DEFAULT CHARSET=utf8 COLLATE=utf8_unicode_ci;
/*!40101 SET character_set_client = @saved_cs_client */;

--
-- Dumping data for table `ExpressEntities`
--

LOCK TABLES `ExpressEntities` WRITE;
/*!40000 ALTER TABLE `ExpressEntities` DISABLE KEYS */;
/*!40000 ALTER TABLE `ExpressEntities` ENABLE KEYS */;
UNLOCK TABLES;

--
-- Table structure for table `ExpressEntityAssociationSelectedEntries`
--

DROP TABLE IF EXISTS `ExpressEntityAssociationSelectedEntries`;
/*!40101 SET @saved_cs_client     = @@character_set_client */;
/*!40101 SET character_set_client = utf8 */;
CREATE TABLE `ExpressEntityAssociationSelectedEntries` (
  `id` int(11) NOT NULL,
  `exSelectedEntryID` int(11) NOT NULL,
  PRIMARY KEY (`id`,`exSelectedEntryID`),
  KEY `IDX_1F9C570CBF396750` (`id`),
  KEY `IDX_1F9C570CC7B1F65C` (`exSelectedEntryID`),
  CONSTRAINT `FK_1F9C570CBF396750` FOREIGN KEY (`id`) REFERENCES `ExpressEntityEntryAssociations` (`id`),
  CONSTRAINT `FK_1F9C570CC7B1F65C` FOREIGN KEY (`exSelectedEntryID`) REFERENCES `ExpressEntityEntries` (`exEntryID`)
) ENGINE=InnoDB DEFAULT CHARSET=utf8 COLLATE=utf8_unicode_ci;
/*!40101 SET character_set_client = @saved_cs_client */;

--
-- Dumping data for table `ExpressEntityAssociationSelectedEntries`
--

LOCK TABLES `ExpressEntityAssociationSelectedEntries` WRITE;
/*!40000 ALTER TABLE `ExpressEntityAssociationSelectedEntries` DISABLE KEYS */;
/*!40000 ALTER TABLE `ExpressEntityAssociationSelectedEntries` ENABLE KEYS */;
UNLOCK TABLES;

--
-- Table structure for table `ExpressEntityAssociations`
--

DROP TABLE IF EXISTS `ExpressEntityAssociations`;
/*!40101 SET @saved_cs_client     = @@character_set_client */;
/*!40101 SET character_set_client = utf8 */;
CREATE TABLE `ExpressEntityAssociations` (
  `id` char(36) COLLATE utf8_unicode_ci NOT NULL COMMENT '(DC2Type:guid)',
  `source_entity_id` char(36) COLLATE utf8_unicode_ci DEFAULT NULL COMMENT '(DC2Type:guid)',
  `target_entity_id` char(36) COLLATE utf8_unicode_ci DEFAULT NULL COMMENT '(DC2Type:guid)',
  `is_owned_by_association` tinyint(1) NOT NULL,
  `is_owning_association` tinyint(1) NOT NULL,
  `target_property_name` varchar(255) COLLATE utf8_unicode_ci DEFAULT NULL,
  `inversed_by_property_name` varchar(255) COLLATE utf8_unicode_ci DEFAULT NULL,
  `type` varchar(255) COLLATE utf8_unicode_ci NOT NULL,
  `association_type` varchar(255) COLLATE utf8_unicode_ci DEFAULT NULL,
  PRIMARY KEY (`id`),
  KEY `IDX_98A0F796E9BBEE93` (`source_entity_id`),
  KEY `IDX_98A0F796B5910F71` (`target_entity_id`),
  CONSTRAINT `FK_98A0F796B5910F71` FOREIGN KEY (`target_entity_id`) REFERENCES `ExpressEntities` (`id`),
  CONSTRAINT `FK_98A0F796E9BBEE93` FOREIGN KEY (`source_entity_id`) REFERENCES `ExpressEntities` (`id`)
) ENGINE=InnoDB DEFAULT CHARSET=utf8 COLLATE=utf8_unicode_ci;
/*!40101 SET character_set_client = @saved_cs_client */;

--
-- Dumping data for table `ExpressEntityAssociations`
--

LOCK TABLES `ExpressEntityAssociations` WRITE;
/*!40000 ALTER TABLE `ExpressEntityAssociations` DISABLE KEYS */;
/*!40000 ALTER TABLE `ExpressEntityAssociations` ENABLE KEYS */;
UNLOCK TABLES;

--
-- Table structure for table `ExpressEntityEntries`
--

DROP TABLE IF EXISTS `ExpressEntityEntries`;
/*!40101 SET @saved_cs_client     = @@character_set_client */;
/*!40101 SET character_set_client = utf8 */;
CREATE TABLE `ExpressEntityEntries` (
  `exEntryID` int(11) NOT NULL AUTO_INCREMENT,
  `exEntryDisplayOrder` int(11) NOT NULL,
  `exEntryDateCreated` datetime NOT NULL,
  `exEntryEntityID` char(36) COLLATE utf8_unicode_ci DEFAULT NULL COMMENT '(DC2Type:guid)',
  PRIMARY KEY (`exEntryID`),
  KEY `IDX_B8AE3531AFC87D03` (`exEntryEntityID`),
  CONSTRAINT `FK_B8AE3531AFC87D03` FOREIGN KEY (`exEntryEntityID`) REFERENCES `ExpressEntities` (`id`)
) ENGINE=InnoDB DEFAULT CHARSET=utf8 COLLATE=utf8_unicode_ci;
/*!40101 SET character_set_client = @saved_cs_client */;

--
-- Dumping data for table `ExpressEntityEntries`
--

LOCK TABLES `ExpressEntityEntries` WRITE;
/*!40000 ALTER TABLE `ExpressEntityEntries` DISABLE KEYS */;
/*!40000 ALTER TABLE `ExpressEntityEntries` ENABLE KEYS */;
UNLOCK TABLES;

--
-- Table structure for table `ExpressEntityEntryAssociations`
--

DROP TABLE IF EXISTS `ExpressEntityEntryAssociations`;
/*!40101 SET @saved_cs_client     = @@character_set_client */;
/*!40101 SET character_set_client = utf8 */;
CREATE TABLE `ExpressEntityEntryAssociations` (
  `id` int(11) NOT NULL AUTO_INCREMENT,
  `association_id` char(36) COLLATE utf8_unicode_ci DEFAULT NULL COMMENT '(DC2Type:guid)',
  `exEntryID` int(11) DEFAULT NULL,
  `type` varchar(255) COLLATE utf8_unicode_ci NOT NULL,
  PRIMARY KEY (`id`),
  KEY `IDX_25B3A0826DCB6296` (`exEntryID`),
  KEY `IDX_25B3A082EFB9C8A5` (`association_id`),
  CONSTRAINT `FK_25B3A0826DCB6296` FOREIGN KEY (`exEntryID`) REFERENCES `ExpressEntityEntries` (`exEntryID`),
  CONSTRAINT `FK_25B3A082EFB9C8A5` FOREIGN KEY (`association_id`) REFERENCES `ExpressEntityAssociations` (`id`)
) ENGINE=InnoDB DEFAULT CHARSET=utf8 COLLATE=utf8_unicode_ci;
/*!40101 SET character_set_client = @saved_cs_client */;

--
-- Dumping data for table `ExpressEntityEntryAssociations`
--

LOCK TABLES `ExpressEntityEntryAssociations` WRITE;
/*!40000 ALTER TABLE `ExpressEntityEntryAssociations` DISABLE KEYS */;
/*!40000 ALTER TABLE `ExpressEntityEntryAssociations` ENABLE KEYS */;
UNLOCK TABLES;

--
-- Table structure for table `ExpressEntityEntryAttributeValues`
--

DROP TABLE IF EXISTS `ExpressEntityEntryAttributeValues`;
/*!40101 SET @saved_cs_client     = @@character_set_client */;
/*!40101 SET character_set_client = utf8 */;
CREATE TABLE `ExpressEntityEntryAttributeValues` (
  `exEntryID` int(11) NOT NULL,
  `akID` int(10) unsigned NOT NULL,
  `avID` int(10) unsigned DEFAULT NULL,
  PRIMARY KEY (`exEntryID`,`akID`),
  KEY `IDX_6DB641546DCB6296` (`exEntryID`),
  KEY `IDX_6DB64154B6561A7E` (`akID`),
  KEY `IDX_6DB64154A2A82A5D` (`avID`),
  CONSTRAINT `FK_6DB641546DCB6296` FOREIGN KEY (`exEntryID`) REFERENCES `ExpressEntityEntries` (`exEntryID`),
  CONSTRAINT `FK_6DB64154A2A82A5D` FOREIGN KEY (`avID`) REFERENCES `AttributeValues` (`avID`),
  CONSTRAINT `FK_6DB64154B6561A7E` FOREIGN KEY (`akID`) REFERENCES `AttributeKeys` (`akID`)
) ENGINE=InnoDB DEFAULT CHARSET=utf8 COLLATE=utf8_unicode_ci;
/*!40101 SET character_set_client = @saved_cs_client */;

--
-- Dumping data for table `ExpressEntityEntryAttributeValues`
--

LOCK TABLES `ExpressEntityEntryAttributeValues` WRITE;
/*!40000 ALTER TABLE `ExpressEntityEntryAttributeValues` DISABLE KEYS */;
/*!40000 ALTER TABLE `ExpressEntityEntryAttributeValues` ENABLE KEYS */;
UNLOCK TABLES;

--
-- Table structure for table `ExpressFormFieldSetAssociationControls`
--

DROP TABLE IF EXISTS `ExpressFormFieldSetAssociationControls`;
/*!40101 SET @saved_cs_client     = @@character_set_client */;
/*!40101 SET character_set_client = utf8 */;
CREATE TABLE `ExpressFormFieldSetAssociationControls` (
  `id` char(36) COLLATE utf8_unicode_ci NOT NULL COMMENT '(DC2Type:guid)',
  `association_id` char(36) COLLATE utf8_unicode_ci DEFAULT NULL COMMENT '(DC2Type:guid)',
  `association_entity_label_mask` varchar(255) COLLATE utf8_unicode_ci DEFAULT NULL,
  PRIMARY KEY (`id`),
  KEY `IDX_E6DF21BBEFB9C8A5` (`association_id`),
  CONSTRAINT `FK_E6DF21BBBF396750` FOREIGN KEY (`id`) REFERENCES `ExpressFormFieldSetControls` (`id`) ON DELETE CASCADE,
  CONSTRAINT `FK_E6DF21BBEFB9C8A5` FOREIGN KEY (`association_id`) REFERENCES `ExpressEntityAssociations` (`id`)
) ENGINE=InnoDB DEFAULT CHARSET=utf8 COLLATE=utf8_unicode_ci;
/*!40101 SET character_set_client = @saved_cs_client */;

--
-- Dumping data for table `ExpressFormFieldSetAssociationControls`
--

LOCK TABLES `ExpressFormFieldSetAssociationControls` WRITE;
/*!40000 ALTER TABLE `ExpressFormFieldSetAssociationControls` DISABLE KEYS */;
/*!40000 ALTER TABLE `ExpressFormFieldSetAssociationControls` ENABLE KEYS */;
UNLOCK TABLES;

--
-- Table structure for table `ExpressFormFieldSetAttributeKeyControls`
--

DROP TABLE IF EXISTS `ExpressFormFieldSetAttributeKeyControls`;
/*!40101 SET @saved_cs_client     = @@character_set_client */;
/*!40101 SET character_set_client = utf8 */;
CREATE TABLE `ExpressFormFieldSetAttributeKeyControls` (
  `id` char(36) COLLATE utf8_unicode_ci NOT NULL COMMENT '(DC2Type:guid)',
  `akID` int(10) unsigned DEFAULT NULL,
  PRIMARY KEY (`id`),
  KEY `IDX_8481F9D1B6561A7E` (`akID`),
  CONSTRAINT `FK_8481F9D1B6561A7E` FOREIGN KEY (`akID`) REFERENCES `AttributeKeys` (`akID`),
  CONSTRAINT `FK_8481F9D1BF396750` FOREIGN KEY (`id`) REFERENCES `ExpressFormFieldSetControls` (`id`) ON DELETE CASCADE
) ENGINE=InnoDB DEFAULT CHARSET=utf8 COLLATE=utf8_unicode_ci;
/*!40101 SET character_set_client = @saved_cs_client */;

--
-- Dumping data for table `ExpressFormFieldSetAttributeKeyControls`
--

LOCK TABLES `ExpressFormFieldSetAttributeKeyControls` WRITE;
/*!40000 ALTER TABLE `ExpressFormFieldSetAttributeKeyControls` DISABLE KEYS */;
/*!40000 ALTER TABLE `ExpressFormFieldSetAttributeKeyControls` ENABLE KEYS */;
UNLOCK TABLES;

--
-- Table structure for table `ExpressFormFieldSetControls`
--

DROP TABLE IF EXISTS `ExpressFormFieldSetControls`;
/*!40101 SET @saved_cs_client     = @@character_set_client */;
/*!40101 SET character_set_client = utf8 */;
CREATE TABLE `ExpressFormFieldSetControls` (
  `id` char(36) COLLATE utf8_unicode_ci NOT NULL COMMENT '(DC2Type:guid)',
  `field_set_id` int(11) DEFAULT NULL,
  `is_required` tinyint(1) NOT NULL,
  `position` int(11) NOT NULL,
  `custom_label` longtext COLLATE utf8_unicode_ci,
  `type` varchar(255) COLLATE utf8_unicode_ci NOT NULL,
  PRIMARY KEY (`id`),
  KEY `IDX_E42868A43ABF811A` (`field_set_id`),
  CONSTRAINT `FK_E42868A43ABF811A` FOREIGN KEY (`field_set_id`) REFERENCES `ExpressFormFieldSets` (`id`)
) ENGINE=InnoDB DEFAULT CHARSET=utf8 COLLATE=utf8_unicode_ci;
/*!40101 SET character_set_client = @saved_cs_client */;

--
-- Dumping data for table `ExpressFormFieldSetControls`
--

LOCK TABLES `ExpressFormFieldSetControls` WRITE;
/*!40000 ALTER TABLE `ExpressFormFieldSetControls` DISABLE KEYS */;
/*!40000 ALTER TABLE `ExpressFormFieldSetControls` ENABLE KEYS */;
UNLOCK TABLES;

--
-- Table structure for table `ExpressFormFieldSetTextControls`
--

DROP TABLE IF EXISTS `ExpressFormFieldSetTextControls`;
/*!40101 SET @saved_cs_client     = @@character_set_client */;
/*!40101 SET character_set_client = utf8 */;
CREATE TABLE `ExpressFormFieldSetTextControls` (
  `id` char(36) COLLATE utf8_unicode_ci NOT NULL COMMENT '(DC2Type:guid)',
  `headline` varchar(255) COLLATE utf8_unicode_ci DEFAULT NULL,
  `body` longtext COLLATE utf8_unicode_ci,
  PRIMARY KEY (`id`),
  CONSTRAINT `FK_DB5A209ABF396750` FOREIGN KEY (`id`) REFERENCES `ExpressFormFieldSetControls` (`id`) ON DELETE CASCADE
) ENGINE=InnoDB DEFAULT CHARSET=utf8 COLLATE=utf8_unicode_ci;
/*!40101 SET character_set_client = @saved_cs_client */;

--
-- Dumping data for table `ExpressFormFieldSetTextControls`
--

LOCK TABLES `ExpressFormFieldSetTextControls` WRITE;
/*!40000 ALTER TABLE `ExpressFormFieldSetTextControls` DISABLE KEYS */;
/*!40000 ALTER TABLE `ExpressFormFieldSetTextControls` ENABLE KEYS */;
UNLOCK TABLES;

--
-- Table structure for table `ExpressFormFieldSets`
--

DROP TABLE IF EXISTS `ExpressFormFieldSets`;
/*!40101 SET @saved_cs_client     = @@character_set_client */;
/*!40101 SET character_set_client = utf8 */;
CREATE TABLE `ExpressFormFieldSets` (
  `id` int(11) NOT NULL AUTO_INCREMENT,
  `form_id` char(36) COLLATE utf8_unicode_ci DEFAULT NULL COMMENT '(DC2Type:guid)',
  `position` int(11) NOT NULL,
  `title` varchar(255) COLLATE utf8_unicode_ci DEFAULT NULL,
  `description` longtext COLLATE utf8_unicode_ci,
  PRIMARY KEY (`id`),
  KEY `IDX_A33BBBEC5FF69B7D` (`form_id`),
  CONSTRAINT `FK_A33BBBEC5FF69B7D` FOREIGN KEY (`form_id`) REFERENCES `ExpressForms` (`id`)
) ENGINE=InnoDB DEFAULT CHARSET=utf8 COLLATE=utf8_unicode_ci;
/*!40101 SET character_set_client = @saved_cs_client */;

--
-- Dumping data for table `ExpressFormFieldSets`
--

LOCK TABLES `ExpressFormFieldSets` WRITE;
/*!40000 ALTER TABLE `ExpressFormFieldSets` DISABLE KEYS */;
/*!40000 ALTER TABLE `ExpressFormFieldSets` ENABLE KEYS */;
UNLOCK TABLES;

--
-- Table structure for table `ExpressForms`
--

DROP TABLE IF EXISTS `ExpressForms`;
/*!40101 SET @saved_cs_client     = @@character_set_client */;
/*!40101 SET character_set_client = utf8 */;
CREATE TABLE `ExpressForms` (
  `id` char(36) COLLATE utf8_unicode_ci NOT NULL COMMENT '(DC2Type:guid)',
  `entity_id` char(36) COLLATE utf8_unicode_ci DEFAULT NULL COMMENT '(DC2Type:guid)',
  `name` varchar(255) COLLATE utf8_unicode_ci DEFAULT NULL,
  PRIMARY KEY (`id`),
  KEY `IDX_8D09031A81257D5D` (`entity_id`),
  CONSTRAINT `FK_8D09031A81257D5D` FOREIGN KEY (`entity_id`) REFERENCES `ExpressEntities` (`id`)
) ENGINE=InnoDB DEFAULT CHARSET=utf8 COLLATE=utf8_unicode_ci;
/*!40101 SET character_set_client = @saved_cs_client */;

--
-- Dumping data for table `ExpressForms`
--

LOCK TABLES `ExpressForms` WRITE;
/*!40000 ALTER TABLE `ExpressForms` DISABLE KEYS */;
/*!40000 ALTER TABLE `ExpressForms` ENABLE KEYS */;
UNLOCK TABLES;

--
-- Table structure for table `FailedLoginAttempts`
--

DROP TABLE IF EXISTS `FailedLoginAttempts`;
/*!40101 SET @saved_cs_client     = @@character_set_client */;
/*!40101 SET character_set_client = utf8 */;
CREATE TABLE `FailedLoginAttempts` (
  `lcirID` int(10) unsigned NOT NULL AUTO_INCREMENT COMMENT 'Record identifier',
  `flaIp` varchar(40) COLLATE utf8_unicode_ci NOT NULL COMMENT 'IP address of the failed login attempt',
  `flaTimestamp` timestamp NOT NULL DEFAULT CURRENT_TIMESTAMP COMMENT 'Timestamp of the failed login attempt',
  PRIMARY KEY (`lcirID`)
) ENGINE=InnoDB AUTO_INCREMENT=9 DEFAULT CHARSET=utf8 COLLATE=utf8_unicode_ci COMMENT='Records failed login attempts';
/*!40101 SET character_set_client = @saved_cs_client */;

--
-- Dumping data for table `FailedLoginAttempts`
--

LOCK TABLES `FailedLoginAttempts` WRITE;
/*!40000 ALTER TABLE `FailedLoginAttempts` DISABLE KEYS */;
INSERT INTO `FailedLoginAttempts` VALUES (1,'192.168.033.001','2018-02-10 16:15:42'),(2,'192.168.033.001','2018-03-03 18:34:04'),(3,'192.168.033.001','2018-03-03 18:34:08'),(4,'192.168.033.001','2018-03-25 01:49:08'),(5,'192.168.033.001','2018-03-25 01:49:12'),(6,'192.168.033.001','2018-07-04 19:09:11'),(7,'192.168.033.001','2018-07-04 19:09:17'),(8,'192.168.033.001','2018-07-04 19:09:30');
/*!40000 ALTER TABLE `FailedLoginAttempts` ENABLE KEYS */;
UNLOCK TABLES;

--
-- Table structure for table `FeatureAssignments`
--

DROP TABLE IF EXISTS `FeatureAssignments`;
/*!40101 SET @saved_cs_client     = @@character_set_client */;
/*!40101 SET character_set_client = utf8 */;
CREATE TABLE `FeatureAssignments` (
  `faID` int(10) unsigned NOT NULL AUTO_INCREMENT,
  `feID` int(10) unsigned DEFAULT NULL,
  `fcID` int(10) unsigned DEFAULT NULL,
  `fdObject` longtext COLLATE utf8_unicode_ci,
  PRIMARY KEY (`faID`),
  KEY `feID` (`feID`),
  KEY `fcID` (`fcID`)
) ENGINE=InnoDB DEFAULT CHARSET=utf8 COLLATE=utf8_unicode_ci;
/*!40101 SET character_set_client = @saved_cs_client */;

--
-- Dumping data for table `FeatureAssignments`
--

LOCK TABLES `FeatureAssignments` WRITE;
/*!40000 ALTER TABLE `FeatureAssignments` DISABLE KEYS */;
/*!40000 ALTER TABLE `FeatureAssignments` ENABLE KEYS */;
UNLOCK TABLES;

--
-- Table structure for table `FeatureCategories`
--

DROP TABLE IF EXISTS `FeatureCategories`;
/*!40101 SET @saved_cs_client     = @@character_set_client */;
/*!40101 SET character_set_client = utf8 */;
CREATE TABLE `FeatureCategories` (
  `fcID` int(10) unsigned NOT NULL AUTO_INCREMENT,
  `fcHandle` varchar(255) COLLATE utf8_unicode_ci NOT NULL,
  `pkgID` int(10) unsigned DEFAULT NULL,
  PRIMARY KEY (`fcID`),
  UNIQUE KEY `fcHandle` (`fcHandle`),
  KEY `pkgID` (`pkgID`,`fcID`)
) ENGINE=InnoDB AUTO_INCREMENT=3 DEFAULT CHARSET=utf8 COLLATE=utf8_unicode_ci;
/*!40101 SET character_set_client = @saved_cs_client */;

--
-- Dumping data for table `FeatureCategories`
--

LOCK TABLES `FeatureCategories` WRITE;
/*!40000 ALTER TABLE `FeatureCategories` DISABLE KEYS */;
INSERT INTO `FeatureCategories` VALUES (1,'collection_version',0),(2,'gathering_item',0);
/*!40000 ALTER TABLE `FeatureCategories` ENABLE KEYS */;
UNLOCK TABLES;

--
-- Table structure for table `Features`
--

DROP TABLE IF EXISTS `Features`;
/*!40101 SET @saved_cs_client     = @@character_set_client */;
/*!40101 SET character_set_client = utf8 */;
CREATE TABLE `Features` (
  `feID` int(10) unsigned NOT NULL AUTO_INCREMENT,
  `feHandle` varchar(255) COLLATE utf8_unicode_ci NOT NULL,
  `feScore` int(11) NOT NULL DEFAULT '1',
  `feHasCustomClass` tinyint(1) NOT NULL DEFAULT '0',
  `pkgID` int(10) unsigned DEFAULT NULL,
  PRIMARY KEY (`feID`),
  UNIQUE KEY `feHandle` (`feHandle`),
  KEY `pkgID` (`pkgID`,`feID`)
) ENGINE=InnoDB AUTO_INCREMENT=9 DEFAULT CHARSET=utf8 COLLATE=utf8_unicode_ci;
/*!40101 SET character_set_client = @saved_cs_client */;

--
-- Dumping data for table `Features`
--

LOCK TABLES `Features` WRITE;
/*!40000 ALTER TABLE `Features` DISABLE KEYS */;
INSERT INTO `Features` VALUES (1,'title',1,0,0),(2,'link',1,0,0),(3,'author',1,0,0),(4,'date_time',1,0,0),(5,'image',500,1,0),(6,'conversation',10,1,0),(7,'description',1,0,0),(8,'featured',1000,0,0);
/*!40000 ALTER TABLE `Features` ENABLE KEYS */;
UNLOCK TABLES;

--
-- Table structure for table `FileAttributeKeys`
--

DROP TABLE IF EXISTS `FileAttributeKeys`;
/*!40101 SET @saved_cs_client     = @@character_set_client */;
/*!40101 SET character_set_client = utf8 */;
CREATE TABLE `FileAttributeKeys` (
  `akID` int(10) unsigned NOT NULL,
  PRIMARY KEY (`akID`),
  CONSTRAINT `FK_BC5C7BBB6561A7E` FOREIGN KEY (`akID`) REFERENCES `AttributeKeys` (`akID`) ON DELETE CASCADE
) ENGINE=InnoDB DEFAULT CHARSET=utf8 COLLATE=utf8_unicode_ci;
/*!40101 SET character_set_client = @saved_cs_client */;

--
-- Dumping data for table `FileAttributeKeys`
--

LOCK TABLES `FileAttributeKeys` WRITE;
/*!40000 ALTER TABLE `FileAttributeKeys` DISABLE KEYS */;
INSERT INTO `FileAttributeKeys` VALUES (16),(17),(19);
/*!40000 ALTER TABLE `FileAttributeKeys` ENABLE KEYS */;
UNLOCK TABLES;

--
-- Table structure for table `FileAttributeValues`
--

DROP TABLE IF EXISTS `FileAttributeValues`;
/*!40101 SET @saved_cs_client     = @@character_set_client */;
/*!40101 SET character_set_client = utf8 */;
CREATE TABLE `FileAttributeValues` (
  `fID` int(10) unsigned NOT NULL,
  `fvID` int(10) unsigned NOT NULL,
  `akID` int(10) unsigned NOT NULL,
  `avID` int(10) unsigned DEFAULT NULL,
  PRIMARY KEY (`fID`,`fvID`,`akID`),
  KEY `IDX_BBECEAA4B6561A7E` (`akID`),
  KEY `IDX_BBECEAA4A2A82A5D` (`avID`),
  CONSTRAINT `FK_BBECEAA4A2A82A5D` FOREIGN KEY (`avID`) REFERENCES `AttributeValues` (`avID`),
  CONSTRAINT `FK_BBECEAA4B6561A7E` FOREIGN KEY (`akID`) REFERENCES `AttributeKeys` (`akID`)
) ENGINE=InnoDB DEFAULT CHARSET=utf8 COLLATE=utf8_unicode_ci;
/*!40101 SET character_set_client = @saved_cs_client */;

--
-- Dumping data for table `FileAttributeValues`
--

LOCK TABLES `FileAttributeValues` WRITE;
/*!40000 ALTER TABLE `FileAttributeValues` DISABLE KEYS */;
INSERT INTO `FileAttributeValues` VALUES (1,1,16,142),(1,1,17,143),(2,1,16,144),(2,1,17,145),(3,1,16,146),(3,1,17,147),(4,1,16,148),(4,1,17,149),(6,1,16,151),(6,1,17,152),(7,1,16,153),(7,1,17,154),(8,1,16,155),(8,1,17,156),(9,1,16,157),(9,1,17,158),(10,1,16,159),(10,1,17,160),(11,1,16,161),(11,1,17,162),(12,1,16,163),(12,1,17,164),(13,1,16,165),(13,1,17,166),(14,1,16,167),(14,1,17,168),(15,1,16,169),(15,1,17,170),(16,1,16,172),(16,1,17,173),(16,2,16,175),(16,2,17,176);
/*!40000 ALTER TABLE `FileAttributeValues` ENABLE KEYS */;
UNLOCK TABLES;

--
-- Table structure for table `FileImageThumbnailPaths`
--

DROP TABLE IF EXISTS `FileImageThumbnailPaths`;
/*!40101 SET @saved_cs_client     = @@character_set_client */;
/*!40101 SET character_set_client = utf8 */;
CREATE TABLE `FileImageThumbnailPaths` (
  `fileID` int(10) unsigned NOT NULL,
  `fileVersionID` int(10) unsigned NOT NULL,
  `thumbnailTypeHandle` varchar(255) COLLATE utf8_unicode_ci NOT NULL,
  `storageLocationID` int(10) unsigned NOT NULL,
  `thumbnailFormat` varchar(5) COLLATE utf8_unicode_ci NOT NULL,
  `path` longtext COLLATE utf8_unicode_ci NOT NULL,
  `isBuilt` tinyint(1) NOT NULL,
  `lockID` varchar(255) COLLATE utf8_unicode_ci DEFAULT NULL,
  `lockExpires` datetime DEFAULT NULL,
  PRIMARY KEY (`fileID`,`fileVersionID`,`thumbnailTypeHandle`,`storageLocationID`,`thumbnailFormat`)
) ENGINE=InnoDB DEFAULT CHARSET=utf8 COLLATE=utf8_unicode_ci;
/*!40101 SET character_set_client = @saved_cs_client */;

--
-- Dumping data for table `FileImageThumbnailPaths`
--

LOCK TABLES `FileImageThumbnailPaths` WRITE;
/*!40000 ALTER TABLE `FileImageThumbnailPaths` DISABLE KEYS */;
/*!40000 ALTER TABLE `FileImageThumbnailPaths` ENABLE KEYS */;
UNLOCK TABLES;

--
-- Table structure for table `FileImageThumbnailTypes`
--

DROP TABLE IF EXISTS `FileImageThumbnailTypes`;
/*!40101 SET @saved_cs_client     = @@character_set_client */;
/*!40101 SET character_set_client = utf8 */;
CREATE TABLE `FileImageThumbnailTypes` (
  `ftTypeID` int(11) NOT NULL AUTO_INCREMENT,
  `ftTypeHandle` varchar(255) COLLATE utf8_unicode_ci NOT NULL,
  `ftTypeName` varchar(255) COLLATE utf8_unicode_ci NOT NULL,
  `ftTypeWidth` int(11) DEFAULT NULL,
  `ftTypeHeight` int(11) DEFAULT NULL,
  `ftTypeIsRequired` tinyint(1) NOT NULL,
  `ftTypeSizingMode` varchar(255) COLLATE utf8_unicode_ci NOT NULL,
  PRIMARY KEY (`ftTypeID`)
) ENGINE=InnoDB AUTO_INCREMENT=3 DEFAULT CHARSET=utf8 COLLATE=utf8_unicode_ci;
/*!40101 SET character_set_client = @saved_cs_client */;

--
-- Dumping data for table `FileImageThumbnailTypes`
--

LOCK TABLES `FileImageThumbnailTypes` WRITE;
/*!40000 ALTER TABLE `FileImageThumbnailTypes` DISABLE KEYS */;
INSERT INTO `FileImageThumbnailTypes` VALUES (1,'file_manager_listing','File Manager Thumbnails',60,60,1,'exact'),(2,'file_manager_detail','File Manager Detail Thumbnails',400,400,1,'exact');
/*!40000 ALTER TABLE `FileImageThumbnailTypes` ENABLE KEYS */;
UNLOCK TABLES;

--
-- Table structure for table `FilePermissionAssignments`
--

DROP TABLE IF EXISTS `FilePermissionAssignments`;
/*!40101 SET @saved_cs_client     = @@character_set_client */;
/*!40101 SET character_set_client = utf8 */;
CREATE TABLE `FilePermissionAssignments` (
  `fID` int(10) unsigned NOT NULL DEFAULT '0',
  `pkID` int(10) unsigned NOT NULL DEFAULT '0',
  `paID` int(10) unsigned NOT NULL DEFAULT '0',
  PRIMARY KEY (`fID`,`pkID`,`paID`),
  KEY `pkID` (`pkID`),
  KEY `paID` (`paID`)
) ENGINE=InnoDB DEFAULT CHARSET=utf8 COLLATE=utf8_unicode_ci;
/*!40101 SET character_set_client = @saved_cs_client */;

--
-- Dumping data for table `FilePermissionAssignments`
--

LOCK TABLES `FilePermissionAssignments` WRITE;
/*!40000 ALTER TABLE `FilePermissionAssignments` DISABLE KEYS */;
/*!40000 ALTER TABLE `FilePermissionAssignments` ENABLE KEYS */;
UNLOCK TABLES;

--
-- Table structure for table `FilePermissionFileTypeAccessList`
--

DROP TABLE IF EXISTS `FilePermissionFileTypeAccessList`;
/*!40101 SET @saved_cs_client     = @@character_set_client */;
/*!40101 SET character_set_client = utf8 */;
CREATE TABLE `FilePermissionFileTypeAccessList` (
  `paID` int(10) unsigned NOT NULL DEFAULT '0',
  `peID` int(10) unsigned NOT NULL DEFAULT '0',
  `permission` varchar(1) COLLATE utf8_unicode_ci NOT NULL DEFAULT '1',
  PRIMARY KEY (`paID`,`peID`),
  KEY `peID` (`peID`)
) ENGINE=InnoDB DEFAULT CHARSET=utf8 COLLATE=utf8_unicode_ci;
/*!40101 SET character_set_client = @saved_cs_client */;

--
-- Dumping data for table `FilePermissionFileTypeAccessList`
--

LOCK TABLES `FilePermissionFileTypeAccessList` WRITE;
/*!40000 ALTER TABLE `FilePermissionFileTypeAccessList` DISABLE KEYS */;
/*!40000 ALTER TABLE `FilePermissionFileTypeAccessList` ENABLE KEYS */;
UNLOCK TABLES;

--
-- Table structure for table `FilePermissionFileTypeAccessListCustom`
--

DROP TABLE IF EXISTS `FilePermissionFileTypeAccessListCustom`;
/*!40101 SET @saved_cs_client     = @@character_set_client */;
/*!40101 SET character_set_client = utf8 */;
CREATE TABLE `FilePermissionFileTypeAccessListCustom` (
  `extension` varchar(64) COLLATE utf8_unicode_ci NOT NULL,
  `paID` int(10) unsigned NOT NULL DEFAULT '0',
  `peID` int(10) unsigned NOT NULL DEFAULT '0',
  PRIMARY KEY (`paID`,`peID`,`extension`),
  KEY `peID` (`peID`)
) ENGINE=InnoDB DEFAULT CHARSET=utf8 COLLATE=utf8_unicode_ci;
/*!40101 SET character_set_client = @saved_cs_client */;

--
-- Dumping data for table `FilePermissionFileTypeAccessListCustom`
--

LOCK TABLES `FilePermissionFileTypeAccessListCustom` WRITE;
/*!40000 ALTER TABLE `FilePermissionFileTypeAccessListCustom` DISABLE KEYS */;
/*!40000 ALTER TABLE `FilePermissionFileTypeAccessListCustom` ENABLE KEYS */;
UNLOCK TABLES;

--
-- Table structure for table `FilePermissionFileTypes`
--

DROP TABLE IF EXISTS `FilePermissionFileTypes`;
/*!40101 SET @saved_cs_client     = @@character_set_client */;
/*!40101 SET character_set_client = utf8 */;
CREATE TABLE `FilePermissionFileTypes` (
  `extension` varchar(32) COLLATE utf8_unicode_ci NOT NULL,
  `fsID` int(10) unsigned NOT NULL DEFAULT '0',
  `gID` int(10) unsigned NOT NULL DEFAULT '0',
  `uID` int(10) unsigned NOT NULL DEFAULT '0',
  PRIMARY KEY (`fsID`,`gID`,`uID`,`extension`),
  KEY `gID` (`gID`),
  KEY `uID` (`uID`)
) ENGINE=InnoDB DEFAULT CHARSET=utf8 COLLATE=utf8_unicode_ci;
/*!40101 SET character_set_client = @saved_cs_client */;

--
-- Dumping data for table `FilePermissionFileTypes`
--

LOCK TABLES `FilePermissionFileTypes` WRITE;
/*!40000 ALTER TABLE `FilePermissionFileTypes` DISABLE KEYS */;
/*!40000 ALTER TABLE `FilePermissionFileTypes` ENABLE KEYS */;
UNLOCK TABLES;

--
-- Table structure for table `FileSearchIndexAttributes`
--

DROP TABLE IF EXISTS `FileSearchIndexAttributes`;
/*!40101 SET @saved_cs_client     = @@character_set_client */;
/*!40101 SET character_set_client = utf8 */;
CREATE TABLE `FileSearchIndexAttributes` (
  `fID` int(10) unsigned NOT NULL DEFAULT '0',
  `ak_width` decimal(14,4) DEFAULT '0.0000',
  `ak_height` decimal(14,4) DEFAULT '0.0000',
  `ak_duration` decimal(14,4) DEFAULT '0.0000',
  PRIMARY KEY (`fID`)
) ENGINE=InnoDB DEFAULT CHARSET=utf8 COLLATE=utf8_unicode_ci;
/*!40101 SET character_set_client = @saved_cs_client */;

--
-- Dumping data for table `FileSearchIndexAttributes`
--

LOCK TABLES `FileSearchIndexAttributes` WRITE;
/*!40000 ALTER TABLE `FileSearchIndexAttributes` DISABLE KEYS */;
INSERT INTO `FileSearchIndexAttributes` VALUES (1,114.0000,114.0000,0.0000),(2,96.0000,96.0000,0.0000),(3,16.0000,16.0000,0.0000),(4,32.0000,32.0000,0.0000),(6,1500.0000,280.0000,0.0000),(7,1500.0000,280.0000,0.0000),(8,1500.0000,280.0000,0.0000),(9,1500.0000,280.0000,0.0000),(10,1500.0000,280.0000,0.0000),(11,1500.0000,280.0000,0.0000),(12,1500.0000,280.0000,0.0000),(13,1500.0000,280.0000,0.0000),(14,1500.0000,280.0000,0.0000),(15,1500.0000,280.0000,0.0000),(16,2000.0000,1020.0000,0.0000);
/*!40000 ALTER TABLE `FileSearchIndexAttributes` ENABLE KEYS */;
UNLOCK TABLES;

--
-- Table structure for table `FileSetFiles`
--

DROP TABLE IF EXISTS `FileSetFiles`;
/*!40101 SET @saved_cs_client     = @@character_set_client */;
/*!40101 SET character_set_client = utf8 */;
CREATE TABLE `FileSetFiles` (
  `fsfID` int(10) unsigned NOT NULL AUTO_INCREMENT,
  `fID` int(10) unsigned NOT NULL,
  `fsID` int(10) unsigned NOT NULL,
  `timestamp` timestamp NOT NULL DEFAULT CURRENT_TIMESTAMP,
  `fsDisplayOrder` int(10) unsigned NOT NULL,
  PRIMARY KEY (`fsfID`),
  KEY `fID` (`fID`),
  KEY `fsID` (`fsID`)
) ENGINE=InnoDB DEFAULT CHARSET=utf8 COLLATE=utf8_unicode_ci;
/*!40101 SET character_set_client = @saved_cs_client */;

--
-- Dumping data for table `FileSetFiles`
--

LOCK TABLES `FileSetFiles` WRITE;
/*!40000 ALTER TABLE `FileSetFiles` DISABLE KEYS */;
/*!40000 ALTER TABLE `FileSetFiles` ENABLE KEYS */;
UNLOCK TABLES;

--
-- Table structure for table `FileSetSavedSearches`
--

DROP TABLE IF EXISTS `FileSetSavedSearches`;
/*!40101 SET @saved_cs_client     = @@character_set_client */;
/*!40101 SET character_set_client = utf8 */;
CREATE TABLE `FileSetSavedSearches` (
  `fsID` int(10) unsigned NOT NULL DEFAULT '0',
  `fsSearchRequest` text COLLATE utf8_unicode_ci,
  `fsResultColumns` text COLLATE utf8_unicode_ci,
  PRIMARY KEY (`fsID`)
) ENGINE=InnoDB DEFAULT CHARSET=utf8 COLLATE=utf8_unicode_ci;
/*!40101 SET character_set_client = @saved_cs_client */;

--
-- Dumping data for table `FileSetSavedSearches`
--

LOCK TABLES `FileSetSavedSearches` WRITE;
/*!40000 ALTER TABLE `FileSetSavedSearches` DISABLE KEYS */;
/*!40000 ALTER TABLE `FileSetSavedSearches` ENABLE KEYS */;
UNLOCK TABLES;

--
-- Table structure for table `FileSets`
--

DROP TABLE IF EXISTS `FileSets`;
/*!40101 SET @saved_cs_client     = @@character_set_client */;
/*!40101 SET character_set_client = utf8 */;
CREATE TABLE `FileSets` (
  `fsID` int(10) unsigned NOT NULL AUTO_INCREMENT,
  `fsName` varchar(64) COLLATE utf8_unicode_ci NOT NULL,
  `uID` int(10) unsigned NOT NULL DEFAULT '0',
  `fsType` smallint(6) NOT NULL,
  `fsOverrideGlobalPermissions` smallint(6) DEFAULT NULL,
  PRIMARY KEY (`fsID`),
  KEY `uID` (`uID`,`fsType`,`fsName`),
  KEY `fsName` (`fsName`),
  KEY `fsType` (`fsType`)
) ENGINE=InnoDB DEFAULT CHARSET=utf8 COLLATE=utf8_unicode_ci;
/*!40101 SET character_set_client = @saved_cs_client */;

--
-- Dumping data for table `FileSets`
--

LOCK TABLES `FileSets` WRITE;
/*!40000 ALTER TABLE `FileSets` DISABLE KEYS */;
/*!40000 ALTER TABLE `FileSets` ENABLE KEYS */;
UNLOCK TABLES;

--
-- Table structure for table `FileStorageLocationTypes`
--

DROP TABLE IF EXISTS `FileStorageLocationTypes`;
/*!40101 SET @saved_cs_client     = @@character_set_client */;
/*!40101 SET character_set_client = utf8 */;
CREATE TABLE `FileStorageLocationTypes` (
  `fslTypeHandle` longtext COLLATE utf8_unicode_ci NOT NULL,
  `fslTypeName` longtext COLLATE utf8_unicode_ci NOT NULL,
  `fslTypeID` int(11) NOT NULL AUTO_INCREMENT,
  `pkgID` int(11) NOT NULL,
  PRIMARY KEY (`fslTypeID`)
) ENGINE=InnoDB AUTO_INCREMENT=3 DEFAULT CHARSET=utf8 COLLATE=utf8_unicode_ci;
/*!40101 SET character_set_client = @saved_cs_client */;

--
-- Dumping data for table `FileStorageLocationTypes`
--

LOCK TABLES `FileStorageLocationTypes` WRITE;
/*!40000 ALTER TABLE `FileStorageLocationTypes` DISABLE KEYS */;
INSERT INTO `FileStorageLocationTypes` VALUES ('default','Default',1,0),('local','Local',2,0);
/*!40000 ALTER TABLE `FileStorageLocationTypes` ENABLE KEYS */;
UNLOCK TABLES;

--
-- Table structure for table `FileStorageLocations`
--

DROP TABLE IF EXISTS `FileStorageLocations`;
/*!40101 SET @saved_cs_client     = @@character_set_client */;
/*!40101 SET character_set_client = utf8 */;
CREATE TABLE `FileStorageLocations` (
  `fslName` varchar(255) COLLATE utf8_unicode_ci NOT NULL,
  `fslConfiguration` longtext COLLATE utf8_unicode_ci NOT NULL COMMENT '(DC2Type:object)',
  `fslID` int(10) unsigned NOT NULL AUTO_INCREMENT,
  `fslIsDefault` tinyint(1) NOT NULL,
  PRIMARY KEY (`fslID`)
) ENGINE=InnoDB AUTO_INCREMENT=2 DEFAULT CHARSET=utf8 COLLATE=utf8_unicode_ci;
/*!40101 SET character_set_client = @saved_cs_client */;

--
-- Dumping data for table `FileStorageLocations`
--

LOCK TABLES `FileStorageLocations` WRITE;
/*!40000 ALTER TABLE `FileStorageLocations` DISABLE KEYS */;
INSERT INTO `FileStorageLocations` VALUES ('Default','O:69:\"Concrete\\Core\\File\\StorageLocation\\Configuration\\DefaultConfiguration\":1:{s:10:\"\0*\0default\";b:1;}',1,1);
/*!40000 ALTER TABLE `FileStorageLocations` ENABLE KEYS */;
UNLOCK TABLES;

--
-- Table structure for table `FileUsageRecord`
--

DROP TABLE IF EXISTS `FileUsageRecord`;
/*!40101 SET @saved_cs_client     = @@character_set_client */;
/*!40101 SET character_set_client = utf8 */;
CREATE TABLE `FileUsageRecord` (
  `file_id` int(11) NOT NULL,
  `block_id` int(11) NOT NULL,
  `collection_id` int(11) NOT NULL,
  `collection_version_id` int(11) NOT NULL,
  PRIMARY KEY (`file_id`,`block_id`,`collection_id`,`collection_version_id`),
  KEY `block` (`block_id`),
  KEY `collection_version` (`collection_id`,`collection_version_id`)
) ENGINE=InnoDB DEFAULT CHARSET=utf8 COLLATE=utf8_unicode_ci;
/*!40101 SET character_set_client = @saved_cs_client */;

--
-- Dumping data for table `FileUsageRecord`
--

LOCK TABLES `FileUsageRecord` WRITE;
/*!40000 ALTER TABLE `FileUsageRecord` DISABLE KEYS */;
/*!40000 ALTER TABLE `FileUsageRecord` ENABLE KEYS */;
UNLOCK TABLES;

--
-- Table structure for table `FileVersionLog`
--

DROP TABLE IF EXISTS `FileVersionLog`;
/*!40101 SET @saved_cs_client     = @@character_set_client */;
/*!40101 SET character_set_client = utf8 */;
CREATE TABLE `FileVersionLog` (
  `fvlID` int(10) unsigned NOT NULL AUTO_INCREMENT,
  `fID` int(10) unsigned NOT NULL DEFAULT '0',
  `fvID` int(10) unsigned NOT NULL DEFAULT '0',
  `fvUpdateTypeID` smallint(5) unsigned NOT NULL DEFAULT '0',
  `fvUpdateTypeAttributeID` int(10) unsigned NOT NULL DEFAULT '0',
  PRIMARY KEY (`fvlID`),
  KEY `fvID` (`fID`,`fvID`,`fvlID`)
) ENGINE=InnoDB AUTO_INCREMENT=2 DEFAULT CHARSET=utf8 COLLATE=utf8_unicode_ci;
/*!40101 SET character_set_client = @saved_cs_client */;

--
-- Dumping data for table `FileVersionLog`
--

LOCK TABLES `FileVersionLog` WRITE;
/*!40000 ALTER TABLE `FileVersionLog` DISABLE KEYS */;
INSERT INTO `FileVersionLog` VALUES (1,16,2,1,0);
/*!40000 ALTER TABLE `FileVersionLog` ENABLE KEYS */;
UNLOCK TABLES;

--
-- Table structure for table `FileVersions`
--

DROP TABLE IF EXISTS `FileVersions`;
/*!40101 SET @saved_cs_client     = @@character_set_client */;
/*!40101 SET character_set_client = utf8 */;
CREATE TABLE `FileVersions` (
  `fvID` int(11) NOT NULL,
  `fvFilename` varchar(255) COLLATE utf8_unicode_ci NOT NULL,
  `fvPrefix` varchar(255) COLLATE utf8_unicode_ci DEFAULT NULL,
  `fvDateAdded` datetime NOT NULL,
  `fvActivateDateTime` datetime NOT NULL,
  `fvIsApproved` tinyint(1) NOT NULL,
  `fvAuthorUID` int(11) NOT NULL,
  `fvSize` bigint(20) NOT NULL,
  `fvApproverUID` int(11) NOT NULL,
  `fvTitle` varchar(255) COLLATE utf8_unicode_ci DEFAULT NULL,
  `fvDescription` longtext COLLATE utf8_unicode_ci,
  `fvExtension` varchar(255) COLLATE utf8_unicode_ci DEFAULT NULL,
  `fvType` int(11) NOT NULL,
  `fvTags` longtext COLLATE utf8_unicode_ci,
  `fvHasListingThumbnail` tinyint(1) NOT NULL,
  `fvHasDetailThumbnail` tinyint(1) NOT NULL,
  `fID` int(10) unsigned NOT NULL,
  PRIMARY KEY (`fID`,`fvID`),
  KEY `IDX_D7B5A13AE3111F45` (`fID`),
  KEY `fvFilename` (`fvFilename`),
  KEY `fvExtension` (`fvExtension`),
  KEY `fvType` (`fvType`),
  CONSTRAINT `FK_D7B5A13AE3111F45` FOREIGN KEY (`fID`) REFERENCES `Files` (`fID`)
) ENGINE=InnoDB DEFAULT CHARSET=utf8 COLLATE=utf8_unicode_ci;
/*!40101 SET character_set_client = @saved_cs_client */;

--
-- Dumping data for table `FileVersions`
--

LOCK TABLES `FileVersions` WRITE;
/*!40000 ALTER TABLE `FileVersions` DISABLE KEYS */;
INSERT INTO `FileVersions` VALUES (1,'apple-touch-icon.png','761517974046','2018-02-07 03:27:26','2018-02-07 03:27:26',1,1,18719,1,'apple-touch-icon.png','','png',1,'',1,0,1),(1,'android-chrome-96x96.png','341517974047','2018-02-07 03:27:27','2018-02-07 03:27:27',1,1,13837,1,'android-chrome-96x96.png','','png',1,'',1,0,2),(1,'favicon-16x16.png','191517974054','2018-02-07 03:27:34','2018-02-07 03:27:34',1,1,1351,1,'favicon-16x16.png','','png',1,'',0,0,3),(1,'favicon-32x32.png','231517974054','2018-02-07 03:27:34','2018-02-07 03:27:34',1,1,2680,1,'favicon-32x32.png','','png',1,'',0,0,4),(1,'favicon.ico','821517974054','2018-02-07 03:27:34','2018-02-07 03:27:34',1,1,15086,1,'favicon.ico','','ico',1,'',0,0,5),(1,'GPAwebsiteBanners1a.jpg','561520102892','2018-03-03 18:48:12','2018-03-03 18:48:12',1,1,306232,1,'GPAwebsiteBanners1a.jpg','','jpg',1,'',1,0,6),(1,'GPAwebsiteBanners1b.jpg','101520102892','2018-03-03 18:48:12','2018-03-03 18:48:12',1,1,311259,1,'GPAwebsiteBanners1b.jpg','','jpg',1,'',1,0,7),(1,'GPAwebsiteBanners1c.jpg','121520102892','2018-03-03 18:48:12','2018-03-03 18:48:12',1,1,149916,1,'GPAwebsiteBanners1c.jpg','','jpg',1,'',1,0,8),(1,'GPAwebsiteBanners1d.jpg','801520102892','2018-03-03 18:48:12','2018-03-03 18:48:12',1,1,163088,1,'GPAwebsiteBanners1d.jpg','','jpg',1,'',1,0,9),(1,'GPAwebsiteBanners1e.jpg','341520102893','2018-03-03 18:48:13','2018-03-03 18:48:13',1,1,134217,1,'GPAwebsiteBanners1e.jpg','','jpg',1,'',1,0,10),(1,'GPAwebsiteBanners1f.jpg','431520102893','2018-03-03 18:48:13','2018-03-03 18:48:13',1,1,171230,1,'GPAwebsiteBanners1f.jpg','','jpg',1,'',1,0,11),(1,'GPAwebsiteBanners1h.jpg','681520102893','2018-03-03 18:48:13','2018-03-03 18:48:13',1,1,246332,1,'GPAwebsiteBanners1h.jpg','','jpg',1,'',1,0,12),(1,'GPAwebsiteBanners1i.jpg','981520102893','2018-03-03 18:48:13','2018-03-03 18:48:13',1,1,359072,1,'GPAwebsiteBanners1i.jpg','','jpg',1,'',1,0,13),(1,'GPAwebsiteBanners1j.jpg','921520102893','2018-03-03 18:48:13','2018-03-03 18:48:13',1,1,301891,1,'GPAwebsiteBanners1j.jpg','','jpg',1,'',1,0,14),(1,'GPAwebsiteBanners1n.jpg','911520102893','2018-03-03 18:48:13','2018-03-03 18:48:13',1,1,222714,1,'GPAwebsiteBanners1n.jpg','','jpg',1,'',1,0,15),(1,'IMG_20180211_101218.jpg','661520108051','2018-03-03 20:14:11','2018-03-03 20:14:11',0,1,941616,1,'IMG_20180211_101218.jpg','','jpg',1,'',1,1,16),(2,'IMG_20180211_101218.jpg','321520108159','2018-03-03 20:15:59','2018-03-03 20:14:11',1,1,728666,1,'IMG_20180211_101218.jpg','','jpg',1,'',1,1,16);
/*!40000 ALTER TABLE `FileVersions` ENABLE KEYS */;
UNLOCK TABLES;

--
-- Table structure for table `Files`
--

DROP TABLE IF EXISTS `Files`;
/*!40101 SET @saved_cs_client     = @@character_set_client */;
/*!40101 SET character_set_client = utf8 */;
CREATE TABLE `Files` (
  `fID` int(10) unsigned NOT NULL AUTO_INCREMENT,
  `fDateAdded` datetime NOT NULL,
  `fPassword` varchar(255) COLLATE utf8_unicode_ci DEFAULT NULL,
  `fOverrideSetPermissions` tinyint(1) NOT NULL,
  `ocID` int(10) unsigned NOT NULL,
  `folderTreeNodeID` int(10) unsigned NOT NULL,
  `uID` int(10) unsigned DEFAULT NULL,
  `fslID` int(10) unsigned DEFAULT NULL,
  PRIMARY KEY (`fID`),
  KEY `uID` (`uID`),
  KEY `fslID` (`fslID`),
  KEY `ocID` (`ocID`),
  KEY `fOverrideSetPermissions` (`fOverrideSetPermissions`),
  CONSTRAINT `FK_C7F46F5DB81D3903` FOREIGN KEY (`fslID`) REFERENCES `FileStorageLocations` (`fslID`),
  CONSTRAINT `FK_C7F46F5DFD71026C` FOREIGN KEY (`uID`) REFERENCES `Users` (`uID`) ON DELETE SET NULL
) ENGINE=InnoDB AUTO_INCREMENT=17 DEFAULT CHARSET=utf8 COLLATE=utf8_unicode_ci;
/*!40101 SET character_set_client = @saved_cs_client */;

--
-- Dumping data for table `Files`
--

LOCK TABLES `Files` WRITE;
/*!40000 ALTER TABLE `Files` DISABLE KEYS */;
INSERT INTO `Files` VALUES (1,'2018-02-07 03:27:26',NULL,0,0,8,1,1),(2,'2018-02-07 03:27:27',NULL,0,0,8,1,1),(3,'2018-02-07 03:27:34',NULL,0,0,8,1,1),(4,'2018-02-07 03:27:34',NULL,0,0,8,1,1),(5,'2018-02-07 03:27:34',NULL,0,0,8,1,1),(6,'2018-03-03 18:48:12',NULL,0,0,14,1,1),(7,'2018-03-03 18:48:12',NULL,0,0,14,1,1),(8,'2018-03-03 18:48:12',NULL,0,0,14,1,1),(9,'2018-03-03 18:48:12',NULL,0,0,14,1,1),(10,'2018-03-03 18:48:13',NULL,0,0,14,1,1),(11,'2018-03-03 18:48:13',NULL,0,0,14,1,1),(12,'2018-03-03 18:48:13',NULL,0,0,14,1,1),(13,'2018-03-03 18:48:13',NULL,0,0,14,1,1),(14,'2018-03-03 18:48:13',NULL,0,0,14,1,1),(15,'2018-03-03 18:48:13',NULL,0,0,14,1,1),(16,'2018-03-03 20:14:11',NULL,0,0,7,1,1);
/*!40000 ALTER TABLE `Files` ENABLE KEYS */;
UNLOCK TABLES;

--
-- Table structure for table `FormSubmissionNotifications`
--

DROP TABLE IF EXISTS `FormSubmissionNotifications`;
/*!40101 SET @saved_cs_client     = @@character_set_client */;
/*!40101 SET character_set_client = utf8 */;
CREATE TABLE `FormSubmissionNotifications` (
  `exEntryID` int(11) DEFAULT NULL,
  `nID` int(10) unsigned NOT NULL,
  PRIMARY KEY (`nID`),
  KEY `IDX_E7B6BE406DCB6296` (`exEntryID`),
  CONSTRAINT `FK_E7B6BE406DCB6296` FOREIGN KEY (`exEntryID`) REFERENCES `ExpressEntityEntries` (`exEntryID`) ON DELETE CASCADE,
  CONSTRAINT `FK_E7B6BE40ED024EFD` FOREIGN KEY (`nID`) REFERENCES `Notifications` (`nID`) ON DELETE CASCADE
) ENGINE=InnoDB DEFAULT CHARSET=utf8 COLLATE=utf8_unicode_ci;
/*!40101 SET character_set_client = @saved_cs_client */;

--
-- Dumping data for table `FormSubmissionNotifications`
--

LOCK TABLES `FormSubmissionNotifications` WRITE;
/*!40000 ALTER TABLE `FormSubmissionNotifications` DISABLE KEYS */;
/*!40000 ALTER TABLE `FormSubmissionNotifications` ENABLE KEYS */;
UNLOCK TABLES;

--
-- Table structure for table `GatheringConfiguredDataSources`
--

DROP TABLE IF EXISTS `GatheringConfiguredDataSources`;
/*!40101 SET @saved_cs_client     = @@character_set_client */;
/*!40101 SET character_set_client = utf8 */;
CREATE TABLE `GatheringConfiguredDataSources` (
  `gcsID` int(10) unsigned NOT NULL AUTO_INCREMENT,
  `gaID` int(10) unsigned DEFAULT NULL,
  `gasID` int(10) unsigned DEFAULT NULL,
  `gcdObject` longtext COLLATE utf8_unicode_ci,
  PRIMARY KEY (`gcsID`),
  KEY `gaID` (`gaID`),
  KEY `gasID` (`gasID`)
) ENGINE=InnoDB DEFAULT CHARSET=utf8 COLLATE=utf8_unicode_ci;
/*!40101 SET character_set_client = @saved_cs_client */;

--
-- Dumping data for table `GatheringConfiguredDataSources`
--

LOCK TABLES `GatheringConfiguredDataSources` WRITE;
/*!40000 ALTER TABLE `GatheringConfiguredDataSources` DISABLE KEYS */;
/*!40000 ALTER TABLE `GatheringConfiguredDataSources` ENABLE KEYS */;
UNLOCK TABLES;

--
-- Table structure for table `GatheringDataSources`
--

DROP TABLE IF EXISTS `GatheringDataSources`;
/*!40101 SET @saved_cs_client     = @@character_set_client */;
/*!40101 SET character_set_client = utf8 */;
CREATE TABLE `GatheringDataSources` (
  `gasID` int(10) unsigned NOT NULL AUTO_INCREMENT,
  `gasName` varchar(255) COLLATE utf8_unicode_ci DEFAULT NULL,
  `gasHandle` varchar(255) COLLATE utf8_unicode_ci NOT NULL,
  `pkgID` int(10) unsigned NOT NULL DEFAULT '0',
  `gasDisplayOrder` int(10) unsigned NOT NULL DEFAULT '0',
  PRIMARY KEY (`gasID`),
  UNIQUE KEY `gasHandle` (`gasHandle`),
  KEY `pkgID` (`pkgID`)
) ENGINE=InnoDB AUTO_INCREMENT=5 DEFAULT CHARSET=utf8 COLLATE=utf8_unicode_ci;
/*!40101 SET character_set_client = @saved_cs_client */;

--
-- Dumping data for table `GatheringDataSources`
--

LOCK TABLES `GatheringDataSources` WRITE;
/*!40000 ALTER TABLE `GatheringDataSources` DISABLE KEYS */;
INSERT INTO `GatheringDataSources` VALUES (1,'Site Page','page',0,0),(2,'RSS Feed','rss_feed',0,1),(3,'Flickr Feed','flickr_feed',0,2),(4,'Twitter','twitter',0,3);
/*!40000 ALTER TABLE `GatheringDataSources` ENABLE KEYS */;
UNLOCK TABLES;

--
-- Table structure for table `GatheringItemFeatureAssignments`
--

DROP TABLE IF EXISTS `GatheringItemFeatureAssignments`;
/*!40101 SET @saved_cs_client     = @@character_set_client */;
/*!40101 SET character_set_client = utf8 */;
CREATE TABLE `GatheringItemFeatureAssignments` (
  `gafaID` int(10) unsigned NOT NULL AUTO_INCREMENT,
  `gaiID` int(10) unsigned DEFAULT NULL,
  `faID` int(10) unsigned DEFAULT NULL,
  PRIMARY KEY (`gafaID`),
  KEY `gaiID` (`gaiID`,`faID`),
  KEY `faID` (`faID`)
) ENGINE=InnoDB DEFAULT CHARSET=utf8 COLLATE=utf8_unicode_ci;
/*!40101 SET character_set_client = @saved_cs_client */;

--
-- Dumping data for table `GatheringItemFeatureAssignments`
--

LOCK TABLES `GatheringItemFeatureAssignments` WRITE;
/*!40000 ALTER TABLE `GatheringItemFeatureAssignments` DISABLE KEYS */;
/*!40000 ALTER TABLE `GatheringItemFeatureAssignments` ENABLE KEYS */;
UNLOCK TABLES;

--
-- Table structure for table `GatheringItemSelectedTemplates`
--

DROP TABLE IF EXISTS `GatheringItemSelectedTemplates`;
/*!40101 SET @saved_cs_client     = @@character_set_client */;
/*!40101 SET character_set_client = utf8 */;
CREATE TABLE `GatheringItemSelectedTemplates` (
  `gaiID` int(10) unsigned NOT NULL DEFAULT '0',
  `gatID` int(10) unsigned NOT NULL DEFAULT '0',
  `gatTypeID` int(10) unsigned DEFAULT '0',
  PRIMARY KEY (`gaiID`,`gatID`),
  UNIQUE KEY `gatUniqueKey` (`gaiID`,`gatTypeID`),
  KEY `gatTypeID` (`gatTypeID`),
  KEY `gatID` (`gatID`)
) ENGINE=InnoDB DEFAULT CHARSET=utf8 COLLATE=utf8_unicode_ci;
/*!40101 SET character_set_client = @saved_cs_client */;

--
-- Dumping data for table `GatheringItemSelectedTemplates`
--

LOCK TABLES `GatheringItemSelectedTemplates` WRITE;
/*!40000 ALTER TABLE `GatheringItemSelectedTemplates` DISABLE KEYS */;
/*!40000 ALTER TABLE `GatheringItemSelectedTemplates` ENABLE KEYS */;
UNLOCK TABLES;

--
-- Table structure for table `GatheringItemTemplateFeatures`
--

DROP TABLE IF EXISTS `GatheringItemTemplateFeatures`;
/*!40101 SET @saved_cs_client     = @@character_set_client */;
/*!40101 SET character_set_client = utf8 */;
CREATE TABLE `GatheringItemTemplateFeatures` (
  `gfeID` int(10) unsigned NOT NULL AUTO_INCREMENT,
  `gatID` int(10) unsigned DEFAULT NULL,
  `feID` int(10) unsigned DEFAULT NULL,
  PRIMARY KEY (`gfeID`),
  KEY `gatID` (`gatID`),
  KEY `feID` (`feID`,`gatID`)
) ENGINE=InnoDB AUTO_INCREMENT=67 DEFAULT CHARSET=utf8 COLLATE=utf8_unicode_ci;
/*!40101 SET character_set_client = @saved_cs_client */;

--
-- Dumping data for table `GatheringItemTemplateFeatures`
--

LOCK TABLES `GatheringItemTemplateFeatures` WRITE;
/*!40000 ALTER TABLE `GatheringItemTemplateFeatures` DISABLE KEYS */;
INSERT INTO `GatheringItemTemplateFeatures` VALUES (4,1,1),(10,2,1),(13,3,1),(16,4,1),(19,5,1),(23,7,1),(29,11,1),(33,12,1),(37,13,1),(42,14,1),(47,15,1),(53,17,1),(56,18,1),(63,21,1),(64,22,1),(3,1,2),(9,2,2),(12,3,2),(15,4,2),(18,5,2),(21,6,2),(25,8,2),(27,9,2),(41,13,3),(46,14,3),(51,16,3),(55,17,3),(62,20,3),(66,22,3),(2,1,4),(8,2,4),(14,4,4),(17,5,4),(31,11,4),(35,12,4),(39,13,4),(44,14,4),(61,20,4),(5,1,5),(22,6,5),(24,8,5),(26,9,5),(28,10,5),(32,11,5),(36,12,5),(40,13,5),(45,14,5),(49,15,5),(50,16,5),(59,19,5),(65,22,5),(20,5,6),(1,1,7),(7,2,7),(11,3,7),(30,11,7),(34,12,7),(38,13,7),(43,14,7),(48,15,7),(52,16,7),(54,17,7),(57,18,7),(58,19,7),(60,20,7),(6,1,8);
/*!40000 ALTER TABLE `GatheringItemTemplateFeatures` ENABLE KEYS */;
UNLOCK TABLES;

--
-- Table structure for table `GatheringItemTemplateTypes`
--

DROP TABLE IF EXISTS `GatheringItemTemplateTypes`;
/*!40101 SET @saved_cs_client     = @@character_set_client */;
/*!40101 SET character_set_client = utf8 */;
CREATE TABLE `GatheringItemTemplateTypes` (
  `gatTypeID` int(10) unsigned NOT NULL AUTO_INCREMENT,
  `gatTypeHandle` varchar(64) COLLATE utf8_unicode_ci NOT NULL,
  `pkgID` int(10) unsigned NOT NULL DEFAULT '0',
  PRIMARY KEY (`gatTypeID`),
  UNIQUE KEY `gatTypeHandle` (`gatTypeHandle`),
  KEY `pkgID` (`pkgID`)
) ENGINE=InnoDB AUTO_INCREMENT=3 DEFAULT CHARSET=utf8 COLLATE=utf8_unicode_ci;
/*!40101 SET character_set_client = @saved_cs_client */;

--
-- Dumping data for table `GatheringItemTemplateTypes`
--

LOCK TABLES `GatheringItemTemplateTypes` WRITE;
/*!40000 ALTER TABLE `GatheringItemTemplateTypes` DISABLE KEYS */;
INSERT INTO `GatheringItemTemplateTypes` VALUES (1,'tile',0),(2,'detail',0);
/*!40000 ALTER TABLE `GatheringItemTemplateTypes` ENABLE KEYS */;
UNLOCK TABLES;

--
-- Table structure for table `GatheringItemTemplates`
--

DROP TABLE IF EXISTS `GatheringItemTemplates`;
/*!40101 SET @saved_cs_client     = @@character_set_client */;
/*!40101 SET character_set_client = utf8 */;
CREATE TABLE `GatheringItemTemplates` (
  `gatID` int(10) unsigned NOT NULL AUTO_INCREMENT,
  `gatHandle` varchar(255) COLLATE utf8_unicode_ci NOT NULL,
  `gatName` text COLLATE utf8_unicode_ci,
  `gatHasCustomClass` tinyint(1) NOT NULL DEFAULT '0',
  `gatFixedSlotWidth` int(10) unsigned DEFAULT '0',
  `gatFixedSlotHeight` int(10) unsigned DEFAULT '0',
  `gatForceDefault` int(10) unsigned DEFAULT '0',
  `pkgID` int(10) unsigned DEFAULT NULL,
  `gatTypeID` int(10) unsigned DEFAULT '0',
  PRIMARY KEY (`gatID`),
  UNIQUE KEY `gatHandle` (`gatHandle`,`gatTypeID`),
  KEY `gatTypeID` (`gatTypeID`),
  KEY `pkgID` (`pkgID`)
) ENGINE=InnoDB AUTO_INCREMENT=23 DEFAULT CHARSET=utf8 COLLATE=utf8_unicode_ci;
/*!40101 SET character_set_client = @saved_cs_client */;

--
-- Dumping data for table `GatheringItemTemplates`
--

LOCK TABLES `GatheringItemTemplates` WRITE;
/*!40000 ALTER TABLE `GatheringItemTemplates` DISABLE KEYS */;
INSERT INTO `GatheringItemTemplates` VALUES (1,'featured','Featured Item',0,6,2,1,0,1),(2,'title_date_description','Title Date & Description',0,0,0,0,0,1),(3,'title_description','Title & Description',0,0,0,0,0,1),(4,'title_date','Title & Date',0,0,0,0,0,1),(5,'title_date_comments','Title, Date & Comments',1,0,0,0,0,1),(6,'thumbnail','Thumbnail',0,0,0,0,0,1),(7,'basic','Basic',0,0,0,0,0,2),(8,'image_sharing_link','Image Sharing Link',0,0,0,0,0,2),(9,'image_conversation','Image Conversation',0,0,0,0,0,2),(10,'image','Large Image',0,0,0,0,0,2),(11,'masthead_image_left','Masthead Image Left',0,0,0,0,0,1),(12,'masthead_image_right','Masthead Image Right',0,0,0,0,0,1),(13,'masthead_image_byline_right','Masthead Image Byline Right',0,0,0,0,0,1),(14,'masthead_image_byline_left','Masthead Image Byline Left',0,0,0,0,0,1),(15,'image_masthead_description_center','Image Masthead Description Center',0,0,0,0,0,1),(16,'image_byline_description_center','Image Byline Description Center',0,0,0,0,0,1),(17,'masthead_byline_description','Masthead Byline Description',0,0,0,0,0,1),(18,'masthead_description','Masthead Description',0,0,0,0,0,1),(19,'thumbnail_description_center','Thumbnail & Description Center',0,0,0,0,0,1),(20,'tweet','Tweet',0,0,0,0,0,1),(21,'vimeo','Vimeo',0,0,0,0,0,1),(22,'image_overlay_headline','Image Overlay Headline',0,0,0,0,0,1);
/*!40000 ALTER TABLE `GatheringItemTemplates` ENABLE KEYS */;
UNLOCK TABLES;

--
-- Table structure for table `GatheringItems`
--

DROP TABLE IF EXISTS `GatheringItems`;
/*!40101 SET @saved_cs_client     = @@character_set_client */;
/*!40101 SET character_set_client = utf8 */;
CREATE TABLE `GatheringItems` (
  `gaiID` int(10) unsigned NOT NULL AUTO_INCREMENT,
  `gaID` int(10) unsigned DEFAULT NULL,
  `gasID` int(10) unsigned DEFAULT NULL,
  `gaiDateTimeCreated` datetime NOT NULL,
  `gaiPublicDateTime` datetime NOT NULL,
  `gaiTitle` text COLLATE utf8_unicode_ci,
  `gaiSlotWidth` int(10) unsigned DEFAULT '1',
  `gaiSlotHeight` int(10) unsigned DEFAULT '1',
  `gaiKey` varchar(255) COLLATE utf8_unicode_ci NOT NULL,
  `gaiBatchDisplayOrder` int(10) unsigned NOT NULL DEFAULT '0',
  `gaiBatchTimestamp` int(10) unsigned NOT NULL DEFAULT '0',
  `gaiIsDeleted` tinyint(1) DEFAULT '0',
  PRIMARY KEY (`gaiID`),
  UNIQUE KEY `gaiUniqueKey` (`gaiKey`,`gasID`,`gaID`),
  KEY `gaID` (`gaID`,`gaiBatchTimestamp`),
  KEY `gasID` (`gasID`)
) ENGINE=InnoDB DEFAULT CHARSET=utf8 COLLATE=utf8_unicode_ci;
/*!40101 SET character_set_client = @saved_cs_client */;

--
-- Dumping data for table `GatheringItems`
--

LOCK TABLES `GatheringItems` WRITE;
/*!40000 ALTER TABLE `GatheringItems` DISABLE KEYS */;
/*!40000 ALTER TABLE `GatheringItems` ENABLE KEYS */;
UNLOCK TABLES;

--
-- Table structure for table `GatheringPermissionAssignments`
--

DROP TABLE IF EXISTS `GatheringPermissionAssignments`;
/*!40101 SET @saved_cs_client     = @@character_set_client */;
/*!40101 SET character_set_client = utf8 */;
CREATE TABLE `GatheringPermissionAssignments` (
  `gaID` int(10) unsigned NOT NULL DEFAULT '0',
  `pkID` int(10) unsigned NOT NULL DEFAULT '0',
  `paID` int(10) unsigned NOT NULL DEFAULT '0',
  PRIMARY KEY (`gaID`,`pkID`,`paID`),
  KEY `pkID` (`pkID`),
  KEY `paID` (`paID`)
) ENGINE=InnoDB DEFAULT CHARSET=utf8 COLLATE=utf8_unicode_ci;
/*!40101 SET character_set_client = @saved_cs_client */;

--
-- Dumping data for table `GatheringPermissionAssignments`
--

LOCK TABLES `GatheringPermissionAssignments` WRITE;
/*!40000 ALTER TABLE `GatheringPermissionAssignments` DISABLE KEYS */;
/*!40000 ALTER TABLE `GatheringPermissionAssignments` ENABLE KEYS */;
UNLOCK TABLES;

--
-- Table structure for table `Gatherings`
--

DROP TABLE IF EXISTS `Gatherings`;
/*!40101 SET @saved_cs_client     = @@character_set_client */;
/*!40101 SET character_set_client = utf8 */;
CREATE TABLE `Gatherings` (
  `gaID` int(10) unsigned NOT NULL AUTO_INCREMENT,
  `gaDateCreated` datetime NOT NULL,
  `gaDateLastUpdated` datetime NOT NULL,
  PRIMARY KEY (`gaID`),
  KEY `gaDateLastUpdated` (`gaDateLastUpdated`)
) ENGINE=InnoDB DEFAULT CHARSET=utf8 COLLATE=utf8_unicode_ci;
/*!40101 SET character_set_client = @saved_cs_client */;

--
-- Dumping data for table `Gatherings`
--

LOCK TABLES `Gatherings` WRITE;
/*!40000 ALTER TABLE `Gatherings` DISABLE KEYS */;
/*!40000 ALTER TABLE `Gatherings` ENABLE KEYS */;
UNLOCK TABLES;

--
-- Table structure for table `Geolocators`
--

DROP TABLE IF EXISTS `Geolocators`;
/*!40101 SET @saved_cs_client     = @@character_set_client */;
/*!40101 SET character_set_client = utf8 */;
CREATE TABLE `Geolocators` (
  `glID` int(10) unsigned NOT NULL AUTO_INCREMENT COMMENT 'Geolocator ID',
  `glHandle` varchar(255) COLLATE utf8_unicode_ci NOT NULL COMMENT 'Geolocator handle',
  `glName` varchar(255) COLLATE utf8_unicode_ci NOT NULL COMMENT 'Geolocator name',
  `glDescription` longtext COLLATE utf8_unicode_ci NOT NULL COMMENT 'Geolocator description',
  `glConfiguration` longtext COLLATE utf8_unicode_ci NOT NULL COMMENT 'Geolocator configuration options(DC2Type:json_array)',
  `glActive` tinyint(1) NOT NULL COMMENT 'Is this Geolocator the active one?',
  `glPackage` int(10) unsigned DEFAULT NULL,
  PRIMARY KEY (`glID`),
  UNIQUE KEY `UNIQ_83BB1614D4F4D416` (`glHandle`),
  KEY `IDX_83BB1614D5F6CC40` (`glPackage`),
  CONSTRAINT `FK_83BB1614D5F6CC40` FOREIGN KEY (`glPackage`) REFERENCES `Packages` (`pkgID`) ON DELETE CASCADE
) ENGINE=InnoDB AUTO_INCREMENT=2 DEFAULT CHARSET=utf8 COLLATE=utf8_unicode_ci COMMENT='List of all the installed Geolocator services';
/*!40101 SET character_set_client = @saved_cs_client */;

--
-- Dumping data for table `Geolocators`
--

LOCK TABLES `Geolocators` WRITE;
/*!40000 ALTER TABLE `Geolocators` DISABLE KEYS */;
INSERT INTO `Geolocators` VALUES (1,'geoplugin','geoPlugin','','{\"url\":\"http:\\/\\/www.geoplugin.net\\/json.gp?ip=[[IP]]\"}',1,NULL);
/*!40000 ALTER TABLE `Geolocators` ENABLE KEYS */;
UNLOCK TABLES;

--
-- Table structure for table `GoogleCalendars`
--

DROP TABLE IF EXISTS `GoogleCalendars`;
/*!40101 SET @saved_cs_client     = @@character_set_client */;
/*!40101 SET character_set_client = utf8 */;
CREATE TABLE `GoogleCalendars` (
  `id` int(11) NOT NULL AUTO_INCREMENT,
  `name` varchar(255) COLLATE utf8_unicode_ci NOT NULL,
  `bgColor` varchar(255) COLLATE utf8_unicode_ci NOT NULL,
  `textColor` varchar(255) COLLATE utf8_unicode_ci NOT NULL,
  `apiKey` varchar(255) COLLATE utf8_unicode_ci DEFAULT NULL,
  `googleID` varchar(255) COLLATE utf8_unicode_ci DEFAULT NULL,
  PRIMARY KEY (`id`),
  UNIQUE KEY `UNIQ_A40E197A5E237E06` (`name`),
  UNIQUE KEY `UNIQ_A40E197A7FA46CA0` (`googleID`)
) ENGINE=InnoDB AUTO_INCREMENT=2 DEFAULT CHARSET=utf8 COLLATE=utf8_unicode_ci;
/*!40101 SET character_set_client = @saved_cs_client */;

--
-- Dumping data for table `GoogleCalendars`
--

LOCK TABLES `GoogleCalendars` WRITE;
/*!40000 ALTER TABLE `GoogleCalendars` DISABLE KEYS */;
INSERT INTO `GoogleCalendars` VALUES (1,'GPA MN Event Calendar','#9a3233','#ffffff','AIzaSyBh5g9eZMXn0m1GdlH6-S5xlInzSemvj2I','413x.bauman@gmail.com');
/*!40000 ALTER TABLE `GoogleCalendars` ENABLE KEYS */;
UNLOCK TABLES;

--
-- Table structure for table `GroupSetGroups`
--

DROP TABLE IF EXISTS `GroupSetGroups`;
/*!40101 SET @saved_cs_client     = @@character_set_client */;
/*!40101 SET character_set_client = utf8 */;
CREATE TABLE `GroupSetGroups` (
  `gID` int(10) unsigned NOT NULL DEFAULT '0',
  `gsID` int(10) unsigned NOT NULL DEFAULT '0',
  PRIMARY KEY (`gID`,`gsID`),
  KEY `gsID` (`gsID`)
) ENGINE=InnoDB DEFAULT CHARSET=utf8 COLLATE=utf8_unicode_ci;
/*!40101 SET character_set_client = @saved_cs_client */;

--
-- Dumping data for table `GroupSetGroups`
--

LOCK TABLES `GroupSetGroups` WRITE;
/*!40000 ALTER TABLE `GroupSetGroups` DISABLE KEYS */;
/*!40000 ALTER TABLE `GroupSetGroups` ENABLE KEYS */;
UNLOCK TABLES;

--
-- Table structure for table `GroupSets`
--

DROP TABLE IF EXISTS `GroupSets`;
/*!40101 SET @saved_cs_client     = @@character_set_client */;
/*!40101 SET character_set_client = utf8 */;
CREATE TABLE `GroupSets` (
  `gsID` int(10) unsigned NOT NULL AUTO_INCREMENT,
  `gsName` varchar(255) COLLATE utf8_unicode_ci DEFAULT NULL,
  `pkgID` int(10) unsigned NOT NULL DEFAULT '0',
  PRIMARY KEY (`gsID`),
  KEY `gsName` (`gsName`),
  KEY `pkgID` (`pkgID`,`gsID`)
) ENGINE=InnoDB DEFAULT CHARSET=utf8 COLLATE=utf8_unicode_ci;
/*!40101 SET character_set_client = @saved_cs_client */;

--
-- Dumping data for table `GroupSets`
--

LOCK TABLES `GroupSets` WRITE;
/*!40000 ALTER TABLE `GroupSets` DISABLE KEYS */;
/*!40000 ALTER TABLE `GroupSets` ENABLE KEYS */;
UNLOCK TABLES;

--
-- Table structure for table `Groups`
--

DROP TABLE IF EXISTS `Groups`;
/*!40101 SET @saved_cs_client     = @@character_set_client */;
/*!40101 SET character_set_client = utf8 */;
CREATE TABLE `Groups` (
  `gID` int(10) unsigned NOT NULL AUTO_INCREMENT,
  `gName` varchar(128) COLLATE utf8_unicode_ci NOT NULL,
  `gDescription` varchar(255) COLLATE utf8_unicode_ci NOT NULL,
  `gUserExpirationIsEnabled` tinyint(1) NOT NULL DEFAULT '0',
  `gUserExpirationMethod` varchar(12) COLLATE utf8_unicode_ci DEFAULT NULL,
  `gUserExpirationSetDateTime` datetime DEFAULT NULL,
  `gUserExpirationInterval` int(10) unsigned NOT NULL DEFAULT '0',
  `gUserExpirationAction` varchar(20) COLLATE utf8_unicode_ci DEFAULT NULL,
  `gIsBadge` tinyint(1) NOT NULL DEFAULT '0',
  `gBadgeFID` int(10) unsigned NOT NULL DEFAULT '0',
  `gBadgeDescription` varchar(255) COLLATE utf8_unicode_ci DEFAULT NULL,
  `gBadgeCommunityPointValue` int(11) NOT NULL DEFAULT '0',
  `gIsAutomated` tinyint(1) NOT NULL DEFAULT '0',
  `gCheckAutomationOnRegister` tinyint(1) NOT NULL DEFAULT '0',
  `gCheckAutomationOnLogin` tinyint(1) NOT NULL DEFAULT '0',
  `gCheckAutomationOnJobRun` tinyint(1) NOT NULL DEFAULT '0',
  `gPath` text COLLATE utf8_unicode_ci,
  `pkgID` int(10) unsigned NOT NULL DEFAULT '0',
  PRIMARY KEY (`gID`),
  KEY `gName` (`gName`),
  KEY `gBadgeFID` (`gBadgeFID`),
  KEY `pkgID` (`pkgID`),
  KEY `gPath` (`gPath`(255))
) ENGINE=InnoDB AUTO_INCREMENT=4 DEFAULT CHARSET=utf8 COLLATE=utf8_unicode_ci;
/*!40101 SET character_set_client = @saved_cs_client */;

--
-- Dumping data for table `Groups`
--

LOCK TABLES `Groups` WRITE;
/*!40000 ALTER TABLE `Groups` DISABLE KEYS */;
INSERT INTO `Groups` VALUES (1,'Guest','The guest group represents unregistered visitors to your site.',0,NULL,NULL,0,NULL,0,0,NULL,0,0,0,0,0,'/Guest',0),(2,'Registered Users','The registered users group represents all user accounts.',0,NULL,NULL,0,NULL,0,0,NULL,0,0,0,0,0,'/Registered Users',0),(3,'Administrators','',0,NULL,NULL,0,NULL,0,0,NULL,0,0,0,0,0,'/Administrators',0);
/*!40000 ALTER TABLE `Groups` ENABLE KEYS */;
UNLOCK TABLES;

--
-- Table structure for table `JobSetJobs`
--

DROP TABLE IF EXISTS `JobSetJobs`;
/*!40101 SET @saved_cs_client     = @@character_set_client */;
/*!40101 SET character_set_client = utf8 */;
CREATE TABLE `JobSetJobs` (
  `jsID` int(10) unsigned NOT NULL DEFAULT '0',
  `jID` int(10) unsigned NOT NULL DEFAULT '0',
  `jRunOrder` int(10) unsigned NOT NULL DEFAULT '0',
  PRIMARY KEY (`jsID`,`jID`),
  KEY `jID` (`jID`)
) ENGINE=InnoDB DEFAULT CHARSET=utf8 COLLATE=utf8_unicode_ci;
/*!40101 SET character_set_client = @saved_cs_client */;

--
-- Dumping data for table `JobSetJobs`
--

LOCK TABLES `JobSetJobs` WRITE;
/*!40000 ALTER TABLE `JobSetJobs` DISABLE KEYS */;
INSERT INTO `JobSetJobs` VALUES (1,1,0),(1,4,0),(1,5,0),(1,6,0),(1,7,0);
/*!40000 ALTER TABLE `JobSetJobs` ENABLE KEYS */;
UNLOCK TABLES;

--
-- Table structure for table `JobSets`
--

DROP TABLE IF EXISTS `JobSets`;
/*!40101 SET @saved_cs_client     = @@character_set_client */;
/*!40101 SET character_set_client = utf8 */;
CREATE TABLE `JobSets` (
  `jsID` int(10) unsigned NOT NULL AUTO_INCREMENT,
  `jsName` varchar(128) COLLATE utf8_unicode_ci NOT NULL,
  `pkgID` int(10) unsigned NOT NULL DEFAULT '0',
  `jDateLastRun` datetime DEFAULT NULL,
  `isScheduled` smallint(6) NOT NULL DEFAULT '0',
  `scheduledInterval` varchar(255) COLLATE utf8_unicode_ci NOT NULL DEFAULT 'days',
  `scheduledValue` int(11) NOT NULL DEFAULT '0',
  PRIMARY KEY (`jsID`),
  KEY `pkgID` (`pkgID`),
  KEY `jsName` (`jsName`)
) ENGINE=InnoDB AUTO_INCREMENT=2 DEFAULT CHARSET=utf8 COLLATE=utf8_unicode_ci;
/*!40101 SET character_set_client = @saved_cs_client */;

--
-- Dumping data for table `JobSets`
--

LOCK TABLES `JobSets` WRITE;
/*!40000 ALTER TABLE `JobSets` DISABLE KEYS */;
INSERT INTO `JobSets` VALUES (1,'Default',0,NULL,0,'days',0);
/*!40000 ALTER TABLE `JobSets` ENABLE KEYS */;
UNLOCK TABLES;

--
-- Table structure for table `Jobs`
--

DROP TABLE IF EXISTS `Jobs`;
/*!40101 SET @saved_cs_client     = @@character_set_client */;
/*!40101 SET character_set_client = utf8 */;
CREATE TABLE `Jobs` (
  `jID` int(10) unsigned NOT NULL AUTO_INCREMENT,
  `jName` varchar(100) COLLATE utf8_unicode_ci NOT NULL,
  `jDescription` varchar(255) COLLATE utf8_unicode_ci NOT NULL,
  `jDateInstalled` datetime DEFAULT NULL,
  `jDateLastRun` datetime DEFAULT NULL,
  `pkgID` int(10) unsigned NOT NULL DEFAULT '0',
  `jLastStatusText` longtext COLLATE utf8_unicode_ci,
  `jLastStatusCode` smallint(6) NOT NULL DEFAULT '0',
  `jStatus` varchar(14) COLLATE utf8_unicode_ci NOT NULL DEFAULT 'ENABLED',
  `jHandle` varchar(255) COLLATE utf8_unicode_ci NOT NULL,
  `jNotUninstallable` smallint(6) NOT NULL DEFAULT '0',
  `isScheduled` smallint(6) NOT NULL DEFAULT '0',
  `scheduledInterval` varchar(255) COLLATE utf8_unicode_ci NOT NULL DEFAULT 'days',
  `scheduledValue` int(11) NOT NULL DEFAULT '0',
  PRIMARY KEY (`jID`),
  UNIQUE KEY `jHandle` (`jHandle`),
  KEY `pkgID` (`pkgID`),
  KEY `isScheduled` (`isScheduled`,`jDateLastRun`,`jID`),
  KEY `jDateLastRun` (`jDateLastRun`,`jID`)
) ENGINE=InnoDB AUTO_INCREMENT=9 DEFAULT CHARSET=utf8 COLLATE=utf8_unicode_ci;
/*!40101 SET character_set_client = @saved_cs_client */;

--
-- Dumping data for table `Jobs`
--

LOCK TABLES `Jobs` WRITE;
/*!40000 ALTER TABLE `Jobs` DISABLE KEYS */;
INSERT INTO `Jobs` VALUES (1,'Index Search Engine - Updates','Index the site to allow searching to work quickly and accurately','2018-02-07 03:03:17',NULL,0,NULL,0,'ENABLED','index_search',1,0,'days',0),(2,'Index Search Engine - All','Empties the page search index and reindexes all pages.','2018-02-07 03:03:17',NULL,0,NULL,0,'ENABLED','index_search_all',1,0,'days',0),(3,'Check Automated Groups','Automatically add users to groups and assign badges.','2018-02-07 03:03:17',NULL,0,NULL,0,'ENABLED','check_automated_groups',0,0,'days',0),(4,'Generate the sitemap.xml file','Generate the sitemap.xml file that search engines use to crawl your site.','2018-02-07 03:03:17',NULL,0,NULL,0,'ENABLED','generate_sitemap',0,0,'days',0),(5,'Process Email Posts','Polls an email account and grabs private messages/postings that are sent there..','2018-02-07 03:03:17',NULL,0,NULL,0,'ENABLED','process_email',0,0,'days',0),(6,'Remove Old Page Versions','Removes all except the 10 most recent page versions for each page.','2018-02-07 03:03:17',NULL,0,NULL,0,'ENABLED','remove_old_page_versions',0,0,'days',0),(7,'Update Gatherings','Loads new items into gatherings.','2018-02-07 03:03:17',NULL,0,NULL,0,'ENABLED','update_gatherings',0,0,'days',0),(8,'Update Statistics Trackers','Scan the sitemap for file usage and stack usage to update statistics trackers','2018-02-07 03:03:17',NULL,0,NULL,0,'ENABLED','update_statistics',0,0,'days',0);
/*!40000 ALTER TABLE `Jobs` ENABLE KEYS */;
UNLOCK TABLES;

--
-- Table structure for table `JobsLog`
--

DROP TABLE IF EXISTS `JobsLog`;
/*!40101 SET @saved_cs_client     = @@character_set_client */;
/*!40101 SET character_set_client = utf8 */;
CREATE TABLE `JobsLog` (
  `jlID` int(10) unsigned NOT NULL AUTO_INCREMENT,
  `jID` int(10) unsigned NOT NULL,
  `jlMessage` longtext COLLATE utf8_unicode_ci NOT NULL,
  `jlTimestamp` timestamp NOT NULL DEFAULT CURRENT_TIMESTAMP,
  `jlError` int(11) NOT NULL DEFAULT '0',
  PRIMARY KEY (`jlID`),
  KEY `jID` (`jID`)
) ENGINE=InnoDB DEFAULT CHARSET=utf8 COLLATE=utf8_unicode_ci;
/*!40101 SET character_set_client = @saved_cs_client */;

--
-- Dumping data for table `JobsLog`
--

LOCK TABLES `JobsLog` WRITE;
/*!40000 ALTER TABLE `JobsLog` DISABLE KEYS */;
/*!40000 ALTER TABLE `JobsLog` ENABLE KEYS */;
UNLOCK TABLES;

--
-- Table structure for table `LegacyAttributeKeys`
--

DROP TABLE IF EXISTS `LegacyAttributeKeys`;
/*!40101 SET @saved_cs_client     = @@character_set_client */;
/*!40101 SET character_set_client = utf8 */;
CREATE TABLE `LegacyAttributeKeys` (
  `akID` int(10) unsigned NOT NULL,
  PRIMARY KEY (`akID`),
  CONSTRAINT `FK_740BA2BBB6561A7E` FOREIGN KEY (`akID`) REFERENCES `AttributeKeys` (`akID`) ON DELETE CASCADE
) ENGINE=InnoDB DEFAULT CHARSET=utf8 COLLATE=utf8_unicode_ci;
/*!40101 SET character_set_client = @saved_cs_client */;

--
-- Dumping data for table `LegacyAttributeKeys`
--

LOCK TABLES `LegacyAttributeKeys` WRITE;
/*!40000 ALTER TABLE `LegacyAttributeKeys` DISABLE KEYS */;
/*!40000 ALTER TABLE `LegacyAttributeKeys` ENABLE KEYS */;
UNLOCK TABLES;

--
-- Table structure for table `LoginControlIpRanges`
--

DROP TABLE IF EXISTS `LoginControlIpRanges`;
/*!40101 SET @saved_cs_client     = @@character_set_client */;
/*!40101 SET character_set_client = utf8 */;
CREATE TABLE `LoginControlIpRanges` (
  `lcirID` int(10) unsigned NOT NULL AUTO_INCREMENT COMMENT 'Record identifier',
  `lcirIpFrom` varchar(40) COLLATE utf8_unicode_ci NOT NULL COMMENT 'Start of the range',
  `lcirIpTo` varchar(40) COLLATE utf8_unicode_ci NOT NULL COMMENT 'End of the range',
  `lcirType` smallint(5) unsigned NOT NULL COMMENT 'Type of the record',
  `lcirExpires` datetime DEFAULT NULL COMMENT 'Record end-of-life timestamp',
  PRIMARY KEY (`lcirID`),
  KEY `IX_LoginControlIpRanges_Search` (`lcirIpFrom`,`lcirIpTo`,`lcirExpires`)
) ENGINE=InnoDB DEFAULT CHARSET=utf8 COLLATE=utf8_unicode_ci COMMENT='IP ranges used to control login attempts';
/*!40101 SET character_set_client = @saved_cs_client */;

--
-- Dumping data for table `LoginControlIpRanges`
--

LOCK TABLES `LoginControlIpRanges` WRITE;
/*!40000 ALTER TABLE `LoginControlIpRanges` DISABLE KEYS */;
/*!40000 ALTER TABLE `LoginControlIpRanges` ENABLE KEYS */;
UNLOCK TABLES;

--
-- Table structure for table `Logs`
--

DROP TABLE IF EXISTS `Logs`;
/*!40101 SET @saved_cs_client     = @@character_set_client */;
/*!40101 SET character_set_client = utf8 */;
CREATE TABLE `Logs` (
  `logID` int(10) unsigned NOT NULL AUTO_INCREMENT,
  `channel` varchar(255) COLLATE utf8_unicode_ci DEFAULT NULL,
  `time` int(10) unsigned NOT NULL,
  `message` longtext COLLATE utf8_unicode_ci,
  `uID` int(10) unsigned DEFAULT NULL,
  `level` int(11) NOT NULL,
  PRIMARY KEY (`logID`),
  KEY `channel` (`channel`),
  KEY `uID` (`uID`)
) ENGINE=InnoDB AUTO_INCREMENT=486 DEFAULT CHARSET=utf8 COLLATE=utf8_unicode_ci;
/*!40101 SET character_set_client = @saved_cs_client */;

--
-- Dumping data for table `Logs`
--

LOCK TABLES `Logs` WRITE;
/*!40000 ALTER TABLE `Logs` DISABLE KEYS */;
INSERT INTO `Logs` VALUES (1,'application',1517972664,'Clearing cache with CacheClearer::flush().',1,250),(2,'exceptions',1517975633,'Exception Occurred: /var/www/sites/gpa-mn.local/gpa/concrete/src/Support/Manager.php:26 Driver [bootstrap4] not supported. (0)\n',1,600),(3,'exceptions',1518145653,'Exception Occurred: /var/www/sites/gpa-mn.local/gpa/application/themes/gpa/elements/header_top.php:15 Call to undefined method Concrete\\Core\\Page\\View\\PageView::getPageTheme() (0)\n',0,600),(4,'exceptions',1518275292,'Exception Occurred: /var/www/sites/gpa-mn.local/gpa/concrete/src/Support/Manager.php:26 Driver [bootstrap4] not supported. (0)\n',1,600),(5,'application',1518275661,'Clearing cache with CacheClearer::flush().',1,250),(6,'application',1518275666,'Page \"Footer Contact\" at path \"/!stacks/footer-contact\" deleted',1,100),(7,'application',1518275666,'Page \"Footer Legal\" at path \"/!stacks/footer-legal\" deleted',1,100),(8,'application',1518275666,'Page \"Footer Navigation\" at path \"/!stacks/footer-navigation\" deleted',1,100),(9,'application',1518275666,'Page \"Footer Site Title\" at path \"/!stacks/footer-site-title\" deleted',1,100),(10,'application',1518275666,'Page \"Footer Social\" at path \"/!stacks/footer-social\" deleted',1,100),(11,'application',1518275666,'Page \"Header Search\" at path \"/!stacks/header-search\" deleted',1,100),(12,'application',1518275666,'Page \"Header Site Title\" at path \"/!stacks/header-site-title\" deleted',1,100),(13,'exceptions',1518275669,'Exception Occurred: /var/www/sites/gpa-mn.local/gpa/concrete/src/Support/Manager.php:26 Driver [bootstrap4] not supported. (0)\n',1,600),(14,'exceptions',1518275671,'Exception Occurred: /var/www/sites/gpa-mn.local/gpa/concrete/src/Support/Manager.php:26 Driver [bootstrap4] not supported. (0)\n',1,600),(15,'exceptions',1518275775,'Exception Occurred: /var/www/sites/gpa-mn.local/gpa/concrete/src/Support/Manager.php:26 Driver [bootstrap4] not supported. (0)\n',1,600),(16,'exceptions',1518275776,'Exception Occurred: /var/www/sites/gpa-mn.local/gpa/concrete/src/Support/Manager.php:26 Driver [bootstrap4] not supported. (0)\n',1,600),(17,'exceptions',1518275864,'Exception Occurred: /var/www/sites/gpa-mn.local/gpa/concrete/src/Support/Manager.php:26 Driver [bootstrap4] not supported. (0)\n',1,600),(18,'exceptions',1518275865,'Exception Occurred: /var/www/sites/gpa-mn.local/gpa/concrete/src/Support/Manager.php:26 Driver [bootstrap4] not supported. (0)\n',1,600),(19,'exceptions',1518275865,'Exception Occurred: /var/www/sites/gpa-mn.local/gpa/concrete/src/Support/Manager.php:26 Driver [bootstrap4] not supported. (0)\n',1,600),(20,'exceptions',1518275865,'Exception Occurred: /var/www/sites/gpa-mn.local/gpa/concrete/src/Support/Manager.php:26 Driver [bootstrap4] not supported. (0)\n',1,600),(21,'exceptions',1518275866,'Exception Occurred: /var/www/sites/gpa-mn.local/gpa/concrete/src/Support/Manager.php:26 Driver [bootstrap4] not supported. (0)\n',1,600),(22,'exceptions',1518276096,'Exception Occurred: /var/www/sites/gpa-mn.local/gpa/concrete/src/Support/Manager.php:26 Driver [bootstrap4] not supported. (0)\n',1,600),(23,'exceptions',1518276105,'Exception Occurred: /var/www/sites/gpa-mn.local/gpa/concrete/src/Support/Manager.php:26 Driver [bootstrap4] not supported. (0)\n',1,600),(24,'exceptions',1518276183,'Exception Occurred: /var/www/sites/gpa-mn.local/gpa/concrete/src/Support/Manager.php:26 Driver [bootstrap4] not supported. (0)\n',1,600),(25,'exceptions',1518276328,'Exception Occurred: /var/www/sites/gpa-mn.local/gpa/concrete/src/Support/Manager.php:26 Driver [bootstrap4] not supported. (0)\n',1,600),(26,'exceptions',1518276354,'Exception Occurred: /var/www/sites/gpa-mn.local/gpa/concrete/src/Support/Manager.php:26 Driver [bootstrap4] not supported. (0)\n',1,600),(27,'application',1518279361,'Clearing cache with CacheClearer::flush().',1,250),(28,'application',1518279382,'Clearing cache with CacheClearer::flush().',1,250),(29,'application',1518280952,'Clearing cache with CacheClearer::flush().',1,250),(30,'application',1518286138,'Clearing cache with CacheClearer::flush().',1,250),(31,'exceptions',1518359699,'Exception Occurred: /var/www/sites/gpa-mn.local/gpa/application/themes/gpa/default.php:8 Call to undefined method Concrete\\Core\\Page\\Page::getColletionName() (0)\n',0,600),(32,'application',1518381092,'Page \"Resources\" at path \"/resources\" Moved to trash',1,100),(33,'exceptions',1518735345,'Exception Occurred: /var/www/sites/gpa-mn.local/gpa/concrete/vendor/tedivm/stash/src/Stash/Driver/FileSystem.php:326 unlink(/var/www/sites/gpa-mn.local/gpa/application/files/cache/overrides/1952a01898073d1e/561b9b4f2e42cbd7/38a865804f8fdcb6/57cd99682e939275/82ba66fca8486f4f/006bee751dc3321b.php): No such file or directory (2)\n',0,600),(34,'exceptions',1519431899,'Exception Occurred: /var/www/sites/gpa-mn.local/gpa/concrete/vendor/doctrine/dbal/lib/Doctrine/DBAL/Schema/SchemaException.php:109 The table with name \'gpa_mn.calendars\' already exists. (20)\n',1,600),(35,'exceptions',1519434752,'Exception Occurred: /var/www/sites/gpa-mn.local/gpa/concrete/vendor/illuminate/container/Container.php:734 Class  does not exist (-1)\n',1,600),(36,'exceptions',1519434838,'Exception Occurred: /var/www/sites/gpa-mn.local/gpa/packages/google_calendar/blocks/google_calendar/controller.php:12 Declaration of Concrete\\Package\\GoogleCalendar\\Block\\GoogleCalendar\\Controller::registerViewAssets() should be compatible with Concrete\\Core\\Block\\BlockController::registerViewAssets($outputContent = \'\') (2)\n',1,600),(37,'exceptions',1519435602,'Exception Occurred: /var/www/sites/gpa-mn.local/gpa/packages/google_calendar/blocks/google_calendar/controller.php:7 Declaration of Concrete\\Package\\GoogleCalendar\\Block\\GoogleCalendar\\Controller::registerViewAssets() should be compatible with Concrete\\Core\\Block\\BlockController::registerViewAssets($outputContent = \'\') (2)\n',1,600),(38,'exceptions',1519436000,'Exception Occurred: /var/www/sites/gpa-mn.local/gpa/packages/google_calendar/blocks/google_calendar/controller.php:8 Declaration of Concrete\\Package\\GoogleCalendar\\Block\\GoogleCalendar\\Controller::registerViewAssets() should be compatible with Concrete\\Core\\Block\\BlockController::registerViewAssets($outputContent = \'\') (2)\n',1,600),(39,'exceptions',1519436096,'Exception Occurred: /var/www/sites/gpa-mn.local/gpa/packages/google_calendar/blocks/google_calendar/controller.php:8 Declaration of Concrete\\Package\\GoogleCalendar\\Block\\GoogleCalendar\\Controller::registerViewAssets() should be compatible with Concrete\\Core\\Block\\BlockController::registerViewAssets($outputContent = \'\') (2)\n',1,600),(40,'exceptions',1519436312,'Exception Occurred: /var/www/sites/gpa-mn.local/gpa/packages/google_calendar/blocks/google_calendar/controller.php:7 Declaration of Concrete\\Package\\GoogleCalendar\\Block\\GoogleCalendar\\Controller::registerViewAssets() should be compatible with Concrete\\Core\\Block\\BlockController::registerViewAssets($outputContent = \'\') (2)\n',1,600),(41,'exceptions',1519436345,'Exception Occurred: /var/www/sites/gpa-mn.local/gpa/concrete/vendor/illuminate/container/Container.php:734 Class  does not exist (-1)\n',1,600),(42,'exceptions',1519438040,'Exception Occurred: /var/www/sites/gpa-mn.local/gpa/concrete/src/View/View.php:233 include(/var/www/sites/gpa-mn.local/gpa/packages/google_calendar/single_pages/dashboard/calendar/google_calendar.php): failed to open stream: No such file or directory (2)\n',1,600),(43,'exceptions',1519439575,'Exception Occurred: /var/www/sites/gpa-mn.local/gpa/concrete/vendor/illuminate/container/Container.php:794 Class Concrete\\Package\\GoogleCalendar\\Controller\\SinglePage\\Dashboard\\Calendar\\Page does not exist (0)\n',1,600),(44,'exceptions',1519439606,'Exception Occurred: /var/www/sites/gpa-mn.local/gpa/packages/google_calendar/controllers/single_page/dashboard/calendar/google_calendar.php:16 Call to a member function make() on null (0)\n',1,600),(45,'exceptions',1519439618,'Exception Occurred: /var/www/sites/gpa-mn.local/gpa/packages/google_calendar/controllers/single_page/dashboard/calendar/google_calendar.php:16 Call to a member function make() on null (0)\n',1,600),(46,'exceptions',1519439620,'Exception Occurred: /var/www/sites/gpa-mn.local/gpa/packages/google_calendar/controllers/single_page/dashboard/calendar/google_calendar.php:16 Call to a member function make() on null (0)\n',1,600),(47,'exceptions',1519439621,'Exception Occurred: /var/www/sites/gpa-mn.local/gpa/packages/google_calendar/controllers/single_page/dashboard/calendar/google_calendar.php:16 Call to a member function make() on null (0)\n',1,600),(48,'exceptions',1519439621,'Exception Occurred: /var/www/sites/gpa-mn.local/gpa/packages/google_calendar/controllers/single_page/dashboard/calendar/google_calendar.php:16 Call to a member function make() on null (0)\n',1,600),(49,'exceptions',1519439633,'Exception Occurred: /var/www/sites/gpa-mn.local/gpa/packages/google_calendar/controllers/single_page/dashboard/calendar/google_calendar.php:16 Call to a member function make() on null (0)\n',1,600),(50,'exceptions',1519439696,'Exception Occurred: /var/www/sites/gpa-mn.local/gpa/packages/google_calendar/controllers/single_page/dashboard/calendar/google_calendar.php:16 Call to a member function make() on null (0)\n',1,600),(51,'exceptions',1519440052,'Exception Occurred: /var/www/sites/gpa-mn.local/gpa/concrete/vendor/illuminate/container/Container.php:734 Class google_calendar_service does not exist (-1)\n',1,600),(52,'exceptions',1519440107,'Exception Occurred: /var/www/sites/gpa-mn.local/gpa/concrete/vendor/illuminate/container/Container.php:734 Class google_calendar_service does not exist (-1)\n',1,600),(53,'application',1519440123,'Page \"Google Calendar Settings\" at path \"/dashboard/calendar/google_calendar\" deleted',1,100),(54,'exceptions',1519440142,'Exception Occurred: /var/www/sites/gpa-mn.local/gpa/concrete/vendor/illuminate/container/Container.php:734 Class Concrete\\Package\\GoogleCalendar\\GoogleCalendarService does not exist (-1)\n',1,600),(55,'exceptions',1519440271,'Exception Occurred: /var/www/sites/gpa-mn.local/gpa/concrete/vendor/illuminate/container/Container.php:734 Class Concrete\\Package\\GoogleCalendar\\GoogleCalendarService does not exist (-1)\n',1,600),(56,'exceptions',1519440912,'Exception Occurred: /var/www/sites/gpa-mn.local/gpa/packages/google_calendar/controllers/single_page/dashboard/calendar/google_calendar.php:69 Call to undefined method Concrete\\Package\\GoogleCalendar\\GoogleCalendarService::updateCalendr() (0)\n',1,600),(57,'exceptions',1519441246,'Exception Occurred: /var/www/sites/gpa-mn.local/gpa/packages/google_calendar/controllers/single_page/dashboard/calendar/google_calendar.php:69 Call to undefined method Concrete\\Package\\GoogleCalendar\\GoogleCalendarService::updateCalendr() (0)\n',1,600),(58,'exceptions',1519441250,'Exception Occurred: /var/www/sites/gpa-mn.local/gpa/concrete/vendor/doctrine/common/lib/Doctrine/Common/Persistence/Mapping/MappingException.php:96 Class \'Concrete\\Package\\GoogleCalendar\\Entity\\GoogleCalendar\' does not exist (0)\n',1,600),(59,'exceptions',1519441275,'Exception Occurred: /var/www/sites/gpa-mn.local/gpa/concrete/vendor/doctrine/common/lib/Doctrine/Common/Persistence/Mapping/MappingException.php:96 Class \'Concrete\\Package\\GoogleCalendar\\Entity\\GoogleCalendar\' does not exist (0)\n',1,600),(60,'exceptions',1519441333,'Exception Occurred: /var/www/sites/gpa-mn.local/gpa/concrete/vendor/illuminate/container/Container.php:734 Class Concrete\\Package\\GoogleCalendar\\GoogleCalendarService does not exist (-1)\n',1,600),(61,'application',1519441347,'Page \"Google Calendar Settings\" at path \"/dashboard/calendar/google_calendar\" deleted',1,100),(62,'exceptions',1519441361,'Exception Occurred: /var/www/sites/gpa-mn.local/gpa/concrete/vendor/illuminate/container/Container.php:734 Class Concrete\\Package\\GoogleCalendar\\GoogleCalendarService does not exist (-1)\n',1,600),(63,'exceptions',1519441391,'Exception Occurred: /var/www/sites/gpa-mn.local/gpa/concrete/vendor/illuminate/container/Container.php:734 Class Concrete\\Package\\GoogleCalendar\\GoogleCalendarService does not exist (-1)\n',1,600),(64,'exceptions',1519441428,'Exception Occurred: /var/www/sites/gpa-mn.local/gpa/concrete/vendor/illuminate/container/Container.php:734 Class Concrete\\Package\\GoogleCalendar\\GoogleCalendarService does not exist (-1)\n',1,600),(65,'exceptions',1519441466,'Exception Occurred: /var/www/sites/gpa-mn.local/gpa/concrete/vendor/illuminate/container/Container.php:734 Class Concrete\\Package\\GoogleCalendar\\Src\\GoogleCalendarService does not exist (-1)\n',1,600),(66,'exceptions',1519441467,'Exception Occurred: /var/www/sites/gpa-mn.local/gpa/concrete/vendor/illuminate/container/Container.php:734 Class Concrete\\Package\\GoogleCalendar\\Src\\GoogleCalendarService does not exist (-1)\n',1,600),(67,'exceptions',1519441468,'Exception Occurred: /var/www/sites/gpa-mn.local/gpa/concrete/vendor/illuminate/container/Container.php:734 Class Concrete\\Package\\GoogleCalendar\\Src\\GoogleCalendarService does not exist (-1)\n',1,600),(68,'exceptions',1519441469,'Exception Occurred: /var/www/sites/gpa-mn.local/gpa/concrete/vendor/illuminate/container/Container.php:734 Class Concrete\\Package\\GoogleCalendar\\Src\\GoogleCalendarService does not exist (-1)\n',1,600),(69,'exceptions',1519441469,'Exception Occurred: /var/www/sites/gpa-mn.local/gpa/concrete/vendor/illuminate/container/Container.php:734 Class Concrete\\Package\\GoogleCalendar\\Src\\GoogleCalendarService does not exist (-1)\n',1,600),(70,'application',1519441513,'Page \"Google Calendar Settings\" at path \"/dashboard/calendar/google_calendar\" deleted',1,100),(71,'exceptions',1519441532,'Exception Occurred: /var/www/sites/gpa-mn.local/gpa/concrete/vendor/illuminate/container/Container.php:734 Class Concrete\\Package\\GoogleCalendar\\Src\\GoogleCalendarService does not exist (-1)\n',1,600),(72,'exceptions',1519441595,'Exception Occurred: /var/www/sites/gpa-mn.local/gpa/concrete/vendor/illuminate/container/Container.php:734 Class Concrete\\Package\\GoogleCalendar\\GoogleCalendarService does not exist (-1)\n',1,600),(73,'exceptions',1519441596,'Exception Occurred: /var/www/sites/gpa-mn.local/gpa/concrete/vendor/illuminate/container/Container.php:734 Class Concrete\\Package\\GoogleCalendar\\GoogleCalendarService does not exist (-1)\n',1,600),(74,'exceptions',1519441596,'Exception Occurred: /var/www/sites/gpa-mn.local/gpa/concrete/vendor/illuminate/container/Container.php:734 Class Concrete\\Package\\GoogleCalendar\\GoogleCalendarService does not exist (-1)\n',1,600),(75,'exceptions',1519441597,'Exception Occurred: /var/www/sites/gpa-mn.local/gpa/concrete/vendor/illuminate/container/Container.php:734 Class Concrete\\Package\\GoogleCalendar\\GoogleCalendarService does not exist (-1)\n',1,600),(76,'exceptions',1519441597,'Exception Occurred: /var/www/sites/gpa-mn.local/gpa/concrete/vendor/illuminate/container/Container.php:734 Class Concrete\\Package\\GoogleCalendar\\GoogleCalendarService does not exist (-1)\n',1,600),(77,'exceptions',1519441607,'Exception Occurred: /var/www/sites/gpa-mn.local/gpa/concrete/vendor/illuminate/container/Container.php:734 Class Concrete\\Package\\GoogleCalendar\\GoogleCalendarService does not exist (-1)\n',1,600),(78,'exceptions',1519441625,'Exception Occurred: /var/www/sites/gpa-mn.local/gpa/concrete/vendor/illuminate/container/Container.php:734 Class Concrete\\Package\\GoogleCalendar\\GoogleCalendarService does not exist (-1)\n',1,600),(79,'exceptions',1519441637,'Exception Occurred: /var/www/sites/gpa-mn.local/gpa/concrete/vendor/illuminate/container/Container.php:734 Class Concrete\\Package\\GoogleCalendar\\GoogleCalendarService does not exist (-1)\n',1,600),(80,'exceptions',1519441639,'Exception Occurred: /var/www/sites/gpa-mn.local/gpa/concrete/vendor/illuminate/container/Container.php:734 Class Concrete\\Package\\GoogleCalendar\\GoogleCalendarService does not exist (-1)\n',1,600),(81,'exceptions',1519441639,'Exception Occurred: /var/www/sites/gpa-mn.local/gpa/concrete/vendor/illuminate/container/Container.php:734 Class Concrete\\Package\\GoogleCalendar\\GoogleCalendarService does not exist (-1)\n',1,600),(82,'exceptions',1519441639,'Exception Occurred: /var/www/sites/gpa-mn.local/gpa/concrete/vendor/illuminate/container/Container.php:734 Class Concrete\\Package\\GoogleCalendar\\GoogleCalendarService does not exist (-1)\n',1,600),(83,'exceptions',1519441639,'Exception Occurred: /var/www/sites/gpa-mn.local/gpa/concrete/vendor/illuminate/container/Container.php:734 Class Concrete\\Package\\GoogleCalendar\\GoogleCalendarService does not exist (-1)\n',1,600),(84,'exceptions',1519441639,'Exception Occurred: /var/www/sites/gpa-mn.local/gpa/concrete/vendor/illuminate/container/Container.php:734 Class Concrete\\Package\\GoogleCalendar\\GoogleCalendarService does not exist (-1)\n',1,600),(85,'exceptions',1519441640,'Exception Occurred: /var/www/sites/gpa-mn.local/gpa/concrete/vendor/illuminate/container/Container.php:734 Class Concrete\\Package\\GoogleCalendar\\GoogleCalendarService does not exist (-1)\n',1,600),(86,'exceptions',1519441640,'Exception Occurred: /var/www/sites/gpa-mn.local/gpa/concrete/vendor/illuminate/container/Container.php:734 Class Concrete\\Package\\GoogleCalendar\\GoogleCalendarService does not exist (-1)\n',1,600),(87,'exceptions',1519441640,'Exception Occurred: /var/www/sites/gpa-mn.local/gpa/concrete/vendor/illuminate/container/Container.php:734 Class Concrete\\Package\\GoogleCalendar\\GoogleCalendarService does not exist (-1)\n',1,600),(88,'exceptions',1519441640,'Exception Occurred: /var/www/sites/gpa-mn.local/gpa/concrete/vendor/illuminate/container/Container.php:734 Class Concrete\\Package\\GoogleCalendar\\GoogleCalendarService does not exist (-1)\n',1,600),(89,'exceptions',1519441640,'Exception Occurred: /var/www/sites/gpa-mn.local/gpa/concrete/vendor/illuminate/container/Container.php:734 Class Concrete\\Package\\GoogleCalendar\\GoogleCalendarService does not exist (-1)\n',1,600),(90,'exceptions',1519441640,'Exception Occurred: /var/www/sites/gpa-mn.local/gpa/concrete/vendor/illuminate/container/Container.php:734 Class Concrete\\Package\\GoogleCalendar\\GoogleCalendarService does not exist (-1)\n',1,600),(91,'exceptions',1519441641,'Exception Occurred: /var/www/sites/gpa-mn.local/gpa/concrete/vendor/illuminate/container/Container.php:734 Class Concrete\\Package\\GoogleCalendar\\GoogleCalendarService does not exist (-1)\n',1,600),(92,'exceptions',1519441641,'Exception Occurred: /var/www/sites/gpa-mn.local/gpa/concrete/vendor/illuminate/container/Container.php:734 Class Concrete\\Package\\GoogleCalendar\\GoogleCalendarService does not exist (-1)\n',1,600),(93,'application',1519441650,'Page \"Google Calendar Settings\" at path \"/dashboard/calendar/google_calendar\" deleted',1,100),(94,'exceptions',1519441663,'Exception Occurred: /var/www/sites/gpa-mn.local/gpa/concrete/vendor/illuminate/container/Container.php:734 Class Concrete\\Package\\GoogleCalendar\\GoogleCalendarService does not exist (-1)\n',1,600),(95,'exceptions',1519441671,'Exception Occurred: /var/www/sites/gpa-mn.local/gpa/concrete/vendor/illuminate/container/Container.php:734 Class Concrete\\Package\\GoogleCalendar\\GoogleCalendarService does not exist (-1)\n',1,600),(96,'exceptions',1519441678,'Exception Occurred: /var/www/sites/gpa-mn.local/gpa/concrete/vendor/illuminate/container/Container.php:734 Class Concrete\\Package\\GoogleCalendar\\GoogleCalendarService does not exist (-1)\n',1,600),(97,'exceptions',1519441678,'Exception Occurred: /var/www/sites/gpa-mn.local/gpa/concrete/vendor/illuminate/container/Container.php:734 Class Concrete\\Package\\GoogleCalendar\\GoogleCalendarService does not exist (-1)\n',1,600),(98,'exceptions',1519441679,'Exception Occurred: /var/www/sites/gpa-mn.local/gpa/concrete/vendor/illuminate/container/Container.php:734 Class Concrete\\Package\\GoogleCalendar\\GoogleCalendarService does not exist (-1)\n',1,600),(99,'exceptions',1519441680,'Exception Occurred: /var/www/sites/gpa-mn.local/gpa/concrete/vendor/illuminate/container/Container.php:734 Class Concrete\\Package\\GoogleCalendar\\GoogleCalendarService does not exist (-1)\n',1,600),(100,'exceptions',1519441680,'Exception Occurred: /var/www/sites/gpa-mn.local/gpa/concrete/vendor/illuminate/container/Container.php:734 Class Concrete\\Package\\GoogleCalendar\\GoogleCalendarService does not exist (-1)\n',1,600),(101,'exceptions',1519441680,'Exception Occurred: /var/www/sites/gpa-mn.local/gpa/concrete/vendor/illuminate/container/Container.php:734 Class Concrete\\Package\\GoogleCalendar\\GoogleCalendarService does not exist (-1)\n',1,600),(102,'exceptions',1519441734,'Exception Occurred: /var/www/sites/gpa-mn.local/gpa/concrete/vendor/illuminate/container/Container.php:734 Class Concrete\\Package\\GoogleCalendar\\GoogleCalendarService does not exist (-1)\n',1,600),(103,'exceptions',1519441742,'Exception Occurred: /var/www/sites/gpa-mn.local/gpa/concrete/vendor/doctrine/common/lib/Doctrine/Common/Persistence/Mapping/MappingException.php:96 Class \'Concrete\\Package\\GoogleCalendar\\Src\\Entity\\GoogleCalendar\' does not exist (0)\n',1,600),(104,'exceptions',1519441788,'Exception Occurred: /var/www/sites/gpa-mn.local/gpa/concrete/vendor/doctrine/common/lib/Doctrine/Common/Persistence/Mapping/MappingException.php:96 Class \'Concrete\\Package\\GoogleCalendar\\Src\\Entity\\GoogleCalendar\' does not exist (0)\n',1,600),(105,'exceptions',1519441838,'Exception Occurred: /var/www/sites/gpa-mn.local/gpa/concrete/vendor/doctrine/common/lib/Doctrine/Common/Persistence/Mapping/MappingException.php:96 Class \'Concrete\\Package\\GoogleCalendar\\Entity\\GoogleCalendar\' does not exist (0)\n',1,600),(106,'exceptions',1519441851,'Exception Occurred: /var/www/sites/gpa-mn.local/gpa/concrete/vendor/doctrine/common/lib/Doctrine/Common/Persistence/Mapping/MappingException.php:96 Class \'Concrete\\Package\\GoogleCalendar\\Entity\\GoogleCalendar\' does not exist (0)\n',1,600),(107,'exceptions',1519441851,'Exception Occurred: /var/www/sites/gpa-mn.local/gpa/concrete/vendor/doctrine/common/lib/Doctrine/Common/Persistence/Mapping/MappingException.php:96 Class \'Concrete\\Package\\GoogleCalendar\\Entity\\GoogleCalendar\' does not exist (0)\n',1,600),(108,'exceptions',1519441851,'Exception Occurred: /var/www/sites/gpa-mn.local/gpa/concrete/vendor/doctrine/common/lib/Doctrine/Common/Persistence/Mapping/MappingException.php:96 Class \'Concrete\\Package\\GoogleCalendar\\Entity\\GoogleCalendar\' does not exist (0)\n',1,600),(109,'exceptions',1519441852,'Exception Occurred: /var/www/sites/gpa-mn.local/gpa/concrete/vendor/doctrine/common/lib/Doctrine/Common/Persistence/Mapping/MappingException.php:96 Class \'Concrete\\Package\\GoogleCalendar\\Entity\\GoogleCalendar\' does not exist (0)\n',1,600),(110,'exceptions',1519441852,'Exception Occurred: /var/www/sites/gpa-mn.local/gpa/concrete/vendor/doctrine/common/lib/Doctrine/Common/Persistence/Mapping/MappingException.php:96 Class \'Concrete\\Package\\GoogleCalendar\\Entity\\GoogleCalendar\' does not exist (0)\n',1,600),(111,'exceptions',1519441852,'Exception Occurred: /var/www/sites/gpa-mn.local/gpa/concrete/vendor/doctrine/common/lib/Doctrine/Common/Persistence/Mapping/MappingException.php:96 Class \'Concrete\\Package\\GoogleCalendar\\Entity\\GoogleCalendar\' does not exist (0)\n',1,600),(112,'exceptions',1519441852,'Exception Occurred: /var/www/sites/gpa-mn.local/gpa/concrete/vendor/doctrine/common/lib/Doctrine/Common/Persistence/Mapping/MappingException.php:96 Class \'Concrete\\Package\\GoogleCalendar\\Entity\\GoogleCalendar\' does not exist (0)\n',1,600),(113,'exceptions',1519441852,'Exception Occurred: /var/www/sites/gpa-mn.local/gpa/concrete/vendor/doctrine/common/lib/Doctrine/Common/Persistence/Mapping/MappingException.php:96 Class \'Concrete\\Package\\GoogleCalendar\\Entity\\GoogleCalendar\' does not exist (0)\n',1,600),(114,'exceptions',1519441852,'Exception Occurred: /var/www/sites/gpa-mn.local/gpa/concrete/vendor/doctrine/common/lib/Doctrine/Common/Persistence/Mapping/MappingException.php:96 Class \'Concrete\\Package\\GoogleCalendar\\Entity\\GoogleCalendar\' does not exist (0)\n',1,600),(115,'exceptions',1519441853,'Exception Occurred: /var/www/sites/gpa-mn.local/gpa/concrete/vendor/doctrine/common/lib/Doctrine/Common/Persistence/Mapping/MappingException.php:96 Class \'Concrete\\Package\\GoogleCalendar\\Entity\\GoogleCalendar\' does not exist (0)\n',1,600),(116,'exceptions',1519441853,'Exception Occurred: /var/www/sites/gpa-mn.local/gpa/concrete/vendor/doctrine/common/lib/Doctrine/Common/Persistence/Mapping/MappingException.php:96 Class \'Concrete\\Package\\GoogleCalendar\\Entity\\GoogleCalendar\' does not exist (0)\n',1,600),(117,'exceptions',1519441853,'Exception Occurred: /var/www/sites/gpa-mn.local/gpa/concrete/vendor/doctrine/common/lib/Doctrine/Common/Persistence/Mapping/MappingException.php:96 Class \'Concrete\\Package\\GoogleCalendar\\Entity\\GoogleCalendar\' does not exist (0)\n',1,600),(118,'application',1519441906,'Page \"Google Calendar Settings\" at path \"/dashboard/calendar/google_calendar\" deleted',1,100),(119,'exceptions',1519441923,'Exception Occurred: /var/www/sites/gpa-mn.local/gpa/concrete/vendor/doctrine/common/lib/Doctrine/Common/Persistence/Mapping/MappingException.php:96 Class \'Concrete\\Package\\GoogleCalendar\\Entity\\GoogleCalendar\' does not exist (0)\n',1,600),(120,'exceptions',1519441938,'Exception Occurred: /var/www/sites/gpa-mn.local/gpa/packages/google_calendar/src/Concrete/GoogleCalendarService.php:11 Call to undefined method Concrete\\Package\\GoogleCalendar\\GoogleCalendarService::getGoolgeCalendarRepository() (0)\n',1,600),(121,'exceptions',1519441939,'Exception Occurred: /var/www/sites/gpa-mn.local/gpa/packages/google_calendar/src/Concrete/GoogleCalendarService.php:11 Call to undefined method Concrete\\Package\\GoogleCalendar\\GoogleCalendarService::getGoolgeCalendarRepository() (0)\n',1,600),(122,'exceptions',1519441940,'Exception Occurred: /var/www/sites/gpa-mn.local/gpa/packages/google_calendar/src/Concrete/GoogleCalendarService.php:11 Call to undefined method Concrete\\Package\\GoogleCalendar\\GoogleCalendarService::getGoolgeCalendarRepository() (0)\n',1,600),(123,'exceptions',1519441940,'Exception Occurred: /var/www/sites/gpa-mn.local/gpa/packages/google_calendar/src/Concrete/GoogleCalendarService.php:11 Call to undefined method Concrete\\Package\\GoogleCalendar\\GoogleCalendarService::getGoolgeCalendarRepository() (0)\n',1,600),(124,'exceptions',1519441940,'Exception Occurred: /var/www/sites/gpa-mn.local/gpa/packages/google_calendar/src/Concrete/GoogleCalendarService.php:11 Call to undefined method Concrete\\Package\\GoogleCalendar\\GoogleCalendarService::getGoolgeCalendarRepository() (0)\n',1,600),(125,'exceptions',1519441963,'Exception Occurred: /var/www/sites/gpa-mn.local/gpa/concrete/vendor/doctrine/common/lib/Doctrine/Common/Persistence/Mapping/MappingException.php:96 Class \'Concrete\\Package\\GoogleCalendar\\Entity\\GoogleCalendar\' does not exist (0)\n',1,600),(126,'exceptions',1519442102,'Exception Occurred: /var/www/sites/gpa-mn.local/gpa/concrete/vendor/doctrine/common/lib/Doctrine/Common/Persistence/Mapping/MappingException.php:96 Class \'Concrete\\Package\\GoogleCalendar\\Entity\\GoogleCalendar\' does not exist (0)\n',1,600),(127,'exceptions',1519442103,'Exception Occurred: /var/www/sites/gpa-mn.local/gpa/concrete/vendor/doctrine/common/lib/Doctrine/Common/Persistence/Mapping/MappingException.php:96 Class \'Concrete\\Package\\GoogleCalendar\\Entity\\GoogleCalendar\' does not exist (0)\n',1,600),(128,'application',1519442113,'Page \"Google Calendar Settings\" at path \"/dashboard/calendar/google_calendar\" deleted',1,100),(129,'exceptions',1519442126,'Exception Occurred: /var/www/sites/gpa-mn.local/gpa/concrete/vendor/doctrine/common/lib/Doctrine/Common/Persistence/Mapping/MappingException.php:96 Class \'Concrete\\Package\\GoogleCalendar\\Entity\\GoogleCalendar\' does not exist (0)\n',1,600),(130,'exceptions',1519442293,'Exception Occurred: /var/www/sites/gpa-mn.local/gpa/packages/google_calendar/controller.php:48 Cannot redeclare Concrete\\Package\\GoogleCalendar\\Controller::getEntityManagerProvider() (64)\n',1,600),(131,'exceptions',1519442306,'Exception Occurred: /var/www/sites/gpa-mn.local/gpa/concrete/vendor/doctrine/common/lib/Doctrine/Common/Persistence/Mapping/MappingException.php:96 Class \'Concrete\\Package\\GoogleCalendar\\Entity\\GoogleCalendar\' does not exist (0)\n',1,600),(132,'exceptions',1519442313,'Exception Occurred: /var/www/sites/gpa-mn.local/gpa/concrete/vendor/doctrine/common/lib/Doctrine/Common/Persistence/Mapping/MappingException.php:96 Class \'Concrete\\Package\\GoogleCalendar\\Entity\\GoogleCalendar\' does not exist (0)\n',1,600),(133,'application',1519442327,'Page \"Google Calendar Settings\" at path \"/dashboard/calendar/google_calendar\" deleted',1,100),(134,'exceptions',1519442340,'Exception Occurred: /var/www/sites/gpa-mn.local/gpa/concrete/vendor/doctrine/common/lib/Doctrine/Common/Persistence/Mapping/MappingException.php:96 Class \'Concrete\\Package\\GoogleCalendar\\Entity\\GoogleCalendar\' does not exist (0)\n',1,600),(135,'exceptions',1519442386,'Exception Occurred: /var/www/sites/gpa-mn.local/gpa/concrete/vendor/doctrine/common/lib/Doctrine/Common/Persistence/Mapping/MappingException.php:96 Class \'Concrete\\Package\\GoogleCalendar\\Entity\\GoogleCalendar\' does not exist (0)\n',1,600),(136,'exceptions',1519442387,'Exception Occurred: /var/www/sites/gpa-mn.local/gpa/concrete/vendor/doctrine/common/lib/Doctrine/Common/Persistence/Mapping/MappingException.php:96 Class \'Concrete\\Package\\GoogleCalendar\\Entity\\GoogleCalendar\' does not exist (0)\n',1,600),(137,'exceptions',1519442387,'Exception Occurred: /var/www/sites/gpa-mn.local/gpa/concrete/vendor/doctrine/common/lib/Doctrine/Common/Persistence/Mapping/MappingException.php:96 Class \'Concrete\\Package\\GoogleCalendar\\Entity\\GoogleCalendar\' does not exist (0)\n',1,600),(138,'exceptions',1519442387,'Exception Occurred: /var/www/sites/gpa-mn.local/gpa/concrete/vendor/doctrine/common/lib/Doctrine/Common/Persistence/Mapping/MappingException.php:96 Class \'Concrete\\Package\\GoogleCalendar\\Entity\\GoogleCalendar\' does not exist (0)\n',1,600),(139,'exceptions',1519442388,'Exception Occurred: /var/www/sites/gpa-mn.local/gpa/concrete/vendor/doctrine/common/lib/Doctrine/Common/Persistence/Mapping/MappingException.php:96 Class \'Concrete\\Package\\GoogleCalendar\\Entity\\GoogleCalendar\' does not exist (0)\n',1,600),(140,'exceptions',1519442670,'Exception Occurred: /var/www/sites/gpa-mn.local/gpa/concrete/vendor/doctrine/common/lib/Doctrine/Common/Persistence/Mapping/MappingException.php:96 Class \'Concrete\\Package\\GoogleCalendar\\Entity\\GoogleCalendar\' does not exist (0)\n',1,600),(141,'exceptions',1519442671,'Exception Occurred: /var/www/sites/gpa-mn.local/gpa/concrete/vendor/doctrine/common/lib/Doctrine/Common/Persistence/Mapping/MappingException.php:96 Class \'Concrete\\Package\\GoogleCalendar\\Entity\\GoogleCalendar\' does not exist (0)\n',1,600),(142,'exceptions',1519442671,'Exception Occurred: /var/www/sites/gpa-mn.local/gpa/concrete/vendor/doctrine/common/lib/Doctrine/Common/Persistence/Mapping/MappingException.php:96 Class \'Concrete\\Package\\GoogleCalendar\\Entity\\GoogleCalendar\' does not exist (0)\n',1,600),(143,'exceptions',1519442671,'Exception Occurred: /var/www/sites/gpa-mn.local/gpa/concrete/vendor/doctrine/common/lib/Doctrine/Common/Persistence/Mapping/MappingException.php:96 Class \'Concrete\\Package\\GoogleCalendar\\Entity\\GoogleCalendar\' does not exist (0)\n',1,600),(144,'exceptions',1519442671,'Exception Occurred: /var/www/sites/gpa-mn.local/gpa/concrete/vendor/doctrine/common/lib/Doctrine/Common/Persistence/Mapping/MappingException.php:96 Class \'Concrete\\Package\\GoogleCalendar\\Entity\\GoogleCalendar\' does not exist (0)\n',1,600),(145,'exceptions',1519442671,'Exception Occurred: /var/www/sites/gpa-mn.local/gpa/concrete/vendor/doctrine/common/lib/Doctrine/Common/Persistence/Mapping/MappingException.php:96 Class \'Concrete\\Package\\GoogleCalendar\\Entity\\GoogleCalendar\' does not exist (0)\n',1,600),(146,'exceptions',1519442671,'Exception Occurred: /var/www/sites/gpa-mn.local/gpa/concrete/vendor/doctrine/common/lib/Doctrine/Common/Persistence/Mapping/MappingException.php:96 Class \'Concrete\\Package\\GoogleCalendar\\Entity\\GoogleCalendar\' does not exist (0)\n',1,600),(147,'exceptions',1519442672,'Exception Occurred: /var/www/sites/gpa-mn.local/gpa/concrete/vendor/doctrine/common/lib/Doctrine/Common/Persistence/Mapping/MappingException.php:96 Class \'Concrete\\Package\\GoogleCalendar\\Entity\\GoogleCalendar\' does not exist (0)\n',1,600),(148,'exceptions',1519442672,'Exception Occurred: /var/www/sites/gpa-mn.local/gpa/concrete/vendor/doctrine/common/lib/Doctrine/Common/Persistence/Mapping/MappingException.php:96 Class \'Concrete\\Package\\GoogleCalendar\\Entity\\GoogleCalendar\' does not exist (0)\n',1,600),(149,'exceptions',1519442672,'Exception Occurred: /var/www/sites/gpa-mn.local/gpa/concrete/vendor/doctrine/common/lib/Doctrine/Common/Persistence/Mapping/MappingException.php:96 Class \'Concrete\\Package\\GoogleCalendar\\Entity\\GoogleCalendar\' does not exist (0)\n',1,600),(150,'exceptions',1519442672,'Exception Occurred: /var/www/sites/gpa-mn.local/gpa/concrete/vendor/doctrine/common/lib/Doctrine/Common/Persistence/Mapping/MappingException.php:96 Class \'Concrete\\Package\\GoogleCalendar\\Entity\\GoogleCalendar\' does not exist (0)\n',1,600),(151,'exceptions',1519442691,'Exception Occurred: /var/www/sites/gpa-mn.local/gpa/concrete/vendor/doctrine/common/lib/Doctrine/Common/Persistence/Mapping/MappingException.php:96 Class \'Concrete\\Package\\GoogleCalendar\\Entity\\GoogleCalendar\' does not exist (0)\n',1,600),(152,'exceptions',1519442692,'Exception Occurred: /var/www/sites/gpa-mn.local/gpa/concrete/vendor/doctrine/common/lib/Doctrine/Common/Persistence/Mapping/MappingException.php:96 Class \'Concrete\\Package\\GoogleCalendar\\Entity\\GoogleCalendar\' does not exist (0)\n',1,600),(153,'exceptions',1519442931,'Exception Occurred: /var/www/sites/gpa-mn.local/gpa/concrete/vendor/doctrine/orm/lib/Doctrine/ORM/UnitOfWork.php:1239 spl_object_hash() expects parameter 1 to be object, string given (2)\n',1,600),(154,'exceptions',1519442976,'Exception Occurred: /var/www/sites/gpa-mn.local/gpa/concrete/vendor/doctrine/orm/lib/Doctrine/ORM/UnitOfWork.php:1239 spl_object_hash() expects parameter 1 to be object, string given (2)\n',1,600),(155,'exceptions',1519444080,'Exception Occurred: /var/www/sites/gpa-mn.local/gpa/concrete/vendor/doctrine/orm/lib/Doctrine/ORM/UnitOfWork.php:1239 spl_object_hash() expects parameter 1 to be object, string given (2)\n',1,600),(156,'exceptions',1519444086,'Exception Occurred: /var/www/sites/gpa-mn.local/gpa/concrete/vendor/doctrine/orm/lib/Doctrine/ORM/UnitOfWork.php:1239 spl_object_hash() expects parameter 1 to be object, string given (2)\n',1,600),(157,'exceptions',1519444087,'Exception Occurred: /var/www/sites/gpa-mn.local/gpa/concrete/vendor/doctrine/orm/lib/Doctrine/ORM/UnitOfWork.php:1239 spl_object_hash() expects parameter 1 to be object, string given (2)\n',1,600),(158,'exceptions',1519444087,'Exception Occurred: /var/www/sites/gpa-mn.local/gpa/concrete/vendor/doctrine/orm/lib/Doctrine/ORM/UnitOfWork.php:1239 spl_object_hash() expects parameter 1 to be object, string given (2)\n',1,600),(159,'exceptions',1519444088,'Exception Occurred: /var/www/sites/gpa-mn.local/gpa/concrete/vendor/doctrine/orm/lib/Doctrine/ORM/UnitOfWork.php:1239 spl_object_hash() expects parameter 1 to be object, string given (2)\n',1,600),(160,'exceptions',1519444187,'Exception Occurred: /var/www/sites/gpa-mn.local/gpa/packages/google_calendar/controllers/single_page/dashboard/calendar/google_calendar.php:69 Call to undefined method Concrete\\Package\\GoogleCalendar\\GoogleCalendarService::updateCalendr() (0)\n',1,600),(161,'exceptions',1519444254,'Exception Occurred: /var/www/sites/gpa-mn.local/gpa/packages/google_calendar/controllers/single_page/dashboard/calendar/google_calendar.php:69 Call to undefined method Concrete\\Package\\GoogleCalendar\\GoogleCalendarService::updateCalendr() (0)\n',1,600),(162,'exceptions',1519444356,'Exception Occurred: /var/www/sites/gpa-mn.local/gpa/packages/google_calendar/controllers/single_page/dashboard/calendar/google_calendar.php:69 Call to undefined method Concrete\\Package\\GoogleCalendar\\GoogleCalendarService::updateCalender() (0)\n',1,600),(163,'exceptions',1519444363,'Exception Occurred: /var/www/sites/gpa-mn.local/gpa/packages/google_calendar/controllers/single_page/dashboard/calendar/google_calendar.php:69 Call to undefined method Concrete\\Package\\GoogleCalendar\\GoogleCalendarService::updateCalender() (0)\n',1,600),(164,'exceptions',1519444574,'Exception Occurred: /var/www/sites/gpa-mn.local/gpa/packages/google_calendar/src/Concrete/GoogleCalendarService.php:27 Class \'Concrete\\Package\\GoogleCalendar\\Entity\\GoogleCalendar\' not found (0)\n',1,600),(165,'exceptions',1519444597,'Exception Occurred: /var/www/sites/gpa-mn.local/gpa/packages/google_calendar/src/Concrete/GoogleCalendarService.php:27 Class \'Concrete\\Package\\GoogleCalendar\\Src\\Entity\\GoogleCalendar\' not found (0)\n',1,600),(166,'exceptions',1519444602,'Exception Occurred: /var/www/sites/gpa-mn.local/gpa/packages/google_calendar/src/Concrete/GoogleCalendarService.php:27 Class \'Concrete\\Package\\GoogleCalendar\\Entity\\GoogleCalendar\' not found (0)\n',1,600),(167,'exceptions',1519444604,'Exception Occurred: /var/www/sites/gpa-mn.local/gpa/packages/google_calendar/src/Concrete/GoogleCalendarService.php:27 Class \'Concrete\\Package\\GoogleCalendar\\Entity\\GoogleCalendar\' not found (0)\n',1,600),(168,'exceptions',1519444671,'Exception Occurred: /var/www/sites/gpa-mn.local/gpa/packages/google_calendar/src/Concrete/GoogleCalendarService.php:29 Function name must be a string (0)\n',1,600),(169,'exceptions',1519444739,'Exception Occurred: /var/www/sites/gpa-mn.local/gpa/packages/google_calendar/src/Concrete/GoogleCalendarService.php:34 Call to undefined method Concrete\\Package\\GoogleCalendar\\Entity\\GoogleCalendar::save() (0)\n',1,600),(170,'exceptions',1519445176,'Exception Occurred: /var/www/sites/gpa-mn.local/gpa/concrete/vendor/doctrine/dbal/lib/Doctrine/DBAL/Driver/AbstractMySQLDriver.php:71 An exception occurred while executing \'INSERT INTO Calendars (name, bgColor, textColor, apiKey, googleID) VALUES (?, ?, ?, ?, ?)\' with params [\"test\", \"#FFFFFF\", \"#000000\", \"tes\", \"test\"]:\n\nSQLSTATE[42S22]: Column not found: 1054 Unknown column \'name\' in \'field list\' (0)\n',1,600),(171,'exceptions',1519445266,'Exception Occurred: /var/www/sites/gpa-mn.local/gpa/concrete/vendor/doctrine/dbal/lib/Doctrine/DBAL/Driver/AbstractMySQLDriver.php:71 An exception occurred while executing \'INSERT INTO Calendars (name, bgColor, textColor, apiKey, googleID) VALUES (?, ?, ?, ?, ?)\' with params [\"test\", \"#FFFFFF\", \"#000000\", \"tes\", \"test\"]:\n\nSQLSTATE[42S22]: Column not found: 1054 Unknown column \'name\' in \'field list\' (0)\n',1,600),(172,'exceptions',1519445381,'Exception Occurred: /var/www/sites/gpa-mn.local/gpa/concrete/vendor/doctrine/dbal/lib/Doctrine/DBAL/Driver/AbstractMySQLDriver.php:66 An exception occurred while executing \'INSERT INTO GoogleCalendars (name, bgColor, textColor, apiKey, googleID) VALUES (?, ?, ?, ?, ?)\' with params [\"test\", \"#FFFFFF\", \"#000000\", \"api\", \"calid\"]:\n\nSQLSTATE[23000]: Integrity constraint violation: 1062 Duplicate entry \'test\' for key \'UNIQ_A40E197A5E237E06\' (0)\n',1,600),(173,'exceptions',1519482577,'Exception Occurred: /var/www/sites/gpa-mn.local/gpa/packages/google_calendar/src/Concrete/GoogleCalendarService.php:157 Call to undefined method Concrete\\Package\\GoogleCalendar\\GoogleCalendarService::getEntityManager() (0)\n',1,600),(174,'exceptions',1519482622,'Exception Occurred: /var/www/sites/gpa-mn.local/gpa/concrete/vendor/doctrine/orm/lib/Doctrine/ORM/EntityRepository.php:152 Too few arguments to function Doctrine\\ORM\\EntityRepository::find(), 0 passed in /var/www/sites/gpa-mn.local/gpa/packages/google_calendar/src/Concrete/GoogleCalendarService.php on line 13 and at least 1 expected (0)\n',1,600),(175,'exceptions',1519482728,'Exception Occurred: /var/www/sites/gpa-mn.local/gpa/packages/google_calendar/controllers/single_page/dashboard/calendar/google_calendar.php:34 Call to a member function getID() on boolean (0)\n',1,600),(176,'exceptions',1519482858,'Exception Occurred: /var/www/sites/gpa-mn.local/gpa/concrete/vendor/doctrine/dbal/lib/Doctrine/DBAL/Driver/AbstractMySQLDriver.php:66 An exception occurred while executing \'INSERT INTO GoogleCalendars (name, bgColor, textColor, apiKey, googleID) VALUES (?, ?, ?, ?, ?)\' with params [\"test\", \"#FFFFFF\", \"#000000\", \"api\", \"calid\"]:\n\nSQLSTATE[23000]: Integrity constraint violation: 1062 Duplicate entry \'test\' for key \'UNIQ_A40E197A5E237E06\' (0)\n',1,600),(177,'exceptions',1519482886,'Exception Occurred: /var/www/sites/gpa-mn.local/gpa/concrete/vendor/doctrine/dbal/lib/Doctrine/DBAL/Driver/AbstractMySQLDriver.php:66 An exception occurred while executing \'INSERT INTO GoogleCalendars (name, bgColor, textColor, apiKey, googleID) VALUES (?, ?, ?, ?, ?)\' with params [\"test\", \"#FFFFFF\", \"#000000\", \"api\", \"calid\"]:\n\nSQLSTATE[23000]: Integrity constraint violation: 1062 Duplicate entry \'test\' for key \'UNIQ_A40E197A5E237E06\' (0)\n',1,600),(178,'exceptions',1519483294,'Exception Occurred: /var/www/sites/gpa-mn.local/gpa/concrete/vendor/doctrine/dbal/lib/Doctrine/DBAL/Driver/AbstractMySQLDriver.php:66 An exception occurred while executing \'INSERT INTO GoogleCalendars (name, bgColor, textColor, apiKey, googleID) VALUES (?, ?, ?, ?, ?)\' with params [\"test\", \"#FFFFFF\", \"#000000\", \"api\", \"calid\"]:\n\nSQLSTATE[23000]: Integrity constraint violation: 1062 Duplicate entry \'test\' for key \'UNIQ_A40E197A5E237E06\' (0)\n',1,600),(179,'exceptions',1519483315,'Exception Occurred: /var/www/sites/gpa-mn.local/gpa/concrete/vendor/doctrine/dbal/lib/Doctrine/DBAL/Driver/AbstractMySQLDriver.php:66 An exception occurred while executing \'INSERT INTO GoogleCalendars (name, bgColor, textColor, apiKey, googleID) VALUES (?, ?, ?, ?, ?)\' with params [\"test\", \"#FFFFFF\", \"#000000\", \"api\", \"calid\"]:\n\nSQLSTATE[23000]: Integrity constraint violation: 1062 Duplicate entry \'test\' for key \'UNIQ_A40E197A5E237E06\' (0)\n',1,600),(180,'exceptions',1519483453,'Exception Occurred: /var/www/sites/gpa-mn.local/gpa/packages/google_calendar/src/Concrete/GoogleCalendarService.php:23 Cannot use object of type Concrete\\Core\\Http\\Request as array (0)\n',1,600),(181,'exceptions',1519483569,'Exception Occurred: /var/www/sites/gpa-mn.local/gpa/concrete/vendor/doctrine/dbal/lib/Doctrine/DBAL/Driver/AbstractMySQLDriver.php:66 An exception occurred while executing \'INSERT INTO GoogleCalendars (name, bgColor, textColor, apiKey, googleID) VALUES (?, ?, ?, ?, ?)\' with params [\"test\", \"#FFFFFF\", \"#000000\", \"api\", \"calid\"]:\n\nSQLSTATE[23000]: Integrity constraint violation: 1062 Duplicate entry \'test\' for key \'UNIQ_A40E197A5E237E06\' (0)\n',1,600),(182,'exceptions',1519483580,'Exception Occurred: /var/www/sites/gpa-mn.local/gpa/concrete/vendor/doctrine/dbal/lib/Doctrine/DBAL/Driver/AbstractMySQLDriver.php:66 An exception occurred while executing \'INSERT INTO GoogleCalendars (name, bgColor, textColor, apiKey, googleID) VALUES (?, ?, ?, ?, ?)\' with params [\"test\", \"#FFFFFF\", \"#000000\", \"api\", \"calid\"]:\n\nSQLSTATE[23000]: Integrity constraint violation: 1062 Duplicate entry \'test\' for key \'UNIQ_A40E197A5E237E06\' (0)\n',1,600),(183,'exceptions',1519484877,'Exception Occurred: /var/www/sites/gpa-mn.local/gpa/packages/google_calendar/blocks/google_calendar_events/controller.php:46 Class \'Concrete\\Package\\GoogleCalendar\\Block\\GoogleCalendarEvents\\CalendarList\' not found (0)\n',1,600),(184,'exceptions',1519484884,'Exception Occurred: /var/www/sites/gpa-mn.local/gpa/packages/google_calendar/blocks/google_calendar_events/controller.php:46 Class \'Concrete\\Package\\GoogleCalendar\\Block\\GoogleCalendarEvents\\CalendarList\' not found (0)\n',1,600),(185,'exceptions',1519487379,'Exception Occurred: /var/www/sites/gpa-mn.local/gpa/packages/google_calendar/blocks/google_calendar_events/controller.php:46 Class \'Concrete\\Package\\GoogleCalendar\\Block\\GoogleCalendarEvents\\CalendarList\' not found (0)\n',1,600),(186,'exceptions',1519487388,'Exception Occurred: /var/www/sites/gpa-mn.local/gpa/packages/google_calendar/blocks/google_calendar_events/controller.php:46 Class \'Concrete\\Package\\GoogleCalendar\\Block\\GoogleCalendarEvents\\CalendarList\' not found (0)\n',1,600),(187,'exceptions',1519487516,'Exception Occurred: /var/www/sites/gpa-mn.local/gpa/packages/google_calendar/blocks/google_calendar_events/controller.php:47 Call to undefined method Concrete\\Package\\GoogleCalendar\\GoogleCalendarService::getCalendarList() (0)\n',1,600),(188,'exceptions',1519487666,'Exception Occurred: /var/www/sites/gpa-mn.local/gpa/packages/google_calendar/blocks/google_calendar_events/controller.php:74 Class \'Concrete\\Package\\GoogleCalendar\\Block\\GoogleCalendarEvents\\Calendar\' not found (0)\n',1,600),(189,'exceptions',1519487672,'Exception Occurred: /var/www/sites/gpa-mn.local/gpa/packages/google_calendar/blocks/google_calendar_events/controller.php:74 Class \'Concrete\\Package\\GoogleCalendar\\Block\\GoogleCalendarEvents\\Calendar\' not found (0)\n',1,600),(190,'exceptions',1519487735,'Exception Occurred: /var/www/sites/gpa-mn.local/gpa/packages/google_calendar/blocks/google_calendar_events/controller.php:74 Call to undefined function Concrete\\Package\\GoogleCalendar\\Block\\GoogleCalendarEvents\\make() (0)\n',1,600),(191,'exceptions',1519487813,'Exception Occurred: /var/www/sites/gpa-mn.local/gpa/packages/google_calendar/src/Concrete/GoogleCalendarService.php:86 file_get_contents(https://...@gtempaccount.com/events?key=AIzaSyBh5g9eZMXn0m1GdlH6-S5xlInzSemvj2I&amp;maxResults=5&amp;singleEvents=true&amp;orderBy=startTime&amp;timeMin=2018-02-24T15%3A56%3A53%2B00%3A00): failed to open stream: HTTP request failed! HTTP/1.0 400 Bad Request\r\n (2)\n',1,600),(192,'exceptions',1520102116,'Exception Occurred: /var/www/sites/gpa-mn.local/gpa/concrete/vendor/illuminate/container/Container.php:734 Class installer does not exist (-1)\n',1,600),(193,'exceptions',1520102219,'Exception Occurred: /var/www/sites/gpa-mn.local/gpa/concrete/vendor/illuminate/container/Container.php:734 Class installer does not exist (-1)\n',1,600),(194,'exceptions',1520102246,'Exception Occurred: /var/www/sites/gpa-mn.local/gpa/concrete/vendor/illuminate/container/Container.php:734 Class installer does not exist (-1)\n',1,600),(195,'exceptions',1520102292,'Exception Occurred: /var/www/sites/gpa-mn.local/gpa/concrete/vendor/illuminate/container/Container.php:734 Class Application/Installer/Installer does not exist (-1)\n',1,600),(196,'exceptions',1520104250,'Exception Occurred: /var/www/sites/gpa-mn.local/gpa/application/themes/gpa/elements/header.php:33 Call to undefined method Concrete\\Core\\Page\\View\\PageView::getAttribute() (0)\n',1,600),(197,'application',1520104902,'Clearing cache with CacheClearer::flush().',1,250),(198,'exceptions',1520104912,'Exception Occurred: /var/www/sites/gpa-mn.local/gpa/application/controllers/page_types/Page.php:5 Class \'Application\\Theme\\BaseControllers\\BasePageTypeController\' not found (1)\n',1,600),(199,'exceptions',1520104928,'Exception Occurred: /var/www/sites/gpa-mn.local/gpa/application/controllers/page_types/Page.php:5 Class \'Application\\Theme\\BaseControllers\\BasePageTypeController\' not found (1)\n',1,600),(200,'exceptions',1520105037,'Exception Occurred: /var/www/sites/gpa-mn.local/gpa/application/src/BaseControllers/BasePageTypeController.php:15 Object of class Concrete\\Core\\View\\View could not be converted to string (4096)\n',1,600),(201,'exceptions',1520105349,'Exception Occurred: /var/www/sites/gpa-mn.local/gpa/application/src/BaseControllers/BasePageTypeController.php:15 Call to undefined method Application\\Controller\\PageType\\Page::getPageController() (0)\n',1,600),(202,'exceptions',1520105349,'Exception Occurred: /var/www/sites/gpa-mn.local/gpa/application/src/BaseControllers/BasePageTypeController.php:15 Call to undefined method Application\\Controller\\PageType\\Page::getPageController() (0)\n',1,600),(203,'exceptions',1520105350,'Exception Occurred: /var/www/sites/gpa-mn.local/gpa/application/src/BaseControllers/BasePageTypeController.php:15 Call to undefined method Application\\Controller\\PageType\\Page::getPageController() (0)\n',1,600),(204,'exceptions',1520107452,'Exception Occurred: /var/www/sites/gpa-mn.local/gpa/application/themes/gpa/default.php:8 Object of class DoctrineProxies\\__CG__\\Concrete\\Core\\Entity\\File\\File could not be converted to string (4096)\n',1,600),(205,'exceptions',1520107493,'Exception Occurred: /var/www/sites/gpa-mn.local/gpa/application/themes/gpa/default.php:8 Object of class DoctrineProxies\\__CG__\\Concrete\\Core\\Entity\\File\\File could not be converted to string (4096)\n',1,600),(206,'exceptions',1520107495,'Exception Occurred: /var/www/sites/gpa-mn.local/gpa/application/themes/gpa/default.php:8 Object of class DoctrineProxies\\__CG__\\Concrete\\Core\\Entity\\File\\File could not be converted to string (4096)\n',1,600),(207,'exceptions',1520107499,'Exception Occurred: /var/www/sites/gpa-mn.local/gpa/application/themes/gpa/default.php:8 Object of class DoctrineProxies\\__CG__\\Concrete\\Core\\Entity\\File\\File could not be converted to string (4096)\n',1,600),(208,'application',1520107517,'Clearing cache with CacheClearer::flush().',1,250),(209,'exceptions',1520107586,'Exception Occurred: /var/www/sites/gpa-mn.local/gpa/application/src/BaseControllers/BasePageTypeController.php:15 Call to a member function getURL() on null (0)\n',0,600),(210,'exceptions',1520107592,'Exception Occurred: /var/www/sites/gpa-mn.local/gpa/application/src/BaseControllers/BasePageTypeController.php:15 Call to a member function getURL() on null (0)\n',0,600),(211,'exceptions',1520107637,'Exception Occurred: /var/www/sites/gpa-mn.local/gpa/application/src/BaseControllers/BasePageTypeController.php:15 syntax error, unexpected \'if\' (T_IF), expecting \';\' (0)\n',0,600),(212,'exceptions',1520111858,'Exception Occurred: /var/www/sites/gpa-mn.local/gpa/concrete/controllers/backend/user_interface.php:38 Access Denied (0)\n',0,600),(213,'application',1520177141,'Session Invalidated. Session user agent \"Mozilla/5.0 (Macintosh; Intel Mac OS X 10_12_6) AppleWebKit/537.36 (KHTML, like Gecko) Chrome/64.0.3282.186 Safari/537.36\" did not match provided agent \"Mozilla/5.0 (Linux; Android 6.0; Nexus 5 Build/MRA58N) AppleWebKit/537.36 (KHTML, like Gecko) Chrome/64.0.3282.186 Mobile Safari/537.36\"',1,100),(214,'application',1520177219,'Session Invalidated. Session user agent \"Mozilla/5.0 (Macintosh; Intel Mac OS X 10_12_6) AppleWebKit/537.36 (KHTML, like Gecko) Chrome/64.0.3282.186 Safari/537.36\" did not match provided agent \"Mozilla/5.0 (Linux; Android 6.0; Nexus 5 Build/MRA58N) AppleWebKit/537.36 (KHTML, like Gecko) Chrome/64.0.3282.186 Mobile Safari/537.36\"',1,100),(215,'exceptions',1521913654,'Exception Occurred: /var/www/sites/gpa-mn.local/gpa/concrete/vendor/illuminate/container/Container.php:734 Class  does not exist (-1)\n',1,600),(216,'exceptions',1521914526,'Exception Occurred: /var/www/sites/gpa-mn.local/gpa/concrete/vendor/illuminate/container/Container.php:734 Class  does not exist (-1)\n',1,600),(217,'exceptions',1521914611,'Exception Occurred: /var/www/sites/gpa-mn.local/gpa/concrete/vendor/illuminate/container/Container.php:734 Class installer does not exist (-1)\n',1,600),(218,'exceptions',1521914800,'Exception Occurred: /var/www/sites/gpa-mn.local/gpa/concrete/vendor/illuminate/container/Container.php:734 Class installer does not exist (-1)\n',1,600),(219,'exceptions',1521914851,'Exception Occurred: /var/www/sites/gpa-mn.local/gpa/concrete/vendor/illuminate/container/Container.php:734 Class installer does not exist (-1)\n',1,600),(220,'exceptions',1521914852,'Exception Occurred: /var/www/sites/gpa-mn.local/gpa/concrete/vendor/illuminate/container/Container.php:734 Class installer does not exist (-1)\n',1,600),(221,'exceptions',1521914854,'Exception Occurred: /var/www/sites/gpa-mn.local/gpa/concrete/vendor/illuminate/container/Container.php:734 Class installer does not exist (-1)\n',1,600),(222,'exceptions',1521914855,'Exception Occurred: /var/www/sites/gpa-mn.local/gpa/concrete/vendor/illuminate/container/Container.php:734 Class installer does not exist (-1)\n',1,600),(223,'exceptions',1521915283,'Exception Occurred: /var/www/sites/gpa-mn.local/gpa/application/tools/update_app.php:64 Call to undefined method Application\\Installer\\Installer::installSinglePage() (0)\n',1,600),(224,'exceptions',1521915396,'Exception Occurred: /var/www/sites/gpa-mn.local/gpa/application/src/Installer/Installer.php:116 Call to a member function scaffoldSinglePage() on null (0)\n',1,600),(225,'exceptions',1521915650,'Exception Occurred: /var/www/sites/gpa-mn.local/gpa/concrete/src/Support/Manager.php:26 Driver [bootstrap4] not supported. (0)\n',1,600),(226,'exceptions',1521915656,'Exception Occurred: /var/www/sites/gpa-mn.local/gpa/concrete/src/Support/Manager.php:26 Driver [bootstrap4] not supported. (0)\n',1,600),(227,'exceptions',1521915660,'Exception Occurred: /var/www/sites/gpa-mn.local/gpa/concrete/src/Support/Manager.php:26 Driver [bootstrap4] not supported. (0)\n',1,600),(228,'application',1521915699,'Page \"Available Hounds\" at path \"/adopt/available-hounds\" Moved to trash',1,100),(229,'application',1521915709,'Page \"Available Dogs\" at path \"/adopt/available-dogs\" Moved to trash',1,100),(230,'application',1521915787,'Page \"Resources\" at path \"/!trash/resources\" deleted',1,100),(231,'application',1521915787,'Page \"Available Hounds\" at path \"/!trash/available-hounds\" deleted',1,100),(232,'application',1521915787,'Page \"Available Dogs\" at path \"/!trash/available-dogs\" deleted',1,100),(233,'exceptions',1521916477,'Exception Occurred: /var/www/sites/gpa-mn.local/gpa/concrete/src/Support/Manager.php:26 Driver [bootstrap4] not supported. (0)\n',1,600),(234,'exceptions',1521916479,'Exception Occurred: /var/www/sites/gpa-mn.local/gpa/concrete/src/Support/Manager.php:26 Driver [bootstrap4] not supported. (0)\n',1,600),(235,'exceptions',1521916485,'Exception Occurred: /var/www/sites/gpa-mn.local/gpa/concrete/src/Support/Manager.php:26 Driver [bootstrap4] not supported. (0)\n',1,600),(236,'exceptions',1521916487,'Exception Occurred: /var/www/sites/gpa-mn.local/gpa/concrete/src/Support/Manager.php:26 Driver [bootstrap4] not supported. (0)\n',1,600),(237,'exceptions',1521916488,'Exception Occurred: /var/www/sites/gpa-mn.local/gpa/concrete/src/Support/Manager.php:26 Driver [bootstrap4] not supported. (0)\n',1,600),(238,'exceptions',1521916620,'Exception Occurred: /var/www/sites/gpa-mn.local/gpa/concrete/src/Support/Manager.php:26 Driver [bootstrap4] not supported. (0)\n',1,600),(239,'exceptions',1521916622,'Exception Occurred: /var/www/sites/gpa-mn.local/gpa/concrete/src/Support/Manager.php:26 Driver [bootstrap4] not supported. (0)\n',1,600),(240,'exceptions',1521916731,'Exception Occurred: /var/www/sites/gpa-mn.local/gpa/concrete/src/Support/Manager.php:26 Driver [bootstrap4] not supported. (0)\n',1,600),(241,'exceptions',1521916905,'Exception Occurred: /var/www/sites/gpa-mn.local/gpa/application/single_pages/adopt/available-hounds.php:8 Invalid argument supplied for foreach() (2)\n',1,600),(242,'exceptions',1521917588,'Exception Occurred: /var/www/sites/gpa-mn.local/gpa/application/single_pages/dashboard/system/basics/keys.php:7 Call to a member function label() on null (0)\n',1,600),(243,'exceptions',1521917660,'Exception Occurred: /var/www/sites/gpa-mn.local/gpa/application/single_pages/dashboard/system/basics/keys.php:7 Call to a member function label() on null (0)\n',1,600),(244,'exceptions',1521917710,'Exception Occurred: /var/www/sites/gpa-mn.local/gpa/application/single_pages/dashboard/system/basics/keys.php:7 Call to a member function label() on null (0)\n',1,600),(245,'exceptions',1521917736,'Exception Occurred: /var/www/sites/gpa-mn.local/gpa/application/single_pages/dashboard/system/basics/keys.php:7 Call to a member function label() on null (0)\n',1,600),(246,'exceptions',1521917778,'Exception Occurred: /var/www/sites/gpa-mn.local/gpa/application/single_pages/dashboard/system/basics/keys.php:7 Call to a member function label() on null (0)\n',1,600),(247,'exceptions',1521917817,'Exception Occurred: /var/www/sites/gpa-mn.local/gpa/application/single_pages/dashboard/system/basics/keys.php:7 Call to a member function label() on null (0)\n',1,600),(248,'exceptions',1521917819,'Exception Occurred: /var/www/sites/gpa-mn.local/gpa/application/single_pages/dashboard/system/basics/keys.php:7 Call to a member function label() on null (0)\n',1,600),(249,'exceptions',1521917820,'Exception Occurred: /var/www/sites/gpa-mn.local/gpa/application/single_pages/dashboard/system/basics/keys.php:7 Call to a member function label() on null (0)\n',1,600),(250,'exceptions',1521917839,'Exception Occurred: /var/www/sites/gpa-mn.local/gpa/application/single_pages/dashboard/system/basics/keys.php:7 Call to a member function label() on null (0)\n',1,600),(251,'exceptions',1521917840,'Exception Occurred: /var/www/sites/gpa-mn.local/gpa/application/single_pages/dashboard/system/basics/keys.php:7 Call to a member function label() on null (0)\n',1,600),(252,'exceptions',1521917847,'Exception Occurred: /var/www/sites/gpa-mn.local/gpa/application/single_pages/dashboard/system/basics/keys.php:7 Call to a member function label() on null (0)\n',1,600),(253,'exceptions',1521917848,'Exception Occurred: /var/www/sites/gpa-mn.local/gpa/application/single_pages/dashboard/system/basics/keys.php:7 Call to a member function label() on null (0)\n',1,600),(254,'exceptions',1521917848,'Exception Occurred: /var/www/sites/gpa-mn.local/gpa/application/single_pages/dashboard/system/basics/keys.php:7 Call to a member function label() on null (0)\n',1,600),(255,'exceptions',1521917850,'Exception Occurred: /var/www/sites/gpa-mn.local/gpa/application/single_pages/dashboard/system/basics/keys.php:7 Call to a member function label() on null (0)\n',1,600),(256,'exceptions',1521917878,'Exception Occurred: /var/www/sites/gpa-mn.local/gpa/application/single_pages/dashboard/system/basics/keys.php:7 Call to a member function label() on null (0)\n',1,600),(257,'exceptions',1521917882,'Exception Occurred: /var/www/sites/gpa-mn.local/gpa/application/single_pages/dashboard/system/basics/keys.php:7 Call to a member function label() on null (0)\n',1,600),(258,'exceptions',1521917893,'Exception Occurred: /var/www/sites/gpa-mn.local/gpa/application/single_pages/dashboard/system/basics/keys.php:7 Call to a member function label() on null (0)\n',1,600),(259,'application',1521917901,'Clearing cache with CacheClearer::flush().',1,250),(260,'exceptions',1521917914,'Exception Occurred: /var/www/sites/gpa-mn.local/gpa/application/single_pages/dashboard/system/basics/keys.php:7 Call to a member function label() on null (0)\n',1,600),(261,'exceptions',1521917918,'Exception Occurred: /var/www/sites/gpa-mn.local/gpa/application/single_pages/dashboard/system/basics/keys.php:7 Call to a member function label() on null (0)\n',1,600),(262,'exceptions',1521917956,'Exception Occurred: /var/www/sites/gpa-mn.local/gpa/application/single_pages/dashboard/system/basics/keys.php:7 Call to a member function label() on null (0)\n',1,600),(263,'exceptions',1521917957,'Exception Occurred: /var/www/sites/gpa-mn.local/gpa/application/single_pages/dashboard/system/basics/keys.php:7 Call to a member function label() on null (0)\n',1,600),(264,'exceptions',1521917965,'Exception Occurred: /var/www/sites/gpa-mn.local/gpa/application/single_pages/dashboard/system/basics/keys.php:7 Call to a member function label() on null (0)\n',1,600),(265,'exceptions',1521918153,'Exception Occurred: /var/www/sites/gpa-mn.local/gpa/application/single_pages/adopt/available-hounds.php:8 Invalid argument supplied for foreach() (2)\n',1,600),(266,'exceptions',1521918155,'Exception Occurred: /var/www/sites/gpa-mn.local/gpa/application/single_pages/adopt/available-hounds.php:8 Invalid argument supplied for foreach() (2)\n',1,600),(267,'application',1521918262,'Clearing cache with CacheClearer::flush().',1,250),(268,'application',1521918264,'Clearing cache thumbnails directory.',1,250),(269,'exceptions',1521918510,'Exception Occurred: /var/www/sites/gpa-mn.local/gpa/application/single_pages/dashboard/system/basics/keys.php:8 Call to a member function label() on null (0)\n',1,600),(270,'exceptions',1521918511,'Exception Occurred: /var/www/sites/gpa-mn.local/gpa/application/single_pages/dashboard/system/basics/keys.php:8 Call to a member function label() on null (0)\n',1,600),(271,'exceptions',1521918512,'Exception Occurred: /var/www/sites/gpa-mn.local/gpa/application/single_pages/dashboard/system/basics/keys.php:8 Call to a member function label() on null (0)\n',1,600),(272,'exceptions',1521918512,'Exception Occurred: /var/www/sites/gpa-mn.local/gpa/application/single_pages/dashboard/system/basics/keys.php:8 Call to a member function label() on null (0)\n',1,600),(273,'exceptions',1521918530,'Exception Occurred: /var/www/sites/gpa-mn.local/gpa/application/single_pages/dashboard/system/basics/keys.php:8 Call to a member function label() on null (0)\n',1,600),(274,'exceptions',1521918531,'Exception Occurred: /var/www/sites/gpa-mn.local/gpa/application/single_pages/dashboard/system/basics/keys.php:8 Call to a member function label() on null (0)\n',1,600),(275,'exceptions',1521918531,'Exception Occurred: /var/www/sites/gpa-mn.local/gpa/application/single_pages/dashboard/system/basics/keys.php:8 Call to a member function label() on null (0)\n',1,600),(276,'exceptions',1521918531,'Exception Occurred: /var/www/sites/gpa-mn.local/gpa/application/single_pages/dashboard/system/basics/keys.php:8 Call to a member function label() on null (0)\n',1,600),(277,'exceptions',1521918564,'Exception Occurred: /var/www/sites/gpa-mn.local/gpa/application/single_pages/dashboard/system/basics/keys.php:8 Call to a member function label() on null (0)\n',1,600),(278,'exceptions',1521918565,'Exception Occurred: /var/www/sites/gpa-mn.local/gpa/application/single_pages/dashboard/system/basics/keys.php:8 Call to a member function label() on null (0)\n',1,600),(279,'exceptions',1521918568,'Exception Occurred: /var/www/sites/gpa-mn.local/gpa/application/single_pages/dashboard/system/basics/keys.php:8 Call to a member function label() on null (0)\n',1,600),(280,'exceptions',1521918569,'Exception Occurred: /var/www/sites/gpa-mn.local/gpa/application/single_pages/dashboard/system/basics/keys.php:8 Call to a member function label() on null (0)\n',1,600),(281,'exceptions',1521918569,'Exception Occurred: /var/www/sites/gpa-mn.local/gpa/application/single_pages/dashboard/system/basics/keys.php:8 Call to a member function label() on null (0)\n',1,600),(282,'exceptions',1521918569,'Exception Occurred: /var/www/sites/gpa-mn.local/gpa/application/single_pages/dashboard/system/basics/keys.php:8 Call to a member function label() on null (0)\n',1,600),(283,'exceptions',1521918738,'Exception Occurred: /var/www/sites/gpa-mn.local/gpa/application/single_pages/adopt/available-hounds.php:8 Invalid argument supplied for foreach() (2)\n',1,600),(284,'exceptions',1521918741,'Exception Occurred: /var/www/sites/gpa-mn.local/gpa/application/single_pages/adopt/available-hounds.php:8 Invalid argument supplied for foreach() (2)\n',1,600),(285,'exceptions',1521918743,'Exception Occurred: /var/www/sites/gpa-mn.local/gpa/application/single_pages/adopt/available-hounds.php:8 Invalid argument supplied for foreach() (2)\n',1,600),(286,'exceptions',1521918743,'Exception Occurred: /var/www/sites/gpa-mn.local/gpa/application/single_pages/adopt/available-hounds.php:8 Invalid argument supplied for foreach() (2)\n',1,600),(287,'exceptions',1521918743,'Exception Occurred: /var/www/sites/gpa-mn.local/gpa/application/single_pages/adopt/available-hounds.php:8 Invalid argument supplied for foreach() (2)\n',1,600),(288,'exceptions',1521918744,'Exception Occurred: /var/www/sites/gpa-mn.local/gpa/application/single_pages/adopt/available-hounds.php:8 Invalid argument supplied for foreach() (2)\n',1,600),(289,'exceptions',1521918744,'Exception Occurred: /var/www/sites/gpa-mn.local/gpa/application/single_pages/adopt/available-hounds.php:8 Invalid argument supplied for foreach() (2)\n',1,600),(290,'exceptions',1521918750,'Exception Occurred: /var/www/sites/gpa-mn.local/gpa/application/single_pages/dashboard/system/basics/keys.php:8 Call to a member function label() on null (0)\n',1,600),(291,'exceptions',1521918768,'Exception Occurred: /var/www/sites/gpa-mn.local/gpa/application/single_pages/dashboard/system/basics/keys.php:8 Call to a member function label() on null (0)\n',1,600),(292,'exceptions',1521918850,'Exception Occurred: /var/www/sites/gpa-mn.local/gpa/application/single_pages/dashboard/system/basics/keys.php:8 Call to a member function label() on null (0)\n',1,600),(293,'exceptions',1521918851,'Exception Occurred: /var/www/sites/gpa-mn.local/gpa/application/single_pages/dashboard/system/basics/keys.php:8 Call to a member function label() on null (0)\n',1,600),(294,'exceptions',1521918852,'Exception Occurred: /var/www/sites/gpa-mn.local/gpa/application/single_pages/dashboard/system/basics/keys.php:8 Call to a member function label() on null (0)\n',1,600),(295,'exceptions',1521918852,'Exception Occurred: /var/www/sites/gpa-mn.local/gpa/application/single_pages/dashboard/system/basics/keys.php:8 Call to a member function label() on null (0)\n',1,600),(296,'exceptions',1521918948,'Exception Occurred: /var/www/sites/gpa-mn.local/gpa/application/single_pages/dashboard/system/basics/keys.php:8 Call to a member function label() on null (0)\n',1,600),(297,'exceptions',1521918949,'Exception Occurred: /var/www/sites/gpa-mn.local/gpa/application/single_pages/dashboard/system/basics/keys.php:8 Call to a member function label() on null (0)\n',1,600),(298,'exceptions',1521918951,'Exception Occurred: /var/www/sites/gpa-mn.local/gpa/application/single_pages/dashboard/system/basics/keys.php:8 Call to a member function label() on null (0)\n',1,600),(299,'exceptions',1521918951,'Exception Occurred: /var/www/sites/gpa-mn.local/gpa/application/single_pages/dashboard/system/basics/keys.php:8 Call to a member function label() on null (0)\n',1,600),(300,'exceptions',1521918951,'Exception Occurred: /var/www/sites/gpa-mn.local/gpa/application/single_pages/dashboard/system/basics/keys.php:8 Call to a member function label() on null (0)\n',1,600),(301,'exceptions',1521918952,'Exception Occurred: /var/www/sites/gpa-mn.local/gpa/application/single_pages/dashboard/system/basics/keys.php:8 Call to a member function label() on null (0)\n',1,600),(302,'exceptions',1521918952,'Exception Occurred: /var/www/sites/gpa-mn.local/gpa/application/single_pages/dashboard/system/basics/keys.php:8 Call to a member function label() on null (0)\n',1,600),(303,'exceptions',1521918994,'Exception Occurred: /var/www/sites/gpa-mn.local/gpa/application/single_pages/dashboard/system/basics/keys.php:8 Call to a member function label() on null (0)\n',1,600),(304,'exceptions',1521918995,'Exception Occurred: /var/www/sites/gpa-mn.local/gpa/application/single_pages/dashboard/system/basics/keys.php:8 Call to a member function label() on null (0)\n',1,600),(305,'exceptions',1521918997,'Exception Occurred: /var/www/sites/gpa-mn.local/gpa/application/single_pages/dashboard/system/basics/keys.php:8 Call to a member function label() on null (0)\n',1,600),(306,'application',1521919179,'Clearing cache with CacheClearer::flush().',1,250),(307,'application',1521919179,'Clearing cache thumbnails directory.',1,250),(308,'exceptions',1521919192,'Exception Occurred: /var/www/sites/gpa-mn.local/gpa/application/controllers/single_page/dashboard/system/basics/keys.php:14 Class \'Application\\Controller\\SinglePage\\Dashboard\\System\\Basics\\Core\' not found (0)\n',1,600),(309,'exceptions',1521919292,'Exception Occurred: /var/www/sites/gpa-mn.local/gpa/application/single_pages/adopt/available-hounds.php:8 Invalid argument supplied for foreach() (2)\n',1,600),(310,'exceptions',1521922950,'Exception Occurred: /var/www/sites/gpa-mn.local/gpa/application/single_pages/adopt/available-hounds.php:8 Invalid argument supplied for foreach() (2)\n',1,600),(311,'exceptions',1521923001,'Exception Occurred: /var/www/sites/gpa-mn.local/gpa/application/single_pages/adopt/available-hounds.php:8 Invalid argument supplied for foreach() (2)\n',1,600),(312,'exceptions',1521923013,'Exception Occurred: /var/www/sites/gpa-mn.local/gpa/application/single_pages/adopt/available-hounds.php:8 Invalid argument supplied for foreach() (2)\n',1,600),(313,'application',1521923038,'Clearing cache with CacheClearer::flush().',1,250),(314,'application',1521923039,'Clearing cache thumbnails directory.',1,250),(315,'application',1521923043,'Clearing cache with CacheClearer::flush().',1,250),(316,'application',1521923044,'Clearing cache thumbnails directory.',1,250),(317,'exceptions',1521923047,'Exception Occurred: /var/www/sites/gpa-mn.local/gpa/application/single_pages/adopt/available-hounds.php:8 Invalid argument supplied for foreach() (2)\n',1,600),(318,'exceptions',1521923094,'Exception Occurred: /var/www/sites/gpa-mn.local/gpa/application/single_pages/adopt/available-hounds.php:8 Invalid argument supplied for foreach() (2)\n',1,600),(319,'exceptions',1521923096,'Exception Occurred: /var/www/sites/gpa-mn.local/gpa/application/single_pages/adopt/available-hounds.php:8 Invalid argument supplied for foreach() (2)\n',1,600),(320,'exceptions',1521923150,'Exception Occurred: /var/www/sites/gpa-mn.local/gpa/application/single_pages/adopt/available-hounds.php:8 Invalid argument supplied for foreach() (2)\n',1,600),(321,'exceptions',1521924397,'Exception Occurred: /var/www/sites/gpa-mn.local/gpa/application/controllers/single_page/adopt/available_hounds.php:19 Call to undefined function Application\\Controller\\SinglePage\\Adopt\\postJson() (0)\n',1,600),(322,'exceptions',1521924424,'Exception Occurred: /var/www/sites/gpa-mn.local/gpa/application/controllers/single_page/adopt/available_hounds.php:19 Call to undefined function Application\\Controller\\SinglePage\\Adopt\\postJson() (0)\n',1,600),(323,'exceptions',1521924437,'Exception Occurred: /var/www/sites/gpa-mn.local/gpa/application/controllers/single_page/adopt/available_hounds.php:67 Class \'Application\\Controller\\SinglePage\\Adopt\\Core\' not found (0)\n',1,600),(324,'exceptions',1521924444,'Exception Occurred: /var/www/sites/gpa-mn.local/gpa/application/controllers/single_page/adopt/available_hounds.php:73 Unsupported operand types (0)\n',1,600),(325,'exceptions',1521924811,'Exception Occurred: /var/www/sites/gpa-mn.local/gpa/application/controllers/single_page/adopt/available_hounds.php:68 Call to a member function make() on null (0)\n',1,600),(326,'exceptions',1521924869,'Exception Occurred: /var/www/sites/gpa-mn.local/gpa/application/controllers/single_page/adopt/available_hounds.php:68 Class \'Application\\Controller\\SinglePage\\Adopt\\Application\' not found (0)\n',1,600),(327,'exceptions',1521925075,'Exception Occurred: /var/www/sites/gpa-mn.local/gpa/application/controllers/single_page/adopt/available_hounds.php:75 Unsupported operand types (0)\n',1,600),(328,'exceptions',1521925244,'Exception Occurred: /var/www/sites/gpa-mn.local/gpa/application/controllers/single_page/adopt/available_hounds.php:75 syntax error, unexpected \'=>\' (T_DOUBLE_ARROW), expecting \']\' (0)\n',1,600),(329,'exceptions',1521925258,'Exception Occurred: /var/www/sites/gpa-mn.local/gpa/application/controllers/single_page/adopt/available_hounds.php:75 Unsupported operand types (0)\n',1,600),(330,'exceptions',1521925365,'Exception Occurred: /var/www/sites/gpa-mn.local/gpa/application/controllers/single_page/adopt/available_hounds.php:75 syntax error, unexpected \'=>\' (T_DOUBLE_ARROW), expecting \']\' (0)\n',1,600),(331,'exceptions',1521925457,'Exception Occurred: /var/www/sites/gpa-mn.local/gpa/application/controllers/single_page/adopt/available_hounds.php:68 Unsupported operand types (0)\n',1,600),(332,'exceptions',1521925726,'Exception Occurred: /var/www/sites/gpa-mn.local/gpa/concrete/src/Config/Repository/Repository.php:107 Too few arguments to function Concrete\\Core\\Config\\Repository\\Repository::get(), 0 passed in /var/www/sites/gpa-mn.local/gpa/application/controllers/single_page/adopt/available_hounds.php on line 78 and at least 1 expected (0)\n',1,600),(333,'exceptions',1521925761,'Exception Occurred: /var/www/sites/gpa-mn.local/gpa/application/controllers/single_page/adopt/available_hounds.php:78 var_dump() expects at least 1 parameter, 0 given (2)\n',1,600),(334,'exceptions',1521926609,'Exception Occurred: /var/www/sites/gpa-mn.local/gpa/application/controllers/single_page/adopt/available_hounds.php:75 Call to a member function get() on null (0)\n',1,600),(335,'exceptions',1521926671,'Exception Occurred: /var/www/sites/gpa-mn.local/gpa/application/controllers/single_page/adopt/available_hounds.php:75 Call to a member function get() on null (0)\n',1,600),(336,'exceptions',1521926672,'Exception Occurred: /var/www/sites/gpa-mn.local/gpa/application/controllers/single_page/adopt/available_hounds.php:75 Call to a member function get() on null (0)\n',1,600),(337,'exceptions',1521926672,'Exception Occurred: /var/www/sites/gpa-mn.local/gpa/application/controllers/single_page/adopt/available_hounds.php:75 Call to a member function get() on null (0)\n',1,600),(338,'exceptions',1521926672,'Exception Occurred: /var/www/sites/gpa-mn.local/gpa/application/controllers/single_page/adopt/available_hounds.php:75 Call to a member function get() on null (0)\n',1,600),(339,'exceptions',1521926687,'Exception Occurred: /var/www/sites/gpa-mn.local/gpa/application/controllers/single_page/adopt/available_hounds.php:68 Class \'Concrete\\Core\\Config\' not found (0)\n',1,600),(340,'exceptions',1521926796,'Exception Occurred: /var/www/sites/gpa-mn.local/gpa/concrete/src/Support/Facade/Facade.php:118 Call to protected method Concrete\\Core\\Config\\Repository\\Repository::getCollection() from context \'Concrete\\Core\\Support\\Facade\\Facade\' (0)\n',1,600),(341,'exceptions',1521926799,'Exception Occurred: /var/www/sites/gpa-mn.local/gpa/concrete/src/Support/Facade/Facade.php:118 Call to protected method Concrete\\Core\\Config\\Repository\\Repository::getCollection() from context \'Concrete\\Core\\Support\\Facade\\Facade\' (0)\n',1,600),(342,'exceptions',1521926885,'Exception Occurred: /var/www/sites/gpa-mn.local/gpa/application/controllers/single_page/adopt/available_hounds.php:68 Class \'Concrete\\Core\\Config\' not found (0)\n',1,600),(343,'exceptions',1521928782,'Exception Occurred: /var/www/sites/gpa-mn.local/gpa/application/controllers/single_page/adopt/available_hounds.php:16 Call to a member function make() on null (0)\n',1,600),(344,'exceptions',1521928810,'Exception Occurred: /var/www/sites/gpa-mn.local/gpa/concrete/vendor/illuminate/container/Container.php:734 Class hound-service does not exist (-1)\n',1,600),(345,'exceptions',1521929130,'Exception Occurred: /var/www/sites/gpa-mn.local/gpa/application/src/Hound/HoundService.php:65 Call to undefined method Concrete\\Core\\Support\\Facade\\Config::get() (0)\n',1,600),(346,'exceptions',1521929145,'Exception Occurred: /var/www/sites/gpa-mn.local/gpa/application/src/Hound/HoundService.php:65 Call to undefined method Concrete\\Core\\Support\\Facade\\Config::get() (0)\n',1,600),(347,'exceptions',1521929160,'Exception Occurred: /var/www/sites/gpa-mn.local/gpa/application/src/Hound/HoundService.php:65 Call to undefined method Concrete\\Core\\Support\\Facade\\Config::get() (0)\n',1,600),(348,'exceptions',1521929274,'Exception Occurred: /var/www/sites/gpa-mn.local/gpa/application/src/Hound/HoundService.php:72 syntax error, unexpected \')\', expecting variable (T_VARIABLE) or \'{\' or \'$\' (0)\n',1,600),(349,'exceptions',1521929910,'Exception Occurred: /var/www/sites/gpa-mn.local/gpa/concrete/vendor/illuminate/container/Container.php:835 Unresolvable dependency resolving [Parameter #1 [ <required> $default_namespace ]] in class Concrete\\Core\\Config\\Repository\\Liaison (0)\n',1,600),(350,'exceptions',1521930443,'Exception Occurred: /var/www/sites/gpa-mn.local/gpa/application/src/Hound/HoundService.php:75 syntax error, unexpected \'var_dump\' (T_STRING), expecting \',\' or \';\' (0)\n',1,600),(351,'application',1521930569,'Clearing cache with CacheClearer::flush().',1,250),(352,'application',1521930570,'Clearing cache thumbnails directory.',1,250),(353,'exceptions',1521930579,'Exception Occurred: /var/www/sites/gpa-mn.local/gpa/application/single_pages/adopt/available-hounds.php:8 Invalid argument supplied for foreach() (2)\n',1,600),(354,'exceptions',1521930588,'Exception Occurred: /var/www/sites/gpa-mn.local/gpa/application/single_pages/adopt/available-hounds.php:8 Invalid argument supplied for foreach() (2)\n',1,600),(355,'exceptions',1521930589,'Exception Occurred: /var/www/sites/gpa-mn.local/gpa/application/single_pages/adopt/available-hounds.php:8 Invalid argument supplied for foreach() (2)\n',1,600),(356,'exceptions',1521930589,'Exception Occurred: /var/www/sites/gpa-mn.local/gpa/application/single_pages/adopt/available-hounds.php:8 Invalid argument supplied for foreach() (2)\n',1,600),(357,'exceptions',1521930629,'Exception Occurred: /var/www/sites/gpa-mn.local/gpa/application/single_pages/adopt/available-hounds.php:8 Invalid argument supplied for foreach() (2)\n',1,600),(358,'exceptions',1521930630,'Exception Occurred: /var/www/sites/gpa-mn.local/gpa/application/single_pages/adopt/available-hounds.php:8 Invalid argument supplied for foreach() (2)\n',1,600),(359,'exceptions',1521930630,'Exception Occurred: /var/www/sites/gpa-mn.local/gpa/application/single_pages/adopt/available-hounds.php:8 Invalid argument supplied for foreach() (2)\n',1,600),(360,'exceptions',1521930634,'Exception Occurred: /var/www/sites/gpa-mn.local/gpa/application/single_pages/adopt/available-hounds.php:8 Invalid argument supplied for foreach() (2)\n',1,600),(361,'application',1521930652,'Clearing cache with CacheClearer::flush().',1,250),(362,'application',1521930653,'Clearing cache thumbnails directory.',1,250),(363,'exceptions',1521930658,'Exception Occurred: /var/www/sites/gpa-mn.local/gpa/application/single_pages/adopt/available-hounds.php:8 Invalid argument supplied for foreach() (2)\n',1,600),(364,'exceptions',1521930674,'Exception Occurred: /var/www/sites/gpa-mn.local/gpa/application/single_pages/adopt/available-hounds.php:8 Invalid argument supplied for foreach() (2)\n',1,600),(365,'exceptions',1521930706,'Exception Occurred: /var/www/sites/gpa-mn.local/gpa/application/single_pages/adopt/available-hounds.php:8 Invalid argument supplied for foreach() (2)\n',1,600),(366,'application',1521930711,'Clearing cache with CacheClearer::flush().',1,250),(367,'application',1521930712,'Clearing cache thumbnails directory.',1,250),(368,'exceptions',1521930715,'Exception Occurred: /var/www/sites/gpa-mn.local/gpa/application/single_pages/adopt/available-hounds.php:8 Invalid argument supplied for foreach() (2)\n',1,600),(369,'exceptions',1521930717,'Exception Occurred: /var/www/sites/gpa-mn.local/gpa/application/single_pages/adopt/available-hounds.php:8 Invalid argument supplied for foreach() (2)\n',1,600),(370,'application',1521930725,'Clearing cache with CacheClearer::flush().',1,250),(371,'application',1521930726,'Clearing cache thumbnails directory.',1,250),(372,'exceptions',1521930744,'Exception Occurred: /var/www/sites/gpa-mn.local/gpa/concrete/src/View/View.php:233 include(/var/www/sites/gpa-mn.local/gpa/concrete/single_pages/adopt/available-hounds.php): failed to open stream: No such file or directory (2)\n',1,600),(373,'exceptions',1521930771,'Exception Occurred: /var/www/sites/gpa-mn.local/gpa/concrete/src/View/View.php:233 include(/var/www/sites/gpa-mn.local/gpa/concrete/single_pages/adopt/available-hounds.php): failed to open stream: No such file or directory (2)\n',1,600),(374,'application',1521930930,'Clearing cache with CacheClearer::flush().',1,250),(375,'application',1521930931,'Clearing cache thumbnails directory.',1,250),(376,'application',1521931002,'Clearing cache with CacheClearer::flush().',1,250),(377,'application',1521931003,'Clearing cache thumbnails directory.',1,250),(378,'application',1521931117,'Page \"Available Hounds\" at path \"/adopt/available-hounds\" Moved to trash',1,100),(379,'application',1521931119,'Page \"Available Hounds\" at path \"/!trash/available-hounds\" deleted',1,100),(380,'exceptions',1521931135,'Exception Occurred: /var/www/sites/gpa-mn.local/gpa/application/single_pages/adopt/available-hounds.php:6 Invalid argument supplied for foreach() (2)\n',1,600),(381,'exceptions',1521931140,'Exception Occurred: /var/www/sites/gpa-mn.local/gpa/application/single_pages/adopt/available-hounds.php:6 Invalid argument supplied for foreach() (2)\n',1,600),(382,'exceptions',1521931150,'Exception Occurred: /var/www/sites/gpa-mn.local/gpa/application/single_pages/adopt/available-hounds.php:6 Invalid argument supplied for foreach() (2)\n',1,600),(383,'exceptions',1521931169,'Exception Occurred: /var/www/sites/gpa-mn.local/gpa/application/single_pages/adopt/available-hounds.php:6 Invalid argument supplied for foreach() (2)\n',1,600),(384,'exceptions',1521931170,'Exception Occurred: /var/www/sites/gpa-mn.local/gpa/application/single_pages/adopt/available-hounds.php:6 Invalid argument supplied for foreach() (2)\n',1,600),(385,'exceptions',1521931170,'Exception Occurred: /var/www/sites/gpa-mn.local/gpa/application/single_pages/adopt/available-hounds.php:6 Invalid argument supplied for foreach() (2)\n',1,600),(386,'exceptions',1521931171,'Exception Occurred: /var/www/sites/gpa-mn.local/gpa/application/single_pages/adopt/available-hounds.php:6 Invalid argument supplied for foreach() (2)\n',1,600),(387,'exceptions',1521931171,'Exception Occurred: /var/www/sites/gpa-mn.local/gpa/application/single_pages/adopt/available-hounds.php:6 Invalid argument supplied for foreach() (2)\n',1,600),(388,'exceptions',1521931171,'Exception Occurred: /var/www/sites/gpa-mn.local/gpa/application/single_pages/adopt/available-hounds.php:6 Invalid argument supplied for foreach() (2)\n',1,600),(389,'exceptions',1521931171,'Exception Occurred: /var/www/sites/gpa-mn.local/gpa/application/single_pages/adopt/available-hounds.php:6 Invalid argument supplied for foreach() (2)\n',1,600),(390,'exceptions',1521931185,'Exception Occurred: /var/www/sites/gpa-mn.local/gpa/application/single_pages/adopt/available-hounds.php:6 Invalid argument supplied for foreach() (2)\n',1,600),(391,'exceptions',1521931202,'Exception Occurred: /var/www/sites/gpa-mn.local/gpa/application/single_pages/adopt/available-hounds.php:6 Invalid argument supplied for foreach() (2)\n',1,600),(392,'exceptions',1521931203,'Exception Occurred: /var/www/sites/gpa-mn.local/gpa/application/single_pages/adopt/available-hounds.php:6 Invalid argument supplied for foreach() (2)\n',1,600),(393,'exceptions',1521931203,'Exception Occurred: /var/www/sites/gpa-mn.local/gpa/application/single_pages/adopt/available-hounds.php:6 Invalid argument supplied for foreach() (2)\n',1,600),(394,'exceptions',1521931204,'Exception Occurred: /var/www/sites/gpa-mn.local/gpa/application/single_pages/adopt/available-hounds.php:6 Invalid argument supplied for foreach() (2)\n',1,600),(395,'exceptions',1521931204,'Exception Occurred: /var/www/sites/gpa-mn.local/gpa/application/single_pages/adopt/available-hounds.php:6 Invalid argument supplied for foreach() (2)\n',1,600),(396,'exceptions',1521931205,'Exception Occurred: /var/www/sites/gpa-mn.local/gpa/application/single_pages/adopt/available-hounds.php:6 Invalid argument supplied for foreach() (2)\n',1,600),(397,'exceptions',1521931205,'Exception Occurred: /var/www/sites/gpa-mn.local/gpa/application/single_pages/adopt/available-hounds.php:6 Invalid argument supplied for foreach() (2)\n',1,600),(398,'exceptions',1521931205,'Exception Occurred: /var/www/sites/gpa-mn.local/gpa/application/single_pages/adopt/available-hounds.php:6 Invalid argument supplied for foreach() (2)\n',1,600),(399,'application',1521931354,'Page \"Hounds\" at path \"/adopt/hounds\" Moved to trash',1,100),(400,'application',1521931356,'Page \"Available Hounds\" at path \"/adopt/available_hounds\" Moved to trash',1,100),(401,'application',1521931359,'Page \"Available Hounds\" at path \"/adopt/available-hounds\" Moved to trash',1,100),(402,'application',1521931361,'Page \"Hounds\" at path \"/!trash/hounds\" deleted',1,100),(403,'application',1521931361,'Page \"Available Hounds\" at path \"/!trash/available_hounds\" deleted',1,100),(404,'application',1521931361,'Page \"Available Hounds\" at path \"/!trash/available-hounds\" deleted',1,100),(405,'exceptions',1521936573,'Exception Occurred: /var/www/sites/gpa-mn.local/gpa/application/single_pages/adopt/available_hounds.php:6 Invalid argument supplied for foreach() (2)\n',1,600),(406,'exceptions',1521936576,'Exception Occurred: /var/www/sites/gpa-mn.local/gpa/application/single_pages/adopt/available_hounds.php:6 Invalid argument supplied for foreach() (2)\n',1,600),(407,'exceptions',1521937092,'Exception Occurred: /var/www/sites/gpa-mn.local/gpa/application/single_pages/adopt/available_hounds.php:6 Invalid argument supplied for foreach() (2)\n',1,600),(408,'exceptions',1521937134,'Exception Occurred: /var/www/sites/gpa-mn.local/gpa/application/single_pages/adopt/available_hounds.php:6 Invalid argument supplied for foreach() (2)\n',1,600),(409,'exceptions',1521937153,'Exception Occurred: /var/www/sites/gpa-mn.local/gpa/application/single_pages/adopt/available_hounds.php:6 Invalid argument supplied for foreach() (2)\n',1,600),(410,'exceptions',1521937268,'Exception Occurred: /var/www/sites/gpa-mn.local/gpa/application/src/Hound/HoundService.php:25 json_decode() expects parameter 1 to be string, array given (2)\n',1,600),(411,'exceptions',1521937379,'Exception Occurred: /var/www/sites/gpa-mn.local/gpa/application/src/Hound/HoundService.php:25 Illegal string offset \'status\' (2)\n',1,600),(412,'exceptions',1521938448,'Exception Occurred: /var/www/sites/gpa-mn.local/gpa/application/single_pages/adopt/available_hounds.php:12 Cannot use [] for reading (64)\n',1,600),(413,'exceptions',1521940872,'Exception Occurred: /var/www/sites/gpa-mn.local/gpa/application/single_pages/adopt/available_hounds.php:25 date() expects at least 1 parameter, 0 given (2)\n',1,600),(414,'exceptions',1521940890,'Exception Occurred: /var/www/sites/gpa-mn.local/gpa/application/single_pages/adopt/available_hounds.php:25 date_diff() expects parameter 1 to be DateTimeInterface, string given (2)\n',1,600),(415,'exceptions',1521941059,'Exception Occurred: /var/www/sites/gpa-mn.local/gpa/application/single_pages/adopt/available_hounds.php:25 strtotime() expects parameter 2 to be integer, string given (2)\n',1,600),(416,'exceptions',1521941091,'Exception Occurred: /var/www/sites/gpa-mn.local/gpa/application/single_pages/adopt/available_hounds.php:25 date_diff() expects parameter 1 to be DateTimeInterface, integer given (2)\n',1,600),(417,'exceptions',1521941296,'Exception Occurred: /var/www/sites/gpa-mn.local/gpa/application/single_pages/adopt/available_hounds.php:28 DateTime::diff() expects parameter 1 to be DateTimeInterface, integer given (2)\n',1,600),(418,'exceptions',1521941323,'Exception Occurred: /var/www/sites/gpa-mn.local/gpa/application/single_pages/adopt/available_hounds.php:28 DateTime::diff() expects parameter 1 to be DateTimeInterface, string given (2)\n',1,600),(419,'exceptions',1521941413,'Exception Occurred: /var/www/sites/gpa-mn.local/gpa/application/single_pages/adopt/available_hounds.php:26 date() expects at least 1 parameter, 0 given (2)\n',1,600),(420,'exceptions',1521941418,'Exception Occurred: /var/www/sites/gpa-mn.local/gpa/application/single_pages/adopt/available_hounds.php:27 date_create_from_format() expects at least 2 parameters, 1 given (2)\n',1,600),(421,'exceptions',1521941457,'Exception Occurred: /var/www/sites/gpa-mn.local/gpa/application/single_pages/adopt/available_hounds.php:28 Call to a member function diff() on string (0)\n',1,600),(422,'exceptions',1521941531,'Exception Occurred: /var/www/sites/gpa-mn.local/gpa/application/single_pages/adopt/available_hounds.php:26 Call to undefined function http_date() (0)\n',1,600),(423,'exceptions',1521941555,'Exception Occurred: /var/www/sites/gpa-mn.local/gpa/application/single_pages/adopt/available_hounds.php:28 Object of class DateTime could not be converted to string (4096)\n',1,600),(424,'exceptions',1521941571,'Exception Occurred: /var/www/sites/gpa-mn.local/gpa/application/single_pages/adopt/available_hounds.php:28 DateTime::diff() expects parameter 1 to be DateTimeInterface, boolean given (2)\n',1,600),(425,'application',1521941609,'Session Invalidated. Session user agent \"Mozilla/5.0 (Macintosh; Intel Mac OS X 10_12_6) AppleWebKit/537.36 (KHTML, like Gecko) Chrome/65.0.3325.181 Safari/537.36\" did not match provided agent \"Mozilla/5.0 (Linux; Android 6.0; Nexus 5 Build/MRA58N) AppleWebKit/537.36 (KHTML, like Gecko) Chrome/65.0.3325.181 Mobile Safari/537.36\"',1,100),(426,'exceptions',1521941808,'Exception Occurred: /var/www/sites/gpa-mn.local/gpa/application/single_pages/adopt/available_hounds.php:28 Object of class DateInterval could not be converted to string (4096)\n',1,600),(427,'application',1521942256,'Session Invalidated. Session user agent \"Mozilla/5.0 (Linux; Android 6.0; Nexus 5 Build/MRA58N) AppleWebKit/537.36 (KHTML, like Gecko) Chrome/65.0.3325.181 Mobile Safari/537.36\" did not match provided agent \"Mozilla/5.0 (Macintosh; Intel Mac OS X 10_12_6) AppleWebKit/537.36 (KHTML, like Gecko) Chrome/65.0.3325.181 Safari/537.36\"',1,100),(428,'exceptions',1521942575,'Exception Occurred: /var/www/sites/gpa-mn.local/gpa/application/single_pages/adopt/available-hounds.php:4 Invalid argument supplied for foreach() (2)\n',1,600),(429,'exceptions',1521942610,'Exception Occurred: /var/www/sites/gpa-mn.local/gpa/application/single_pages/adopt/available-hounds.php:4 Invalid argument supplied for foreach() (2)\n',1,600),(430,'application',1521942661,'Clearing cache with CacheClearer::flush().',1,250),(431,'application',1521942662,'Clearing cache thumbnails directory.',1,250),(432,'exceptions',1521942672,'Exception Occurred: /var/www/sites/gpa-mn.local/gpa/application/single_pages/adopt/available-hounds.php:4 Invalid argument supplied for foreach() (2)\n',1,600),(433,'exceptions',1521942674,'Exception Occurred: /var/www/sites/gpa-mn.local/gpa/application/single_pages/adopt/available-hounds.php:4 Invalid argument supplied for foreach() (2)\n',1,600),(434,'exceptions',1521942675,'Exception Occurred: /var/www/sites/gpa-mn.local/gpa/application/single_pages/adopt/available-hounds.php:4 Invalid argument supplied for foreach() (2)\n',1,600),(435,'exceptions',1521942676,'Exception Occurred: /var/www/sites/gpa-mn.local/gpa/application/single_pages/adopt/available-hounds.php:4 Invalid argument supplied for foreach() (2)\n',1,600),(436,'exceptions',1521942677,'Exception Occurred: /var/www/sites/gpa-mn.local/gpa/application/single_pages/adopt/available-hounds.php:4 Invalid argument supplied for foreach() (2)\n',1,600),(437,'exceptions',1521942678,'Exception Occurred: /var/www/sites/gpa-mn.local/gpa/application/single_pages/adopt/available-hounds.php:4 Invalid argument supplied for foreach() (2)\n',1,600),(438,'exceptions',1521942679,'Exception Occurred: /var/www/sites/gpa-mn.local/gpa/application/single_pages/adopt/available-hounds.php:4 Invalid argument supplied for foreach() (2)\n',1,600),(439,'exceptions',1521942679,'Exception Occurred: /var/www/sites/gpa-mn.local/gpa/application/single_pages/adopt/available-hounds.php:4 Invalid argument supplied for foreach() (2)\n',1,600),(440,'exceptions',1521942679,'Exception Occurred: /var/www/sites/gpa-mn.local/gpa/application/single_pages/adopt/available-hounds.php:4 Invalid argument supplied for foreach() (2)\n',1,600),(441,'exceptions',1521942679,'Exception Occurred: /var/www/sites/gpa-mn.local/gpa/application/single_pages/adopt/available-hounds.php:4 Invalid argument supplied for foreach() (2)\n',1,600),(442,'application',1521942741,'Clearing cache with CacheClearer::flush().',1,250),(443,'application',1521942742,'Clearing cache thumbnails directory.',1,250),(444,'exceptions',1521942746,'Exception Occurred: /var/www/sites/gpa-mn.local/gpa/application/single_pages/adopt/available-hounds.php:4 Invalid argument supplied for foreach() (2)\n',1,600),(445,'exceptions',1521942747,'Exception Occurred: /var/www/sites/gpa-mn.local/gpa/application/single_pages/adopt/available-hounds.php:4 Invalid argument supplied for foreach() (2)\n',1,600),(446,'exceptions',1521942748,'Exception Occurred: /var/www/sites/gpa-mn.local/gpa/application/single_pages/adopt/available-hounds.php:4 Invalid argument supplied for foreach() (2)\n',1,600),(447,'exceptions',1521942749,'Exception Occurred: /var/www/sites/gpa-mn.local/gpa/application/single_pages/adopt/available-hounds.php:4 Invalid argument supplied for foreach() (2)\n',1,600),(448,'exceptions',1521942749,'Exception Occurred: /var/www/sites/gpa-mn.local/gpa/application/single_pages/adopt/available-hounds.php:4 Invalid argument supplied for foreach() (2)\n',1,600),(449,'application',1521942757,'Clearing cache with CacheClearer::flush().',1,250),(450,'application',1521942758,'Clearing cache thumbnails directory.',1,250),(451,'exceptions',1521942761,'Exception Occurred: /var/www/sites/gpa-mn.local/gpa/application/single_pages/adopt/available-hounds.php:4 Invalid argument supplied for foreach() (2)\n',1,600),(452,'exceptions',1521942763,'Exception Occurred: /var/www/sites/gpa-mn.local/gpa/application/single_pages/adopt/available-hounds.php:4 Invalid argument supplied for foreach() (2)\n',1,600),(453,'exceptions',1521942764,'Exception Occurred: /var/www/sites/gpa-mn.local/gpa/application/single_pages/adopt/available-hounds.php:4 Invalid argument supplied for foreach() (2)\n',1,600),(454,'exceptions',1521942764,'Exception Occurred: /var/www/sites/gpa-mn.local/gpa/application/single_pages/adopt/available-hounds.php:4 Invalid argument supplied for foreach() (2)\n',1,600),(455,'exceptions',1521942764,'Exception Occurred: /var/www/sites/gpa-mn.local/gpa/application/single_pages/adopt/available-hounds.php:4 Invalid argument supplied for foreach() (2)\n',1,600),(456,'exceptions',1521942765,'Exception Occurred: /var/www/sites/gpa-mn.local/gpa/application/single_pages/adopt/available-hounds.php:4 Invalid argument supplied for foreach() (2)\n',1,600),(457,'exceptions',1521942765,'Exception Occurred: /var/www/sites/gpa-mn.local/gpa/application/single_pages/adopt/available-hounds.php:4 Invalid argument supplied for foreach() (2)\n',1,600),(458,'exceptions',1521942779,'Exception Occurred: /var/www/sites/gpa-mn.local/gpa/application/single_pages/adopt/available-hounds.php:4 Invalid argument supplied for foreach() (2)\n',1,600),(459,'exceptions',1521942780,'Exception Occurred: /var/www/sites/gpa-mn.local/gpa/application/single_pages/adopt/available-hounds.php:4 Invalid argument supplied for foreach() (2)\n',1,600),(460,'application',1521942789,'Page \"Available Hounds\" at path \"/adopt/available-hounds\" Moved to trash',1,100),(461,'application',1521942791,'Page \"Available Hounds\" at path \"/adopt/available_hounds\" Moved to trash',1,100),(462,'application',1521942795,'Page \"Available Hounds\" at path \"/!trash/available-hounds\" deleted',1,100),(463,'application',1521942795,'Page \"Available Hounds\" at path \"/!trash/available_hounds\" deleted',1,100),(464,'exceptions',1521942806,'Exception Occurred: /var/www/sites/gpa-mn.local/gpa/application/single_pages/adopt/available-hounds.php:4 Invalid argument supplied for foreach() (2)\n',1,600),(465,'exceptions',1521942808,'Exception Occurred: /var/www/sites/gpa-mn.local/gpa/application/single_pages/adopt/available-hounds.php:4 Invalid argument supplied for foreach() (2)\n',1,600),(466,'exceptions',1521942809,'Exception Occurred: /var/www/sites/gpa-mn.local/gpa/application/single_pages/adopt/available-hounds.php:4 Invalid argument supplied for foreach() (2)\n',1,600),(467,'exceptions',1521942810,'Exception Occurred: /var/www/sites/gpa-mn.local/gpa/application/single_pages/adopt/available-hounds.php:4 Invalid argument supplied for foreach() (2)\n',1,600),(468,'application',1521942910,'Page \"Available Hounds\" at path \"/adopt/available-hounds\" Moved to trash',1,100),(469,'application',1521942912,'Page \"Available Hounds\" at path \"/!trash/available-hounds\" deleted',1,100),(470,'exceptions',1521991786,'Exception Occurred: /var/www/sites/gpa-mn.local/gpa/application/single_pages/adopt/available_hounds.php:12 Invalid argument supplied for foreach() (2)\n',0,600),(471,'exceptions',1521991825,'Exception Occurred: /var/www/sites/gpa-mn.local/gpa/application/single_pages/adopt/available_hounds.php:12 Invalid argument supplied for foreach() (2)\n',0,600),(472,'exceptions',1521991895,'Exception Occurred: /var/www/sites/gpa-mn.local/gpa/application/single_pages/adopt/available_hounds.php:12 Invalid argument supplied for foreach() (2)\n',0,600),(473,'application',1521997900,'Session Invalidated. Session user agent \"Mozilla/5.0 (Macintosh; Intel Mac OS X 10_12_6) AppleWebKit/537.36 (KHTML, like Gecko) Chrome/65.0.3325.181 Safari/537.36\" did not match provided agent \"Mozilla/5.0 (Linux; Android 6.0; Nexus 5 Build/MRA58N) AppleWebKit/537.36 (KHTML, like Gecko) Chrome/65.0.3325.181 Mobile Safari/537.36\"',1,100),(474,'exceptions',1530723862,'Exception Occurred: /var/www/sites/gpa-mn.local/gpa/application/blocks/google_calendar_events/templates/upcoming_events.php:16 Call to a member function format() on boolean (0)\n',1,600),(475,'exceptions',1530723868,'Exception Occurred: /var/www/sites/gpa-mn.local/gpa/concrete/controllers/backend/user_interface/block.php:55 Access Denied (0)\n',1,600),(476,'exceptions',1530723872,'Exception Occurred: /var/www/sites/gpa-mn.local/gpa/concrete/controllers/backend/user_interface/block.php:55 Access Denied (0)\n',1,600),(477,'exceptions',1530723877,'Exception Occurred: /var/www/sites/gpa-mn.local/gpa/application/blocks/google_calendar_events/templates/upcoming_events.php:16 Call to a member function format() on boolean (0)\n',1,600),(478,'exceptions',1530726724,'Exception Occurred: /var/www/sites/gpa-mn.local/gpa/application/blocks/google_calendar_events/templates/upcoming_events.php:79 syntax error, unexpected \'endif\' (T_ENDIF) (0)\n',1,600),(479,'exceptions',1530726733,'Exception Occurred: /var/www/sites/gpa-mn.local/gpa/application/blocks/google_calendar_events/templates/upcoming_events.php:79 syntax error, unexpected \'endif\' (T_ENDIF) (0)\n',1,600),(480,'application',1530726934,'Clearing cache with CacheClearer::flush().',1,250),(481,'application',1530726937,'Clearing cache thumbnails directory.',1,250),(482,'application',1530732601,'Clearing cache with CacheClearer::flush().',1,250),(483,'application',1530732603,'Clearing cache thumbnails directory.',1,250),(484,'application',1530732609,'Clearing cache with CacheClearer::flush().',1,250),(485,'application',1530732610,'Clearing cache thumbnails directory.',1,250);
/*!40000 ALTER TABLE `Logs` ENABLE KEYS */;
UNLOCK TABLES;

--
-- Table structure for table `MailImporters`
--

DROP TABLE IF EXISTS `MailImporters`;
/*!40101 SET @saved_cs_client     = @@character_set_client */;
/*!40101 SET character_set_client = utf8 */;
CREATE TABLE `MailImporters` (
  `miID` int(10) unsigned NOT NULL AUTO_INCREMENT,
  `miHandle` varchar(64) COLLATE utf8_unicode_ci NOT NULL,
  `miServer` varchar(255) COLLATE utf8_unicode_ci DEFAULT NULL,
  `miUsername` varchar(255) COLLATE utf8_unicode_ci DEFAULT NULL,
  `miPassword` varchar(255) COLLATE utf8_unicode_ci DEFAULT NULL,
  `miEncryption` varchar(32) COLLATE utf8_unicode_ci DEFAULT NULL,
  `miIsEnabled` tinyint(1) NOT NULL DEFAULT '0',
  `miEmail` varchar(255) COLLATE utf8_unicode_ci DEFAULT NULL,
  `miPort` int(10) unsigned NOT NULL DEFAULT '0',
  `pkgID` int(10) unsigned DEFAULT NULL,
  `miConnectionMethod` varchar(8) COLLATE utf8_unicode_ci DEFAULT 'POP',
  PRIMARY KEY (`miID`),
  UNIQUE KEY `miHandle` (`miHandle`),
  KEY `pkgID` (`pkgID`,`miID`)
) ENGINE=InnoDB AUTO_INCREMENT=2 DEFAULT CHARSET=utf8 COLLATE=utf8_unicode_ci;
/*!40101 SET character_set_client = @saved_cs_client */;

--
-- Dumping data for table `MailImporters`
--

LOCK TABLES `MailImporters` WRITE;
/*!40000 ALTER TABLE `MailImporters` DISABLE KEYS */;
INSERT INTO `MailImporters` VALUES (1,'private_message','',NULL,NULL,NULL,0,'',0,0,'POP');
/*!40000 ALTER TABLE `MailImporters` ENABLE KEYS */;
UNLOCK TABLES;

--
-- Table structure for table `MailValidationHashes`
--

DROP TABLE IF EXISTS `MailValidationHashes`;
/*!40101 SET @saved_cs_client     = @@character_set_client */;
/*!40101 SET character_set_client = utf8 */;
CREATE TABLE `MailValidationHashes` (
  `mvhID` int(10) unsigned NOT NULL AUTO_INCREMENT,
  `miID` int(10) unsigned NOT NULL DEFAULT '0',
  `email` varchar(254) COLLATE utf8_unicode_ci NOT NULL,
  `mHash` varchar(128) COLLATE utf8_unicode_ci NOT NULL,
  `mDateGenerated` int(10) unsigned NOT NULL DEFAULT '0',
  `mDateRedeemed` int(10) unsigned NOT NULL DEFAULT '0',
  `data` text COLLATE utf8_unicode_ci,
  PRIMARY KEY (`mvhID`),
  UNIQUE KEY `mHash` (`mHash`),
  KEY `miID` (`miID`)
) ENGINE=InnoDB DEFAULT CHARSET=utf8 COLLATE=utf8_unicode_ci;
/*!40101 SET character_set_client = @saved_cs_client */;

--
-- Dumping data for table `MailValidationHashes`
--

LOCK TABLES `MailValidationHashes` WRITE;
/*!40000 ALTER TABLE `MailValidationHashes` DISABLE KEYS */;
/*!40000 ALTER TABLE `MailValidationHashes` ENABLE KEYS */;
UNLOCK TABLES;

--
-- Table structure for table `MultilingualPageRelations`
--

DROP TABLE IF EXISTS `MultilingualPageRelations`;
/*!40101 SET @saved_cs_client     = @@character_set_client */;
/*!40101 SET character_set_client = utf8 */;
CREATE TABLE `MultilingualPageRelations` (
  `mpLocale` varchar(32) COLLATE utf8_unicode_ci NOT NULL,
  `mpLanguage` varchar(32) COLLATE utf8_unicode_ci DEFAULT NULL,
  `mpRelationID` int(10) unsigned NOT NULL,
  `cID` int(10) unsigned NOT NULL,
  PRIMARY KEY (`mpRelationID`,`cID`)
) ENGINE=InnoDB DEFAULT CHARSET=utf8 COLLATE=utf8_unicode_ci;
/*!40101 SET character_set_client = @saved_cs_client */;

--
-- Dumping data for table `MultilingualPageRelations`
--

LOCK TABLES `MultilingualPageRelations` WRITE;
/*!40000 ALTER TABLE `MultilingualPageRelations` DISABLE KEYS */;
/*!40000 ALTER TABLE `MultilingualPageRelations` ENABLE KEYS */;
UNLOCK TABLES;

--
-- Table structure for table `MultilingualTranslations`
--

DROP TABLE IF EXISTS `MultilingualTranslations`;
/*!40101 SET @saved_cs_client     = @@character_set_client */;
/*!40101 SET character_set_client = utf8 */;
CREATE TABLE `MultilingualTranslations` (
  `mtID` int(10) unsigned NOT NULL AUTO_INCREMENT,
  `mtSectionID` int(10) unsigned NOT NULL DEFAULT '0',
  `msgid` text COLLATE utf8_unicode_ci NOT NULL,
  `msgidPlural` text COLLATE utf8_unicode_ci,
  `msgstr` text COLLATE utf8_unicode_ci,
  `msgstrPlurals` text COLLATE utf8_unicode_ci,
  `context` text COLLATE utf8_unicode_ci,
  `comments` text COLLATE utf8_unicode_ci,
  `reference` text COLLATE utf8_unicode_ci,
  `flags` text COLLATE utf8_unicode_ci,
  `updated` datetime DEFAULT NULL,
  PRIMARY KEY (`mtID`)
) ENGINE=InnoDB DEFAULT CHARSET=utf8 COLLATE=utf8_unicode_ci;
/*!40101 SET character_set_client = @saved_cs_client */;

--
-- Dumping data for table `MultilingualTranslations`
--

LOCK TABLES `MultilingualTranslations` WRITE;
/*!40000 ALTER TABLE `MultilingualTranslations` DISABLE KEYS */;
/*!40000 ALTER TABLE `MultilingualTranslations` ENABLE KEYS */;
UNLOCK TABLES;

--
-- Table structure for table `NotificationAlerts`
--

DROP TABLE IF EXISTS `NotificationAlerts`;
/*!40101 SET @saved_cs_client     = @@character_set_client */;
/*!40101 SET character_set_client = utf8 */;
CREATE TABLE `NotificationAlerts` (
  `naID` int(10) unsigned NOT NULL AUTO_INCREMENT,
  `naIsArchived` tinyint(1) NOT NULL,
  `uID` int(10) unsigned DEFAULT NULL,
  `nID` int(10) unsigned DEFAULT NULL,
  PRIMARY KEY (`naID`),
  KEY `IDX_E11C7408FD71026C` (`uID`),
  KEY `IDX_E11C7408ED024EFD` (`nID`),
  CONSTRAINT `FK_E11C7408ED024EFD` FOREIGN KEY (`nID`) REFERENCES `Notifications` (`nID`),
  CONSTRAINT `FK_E11C7408FD71026C` FOREIGN KEY (`uID`) REFERENCES `Users` (`uID`)
) ENGINE=InnoDB DEFAULT CHARSET=utf8 COLLATE=utf8_unicode_ci;
/*!40101 SET character_set_client = @saved_cs_client */;

--
-- Dumping data for table `NotificationAlerts`
--

LOCK TABLES `NotificationAlerts` WRITE;
/*!40000 ALTER TABLE `NotificationAlerts` DISABLE KEYS */;
/*!40000 ALTER TABLE `NotificationAlerts` ENABLE KEYS */;
UNLOCK TABLES;

--
-- Table structure for table `NotificationPermissionSubscriptionList`
--

DROP TABLE IF EXISTS `NotificationPermissionSubscriptionList`;
/*!40101 SET @saved_cs_client     = @@character_set_client */;
/*!40101 SET character_set_client = utf8 */;
CREATE TABLE `NotificationPermissionSubscriptionList` (
  `paID` int(10) unsigned NOT NULL DEFAULT '0',
  `peID` int(10) unsigned NOT NULL DEFAULT '0',
  `permission` varchar(1) COLLATE utf8_unicode_ci NOT NULL DEFAULT '1',
  PRIMARY KEY (`paID`,`peID`),
  KEY `peID` (`peID`)
) ENGINE=InnoDB DEFAULT CHARSET=utf8 COLLATE=utf8_unicode_ci;
/*!40101 SET character_set_client = @saved_cs_client */;

--
-- Dumping data for table `NotificationPermissionSubscriptionList`
--

LOCK TABLES `NotificationPermissionSubscriptionList` WRITE;
/*!40000 ALTER TABLE `NotificationPermissionSubscriptionList` DISABLE KEYS */;
/*!40000 ALTER TABLE `NotificationPermissionSubscriptionList` ENABLE KEYS */;
UNLOCK TABLES;

--
-- Table structure for table `NotificationPermissionSubscriptionListCustom`
--

DROP TABLE IF EXISTS `NotificationPermissionSubscriptionListCustom`;
/*!40101 SET @saved_cs_client     = @@character_set_client */;
/*!40101 SET character_set_client = utf8 */;
CREATE TABLE `NotificationPermissionSubscriptionListCustom` (
  `paID` int(10) unsigned NOT NULL DEFAULT '0',
  `peID` int(10) unsigned NOT NULL DEFAULT '0',
  `nSubscriptionIdentifier` varchar(255) COLLATE utf8_unicode_ci NOT NULL,
  PRIMARY KEY (`paID`,`peID`,`nSubscriptionIdentifier`),
  KEY `peID` (`peID`),
  KEY `nSubscriptionIdentifier` (`nSubscriptionIdentifier`)
) ENGINE=InnoDB DEFAULT CHARSET=utf8 COLLATE=utf8_unicode_ci;
/*!40101 SET character_set_client = @saved_cs_client */;

--
-- Dumping data for table `NotificationPermissionSubscriptionListCustom`
--

LOCK TABLES `NotificationPermissionSubscriptionListCustom` WRITE;
/*!40000 ALTER TABLE `NotificationPermissionSubscriptionListCustom` DISABLE KEYS */;
/*!40000 ALTER TABLE `NotificationPermissionSubscriptionListCustom` ENABLE KEYS */;
UNLOCK TABLES;

--
-- Table structure for table `Notifications`
--

DROP TABLE IF EXISTS `Notifications`;
/*!40101 SET @saved_cs_client     = @@character_set_client */;
/*!40101 SET character_set_client = utf8 */;
CREATE TABLE `Notifications` (
  `nID` int(10) unsigned NOT NULL AUTO_INCREMENT,
  `nDate` datetime NOT NULL,
  `type` varchar(255) COLLATE utf8_unicode_ci NOT NULL,
  PRIMARY KEY (`nID`)
) ENGINE=InnoDB DEFAULT CHARSET=utf8 COLLATE=utf8_unicode_ci;
/*!40101 SET character_set_client = @saved_cs_client */;

--
-- Dumping data for table `Notifications`
--

LOCK TABLES `Notifications` WRITE;
/*!40000 ALTER TABLE `Notifications` DISABLE KEYS */;
/*!40000 ALTER TABLE `Notifications` ENABLE KEYS */;
UNLOCK TABLES;

--
-- Table structure for table `OauthUserMap`
--

DROP TABLE IF EXISTS `OauthUserMap`;
/*!40101 SET @saved_cs_client     = @@character_set_client */;
/*!40101 SET character_set_client = utf8 */;
CREATE TABLE `OauthUserMap` (
  `user_id` int(10) unsigned NOT NULL,
  `namespace` varchar(255) COLLATE utf8_unicode_ci NOT NULL,
  `binding` varchar(255) COLLATE utf8_unicode_ci NOT NULL,
  PRIMARY KEY (`user_id`,`namespace`),
  UNIQUE KEY `oauth_binding` (`binding`,`namespace`)
) ENGINE=InnoDB DEFAULT CHARSET=utf8 COLLATE=utf8_unicode_ci;
/*!40101 SET character_set_client = @saved_cs_client */;

--
-- Dumping data for table `OauthUserMap`
--

LOCK TABLES `OauthUserMap` WRITE;
/*!40000 ALTER TABLE `OauthUserMap` DISABLE KEYS */;
/*!40000 ALTER TABLE `OauthUserMap` ENABLE KEYS */;
UNLOCK TABLES;

--
-- Table structure for table `Packages`
--

DROP TABLE IF EXISTS `Packages`;
/*!40101 SET @saved_cs_client     = @@character_set_client */;
/*!40101 SET character_set_client = utf8 */;
CREATE TABLE `Packages` (
  `pkgID` int(10) unsigned NOT NULL AUTO_INCREMENT,
  `pkgHandle` varchar(255) COLLATE utf8_unicode_ci NOT NULL,
  `pkgVersion` varchar(255) COLLATE utf8_unicode_ci NOT NULL,
  `pkgIsInstalled` tinyint(1) NOT NULL,
  `pkgAvailableVersion` varchar(255) COLLATE utf8_unicode_ci DEFAULT NULL,
  `pkgDescription` longtext COLLATE utf8_unicode_ci NOT NULL,
  `pkgDateInstalled` datetime NOT NULL,
  `pkgName` varchar(255) COLLATE utf8_unicode_ci DEFAULT NULL,
  PRIMARY KEY (`pkgID`),
  UNIQUE KEY `UNIQ_62C3A2F1F2D49DB1` (`pkgHandle`)
) ENGINE=InnoDB AUTO_INCREMENT=17 DEFAULT CHARSET=utf8 COLLATE=utf8_unicode_ci;
/*!40101 SET character_set_client = @saved_cs_client */;

--
-- Dumping data for table `Packages`
--

LOCK TABLES `Packages` WRITE;
/*!40000 ALTER TABLE `Packages` DISABLE KEYS */;
INSERT INTO `Packages` VALUES (16,'google_calendar','1.0.0',1,NULL,'Google Calendar Blocks for Concrete5','2018-02-24 03:18:54','');
/*!40000 ALTER TABLE `Packages` ENABLE KEYS */;
UNLOCK TABLES;

--
-- Table structure for table `PageFeeds`
--

DROP TABLE IF EXISTS `PageFeeds`;
/*!40101 SET @saved_cs_client     = @@character_set_client */;
/*!40101 SET character_set_client = utf8 */;
CREATE TABLE `PageFeeds` (
  `customTopicAttributeKeyHandle` varchar(255) COLLATE utf8_unicode_ci DEFAULT NULL,
  `customTopicTreeNodeID` int(10) unsigned NOT NULL,
  `iconFID` int(10) unsigned NOT NULL,
  `pfDescription` varchar(255) COLLATE utf8_unicode_ci NOT NULL,
  `pfHandle` varchar(255) COLLATE utf8_unicode_ci NOT NULL,
  `pfTitle` varchar(255) COLLATE utf8_unicode_ci NOT NULL,
  `pfID` int(10) unsigned NOT NULL AUTO_INCREMENT,
  `cParentID` int(10) unsigned NOT NULL,
  `ptID` int(10) unsigned NOT NULL,
  `pfIncludeAllDescendents` tinyint(1) NOT NULL,
  `pfDisplayAliases` tinyint(1) NOT NULL,
  `pfContentToDisplay` varchar(255) COLLATE utf8_unicode_ci NOT NULL,
  `pfAreaHandleToDisplay` varchar(255) COLLATE utf8_unicode_ci DEFAULT NULL,
  `pfDisplayFeaturedOnly` tinyint(1) NOT NULL,
  PRIMARY KEY (`pfID`)
) ENGINE=InnoDB DEFAULT CHARSET=utf8 COLLATE=utf8_unicode_ci;
/*!40101 SET character_set_client = @saved_cs_client */;

--
-- Dumping data for table `PageFeeds`
--

LOCK TABLES `PageFeeds` WRITE;
/*!40000 ALTER TABLE `PageFeeds` DISABLE KEYS */;
/*!40000 ALTER TABLE `PageFeeds` ENABLE KEYS */;
UNLOCK TABLES;

--
-- Table structure for table `PagePaths`
--

DROP TABLE IF EXISTS `PagePaths`;
/*!40101 SET @saved_cs_client     = @@character_set_client */;
/*!40101 SET character_set_client = utf8 */;
CREATE TABLE `PagePaths` (
  `cPath` longtext COLLATE utf8_unicode_ci NOT NULL,
  `ppID` int(11) NOT NULL AUTO_INCREMENT,
  `cID` int(10) unsigned NOT NULL,
  `ppIsCanonical` tinyint(1) NOT NULL,
  `ppGeneratedFromURLSlugs` tinyint(1) NOT NULL,
  PRIMARY KEY (`ppID`),
  KEY `ppIsCanonical` (`ppIsCanonical`),
  KEY `cID` (`cID`)
) ENGINE=InnoDB AUTO_INCREMENT=207 DEFAULT CHARSET=utf8 COLLATE=utf8_unicode_ci;
/*!40101 SET character_set_client = @saved_cs_client */;

--
-- Dumping data for table `PagePaths`
--

LOCK TABLES `PagePaths` WRITE;
/*!40000 ALTER TABLE `PagePaths` DISABLE KEYS */;
INSERT INTO `PagePaths` VALUES ('/dashboard',1,2,1,1),('/dashboard/sitemap',2,3,1,1),('/dashboard/sitemap/full',3,4,1,1),('/dashboard/sitemap/explore',4,5,1,1),('/dashboard/sitemap/search',5,6,1,1),('/dashboard/files',6,7,1,1),('/dashboard/files/search',7,8,1,1),('/dashboard/files/attributes',8,9,1,1),('/dashboard/files/sets',9,10,1,1),('/dashboard/files/add_set',10,11,1,1),('/dashboard/users',11,12,1,1),('/dashboard/users/search',12,13,1,1),('/dashboard/users/groups',13,14,1,1),('/dashboard/users/attributes',14,15,1,1),('/dashboard/users/add',15,16,1,1),('/dashboard/users/add_group',16,17,1,1),('/dashboard/users/groups/bulkupdate',17,18,1,1),('/dashboard/users/group_sets',18,19,1,1),('/dashboard/users/points',19,20,1,1),('/dashboard/users/points/assign',20,21,1,1),('/dashboard/users/points/actions',21,22,1,1),('/dashboard/express',22,23,1,1),('/dashboard/express/entries',23,24,1,1),('/dashboard/reports',24,25,1,1),('/dashboard/reports/forms',25,26,1,1),('/dashboard/reports/forms/legacy',26,27,1,1),('/dashboard/reports/surveys',27,28,1,1),('/dashboard/reports/logs',28,29,1,1),('/dashboard/pages',29,30,1,1),('/dashboard/pages/themes',30,31,1,1),('/dashboard/pages/themes/inspect',31,32,1,1),('/dashboard/pages/types',32,33,1,1),('/dashboard/pages/types/organize',33,34,1,1),('/dashboard/pages/types/add',34,35,1,1),('/dashboard/pages/types/form',35,36,1,1),('/dashboard/pages/types/output',36,37,1,1),('/dashboard/pages/types/attributes',37,38,1,1),('/dashboard/pages/types/permissions',38,39,1,1),('/dashboard/pages/templates',39,40,1,1),('/dashboard/pages/templates/add',40,41,1,1),('/dashboard/pages/attributes',41,42,1,1),('/dashboard/pages/single',42,43,1,1),('/dashboard/pages/feeds',43,44,1,1),('/dashboard/calendar',44,45,1,1),('/dashboard/calendar/events',45,46,1,1),('/dashboard/calendar/event_list',46,47,1,1),('/dashboard/calendar/add',47,48,1,1),('/dashboard/calendar/permissions',48,49,1,1),('/dashboard/calendar/attributes',49,50,1,1),('/dashboard/conversations',50,51,1,1),('/dashboard/conversations/messages',51,52,1,1),('/dashboard/blocks',52,53,1,1),('/dashboard/blocks/stacks',53,54,1,1),('/dashboard/blocks/permissions',54,55,1,1),('/dashboard/blocks/stacks/list',55,56,1,1),('/dashboard/blocks/types',56,57,1,1),('/dashboard/extend',57,58,1,1),('/dashboard/extend/install',58,59,1,1),('/dashboard/extend/update',59,60,1,1),('/dashboard/extend/connect',60,61,1,1),('/dashboard/extend/themes',61,62,1,1),('/dashboard/extend/addons',62,63,1,1),('/dashboard/system',63,64,1,1),('/dashboard/system/basics',64,65,1,1),('/dashboard/system/basics/name',65,66,1,1),('/dashboard/system/basics/accessibility',66,67,1,1),('/dashboard/system/basics/social',67,68,1,1),('/dashboard/system/basics/icons',68,69,1,1),('/dashboard/system/basics/editor',69,70,1,1),('/dashboard/system/basics/multilingual',70,71,1,1),('/dashboard/system/basics/multilingual/update',71,72,1,1),('/dashboard/system/basics/timezone',72,73,1,1),('/dashboard/system/basics/attributes',73,74,1,1),('/dashboard/system/express',74,75,1,1),('/dashboard/system/express/entities',75,76,1,1),('/dashboard/system/express/entities/attributes',76,77,1,1),('/dashboard/system/express/entities/associations',77,78,1,1),('/dashboard/system/express/entities/forms',78,79,1,1),('/dashboard/system/express/entities/customize_search',79,80,1,1),('/dashboard/system/express/entities/order_entries',80,81,1,1),('/dashboard/system/express/entries',81,82,1,1),('/dashboard/system/multilingual',82,83,1,1),('/dashboard/system/multilingual/setup',83,84,1,1),('/dashboard/system/multilingual/copy',84,85,1,1),('/dashboard/system/multilingual/page_report',85,86,1,1),('/dashboard/system/multilingual/translate_interface',86,87,1,1),('/dashboard/system/seo',87,88,1,1),('/dashboard/system/seo/urls',88,89,1,1),('/dashboard/system/seo/bulk',89,90,1,1),('/dashboard/system/seo/codes',90,91,1,1),('/dashboard/system/seo/excluded',91,92,1,1),('/dashboard/system/seo/searchindex',92,93,1,1),('/dashboard/system/files',93,94,1,1),('/dashboard/system/files/filetypes',94,95,1,1),('/dashboard/system/files/permissions',95,96,1,1),('/dashboard/system/files/thumbnails',96,97,1,1),('/dashboard/system/files/thumbnails/options',97,98,1,1),('/dashboard/system/files/image_uploading',98,99,1,1),('/dashboard/system/files/storage',99,100,1,1),('/dashboard/system/optimization',100,101,1,1),('/dashboard/system/optimization/cache',101,102,1,1),('/dashboard/system/optimization/clearcache',102,103,1,1),('/dashboard/system/optimization/jobs',103,104,1,1),('/dashboard/system/optimization/query_log',104,105,1,1),('/dashboard/system/permissions',105,106,1,1),('/dashboard/system/permissions/site',106,107,1,1),('/dashboard/system/permissions/tasks',107,108,1,1),('/dashboard/system/permissions/users',108,109,1,1),('/dashboard/system/permissions/advanced',109,110,1,1),('/dashboard/system/permissions/workflows',110,111,1,1),('/dashboard/system/permissions/blacklist',111,112,1,1),('/dashboard/system/permissions/blacklist/range',112,113,1,1),('/dashboard/system/permissions/captcha',113,114,1,1),('/dashboard/system/permissions/antispam',114,115,1,1),('/dashboard/system/permissions/maintenance',115,116,1,1),('/dashboard/system/registration',116,117,1,1),('/dashboard/system/registration/open',117,118,1,1),('/dashboard/system/registration/postlogin',118,119,1,1),('/dashboard/system/registration/profiles',119,120,1,1),('/dashboard/system/registration/authentication',120,121,1,1),('/dashboard/system/registration/global_password_reset',121,122,1,1),('/dashboard/system/registration/notification',122,123,1,1),('/dashboard/system/mail',123,124,1,1),('/dashboard/system/mail/method',124,125,1,1),('/dashboard/system/mail/method/test',125,126,1,1),('/dashboard/system/mail/importers',126,127,1,1),('/dashboard/system/calendar',127,128,1,1),('/dashboard/system/calendar/settings',128,129,1,1),('/dashboard/system/calendar/colors',129,130,1,1),('/dashboard/system/calendar/permissions',130,131,1,1),('/dashboard/system/calendar/import',131,132,1,1),('/dashboard/system/conversations',132,133,1,1),('/dashboard/system/conversations/settings',133,134,1,1),('/dashboard/system/conversations/points',134,135,1,1),('/dashboard/system/conversations/bannedwords',135,136,1,1),('/dashboard/system/conversations/permissions',136,137,1,1),('/dashboard/system/attributes',137,138,1,1),('/dashboard/system/attributes/types',138,139,1,1),('/dashboard/system/attributes/sets',139,140,1,1),('/dashboard/system/attributes/topics',140,141,1,1),('/dashboard/system/attributes/topics/add',141,142,1,1),('/dashboard/system/environment',142,143,1,1),('/dashboard/system/environment/info',143,144,1,1),('/dashboard/system/environment/debug',144,145,1,1),('/dashboard/system/environment/logging',145,146,1,1),('/dashboard/system/environment/proxy',146,147,1,1),('/dashboard/system/environment/entities',147,148,1,1),('/dashboard/system/environment/geolocation',148,149,1,1),('/dashboard/system/update',149,150,1,1),('/dashboard/system/update/update',150,151,1,1),('/dashboard/welcome',151,152,1,1),('/dashboard/welcome/me',152,153,1,1),('/!stacks',153,154,1,1),('/!trash',154,155,1,1),('/login',155,156,1,1),('/register',156,157,1,1),('/account',157,158,1,1),('/account/edit_profile',158,159,1,1),('/account/avatar',159,160,1,1),('/account/messages',160,161,1,1),('/page_forbidden',161,162,1,1),('/download_file',162,163,1,1),('/!drafts',163,164,1,1),('/page_not_found',164,165,1,1),('/account/welcome',165,166,1,0),('/!stacks/header-navigation',167,169,1,1),('/adopt',174,176,1,1),('/foster',175,177,1,1),('/donate',176,178,1,1),('/volunteer',177,179,1,1),('/about',178,180,1,1),('/contact',179,181,1,1),('/events',180,182,1,1),('/adopt/our-process',182,184,1,1),('/adopt/greyhound-right-you',183,185,1,1),('/dashboard/calendar/google_calendar',192,194,1,1),('/dashboard/system/basics/keys',195,198,1,1),('/adopt/available_hounds',202,205,1,1),('/events/heal-hound',203,206,1,1),('/events/greyfest',204,207,1,1),('/events/calendar',205,208,1,1),('/events/member-appreciation',206,209,1,1);
/*!40000 ALTER TABLE `PagePaths` ENABLE KEYS */;
UNLOCK TABLES;

--
-- Table structure for table `PagePermissionAssignments`
--

DROP TABLE IF EXISTS `PagePermissionAssignments`;
/*!40101 SET @saved_cs_client     = @@character_set_client */;
/*!40101 SET character_set_client = utf8 */;
CREATE TABLE `PagePermissionAssignments` (
  `cID` int(10) unsigned NOT NULL DEFAULT '0',
  `pkID` int(10) unsigned NOT NULL DEFAULT '0',
  `paID` int(10) unsigned NOT NULL DEFAULT '0',
  PRIMARY KEY (`cID`,`pkID`,`paID`),
  KEY `paID` (`paID`,`pkID`),
  KEY `pkID` (`pkID`)
) ENGINE=InnoDB DEFAULT CHARSET=utf8 COLLATE=utf8_unicode_ci;
/*!40101 SET character_set_client = @saved_cs_client */;

--
-- Dumping data for table `PagePermissionAssignments`
--

LOCK TABLES `PagePermissionAssignments` WRITE;
/*!40000 ALTER TABLE `PagePermissionAssignments` DISABLE KEYS */;
INSERT INTO `PagePermissionAssignments` VALUES (1,1,79),(1,2,80),(1,3,81),(1,4,82),(1,5,83),(1,6,84),(1,7,85),(1,8,87),(1,9,88),(1,10,89),(1,11,90),(1,12,91),(1,13,92),(1,14,93),(1,15,94),(1,16,95),(1,17,96),(1,18,86),(2,1,60),(156,1,56),(157,1,57),(162,1,58),(164,1,61),(164,2,62),(164,3,63),(164,4,64),(164,5,65),(164,6,66),(164,7,67),(164,8,69),(164,9,70),(164,10,71),(164,11,72),(164,12,73),(164,13,74),(164,14,75),(164,15,76),(164,16,77),(164,17,78),(164,18,68),(165,1,59);
/*!40000 ALTER TABLE `PagePermissionAssignments` ENABLE KEYS */;
UNLOCK TABLES;

--
-- Table structure for table `PagePermissionPageTypeAccessList`
--

DROP TABLE IF EXISTS `PagePermissionPageTypeAccessList`;
/*!40101 SET @saved_cs_client     = @@character_set_client */;
/*!40101 SET character_set_client = utf8 */;
CREATE TABLE `PagePermissionPageTypeAccessList` (
  `paID` int(10) unsigned NOT NULL DEFAULT '0',
  `peID` int(10) unsigned NOT NULL DEFAULT '0',
  `permission` varchar(1) COLLATE utf8_unicode_ci NOT NULL DEFAULT '1',
  `externalLink` tinyint(1) NOT NULL DEFAULT '0',
  PRIMARY KEY (`paID`,`peID`),
  KEY `peID` (`peID`)
) ENGINE=InnoDB DEFAULT CHARSET=utf8 COLLATE=utf8_unicode_ci;
/*!40101 SET character_set_client = @saved_cs_client */;

--
-- Dumping data for table `PagePermissionPageTypeAccessList`
--

LOCK TABLES `PagePermissionPageTypeAccessList` WRITE;
/*!40000 ALTER TABLE `PagePermissionPageTypeAccessList` DISABLE KEYS */;
/*!40000 ALTER TABLE `PagePermissionPageTypeAccessList` ENABLE KEYS */;
UNLOCK TABLES;

--
-- Table structure for table `PagePermissionPageTypeAccessListCustom`
--

DROP TABLE IF EXISTS `PagePermissionPageTypeAccessListCustom`;
/*!40101 SET @saved_cs_client     = @@character_set_client */;
/*!40101 SET character_set_client = utf8 */;
CREATE TABLE `PagePermissionPageTypeAccessListCustom` (
  `paID` int(10) unsigned NOT NULL DEFAULT '0',
  `peID` int(10) unsigned NOT NULL DEFAULT '0',
  `ptID` int(10) unsigned NOT NULL DEFAULT '0',
  PRIMARY KEY (`paID`,`peID`,`ptID`),
  KEY `peID` (`peID`),
  KEY `ptID` (`ptID`)
) ENGINE=InnoDB DEFAULT CHARSET=utf8 COLLATE=utf8_unicode_ci;
/*!40101 SET character_set_client = @saved_cs_client */;

--
-- Dumping data for table `PagePermissionPageTypeAccessListCustom`
--

LOCK TABLES `PagePermissionPageTypeAccessListCustom` WRITE;
/*!40000 ALTER TABLE `PagePermissionPageTypeAccessListCustom` DISABLE KEYS */;
/*!40000 ALTER TABLE `PagePermissionPageTypeAccessListCustom` ENABLE KEYS */;
UNLOCK TABLES;

--
-- Table structure for table `PagePermissionPropertyAccessList`
--

DROP TABLE IF EXISTS `PagePermissionPropertyAccessList`;
/*!40101 SET @saved_cs_client     = @@character_set_client */;
/*!40101 SET character_set_client = utf8 */;
CREATE TABLE `PagePermissionPropertyAccessList` (
  `paID` int(10) unsigned NOT NULL DEFAULT '0',
  `peID` int(10) unsigned NOT NULL DEFAULT '0',
  `name` tinyint(1) DEFAULT '0',
  `publicDateTime` tinyint(1) DEFAULT '0',
  `uID` tinyint(1) DEFAULT '0',
  `description` tinyint(1) DEFAULT '0',
  `paths` tinyint(1) DEFAULT '0',
  `attributePermission` varchar(1) COLLATE utf8_unicode_ci NOT NULL DEFAULT '1',
  PRIMARY KEY (`paID`,`peID`),
  KEY `peID` (`peID`),
  KEY `uID` (`uID`)
) ENGINE=InnoDB DEFAULT CHARSET=utf8 COLLATE=utf8_unicode_ci;
/*!40101 SET character_set_client = @saved_cs_client */;

--
-- Dumping data for table `PagePermissionPropertyAccessList`
--

LOCK TABLES `PagePermissionPropertyAccessList` WRITE;
/*!40000 ALTER TABLE `PagePermissionPropertyAccessList` DISABLE KEYS */;
/*!40000 ALTER TABLE `PagePermissionPropertyAccessList` ENABLE KEYS */;
UNLOCK TABLES;

--
-- Table structure for table `PagePermissionPropertyAttributeAccessListCustom`
--

DROP TABLE IF EXISTS `PagePermissionPropertyAttributeAccessListCustom`;
/*!40101 SET @saved_cs_client     = @@character_set_client */;
/*!40101 SET character_set_client = utf8 */;
CREATE TABLE `PagePermissionPropertyAttributeAccessListCustom` (
  `paID` int(10) unsigned NOT NULL DEFAULT '0',
  `peID` int(10) unsigned NOT NULL DEFAULT '0',
  `akID` int(10) unsigned NOT NULL DEFAULT '0',
  PRIMARY KEY (`paID`,`peID`,`akID`),
  KEY `peID` (`peID`),
  KEY `akID` (`akID`)
) ENGINE=InnoDB DEFAULT CHARSET=utf8 COLLATE=utf8_unicode_ci;
/*!40101 SET character_set_client = @saved_cs_client */;

--
-- Dumping data for table `PagePermissionPropertyAttributeAccessListCustom`
--

LOCK TABLES `PagePermissionPropertyAttributeAccessListCustom` WRITE;
/*!40000 ALTER TABLE `PagePermissionPropertyAttributeAccessListCustom` DISABLE KEYS */;
/*!40000 ALTER TABLE `PagePermissionPropertyAttributeAccessListCustom` ENABLE KEYS */;
UNLOCK TABLES;

--
-- Table structure for table `PagePermissionThemeAccessList`
--

DROP TABLE IF EXISTS `PagePermissionThemeAccessList`;
/*!40101 SET @saved_cs_client     = @@character_set_client */;
/*!40101 SET character_set_client = utf8 */;
CREATE TABLE `PagePermissionThemeAccessList` (
  `paID` int(10) unsigned NOT NULL DEFAULT '0',
  `peID` int(10) unsigned NOT NULL DEFAULT '0',
  `permission` varchar(1) COLLATE utf8_unicode_ci NOT NULL DEFAULT '1',
  PRIMARY KEY (`paID`,`peID`),
  KEY `peID` (`peID`)
) ENGINE=InnoDB DEFAULT CHARSET=utf8 COLLATE=utf8_unicode_ci;
/*!40101 SET character_set_client = @saved_cs_client */;

--
-- Dumping data for table `PagePermissionThemeAccessList`
--

LOCK TABLES `PagePermissionThemeAccessList` WRITE;
/*!40000 ALTER TABLE `PagePermissionThemeAccessList` DISABLE KEYS */;
/*!40000 ALTER TABLE `PagePermissionThemeAccessList` ENABLE KEYS */;
UNLOCK TABLES;

--
-- Table structure for table `PagePermissionThemeAccessListCustom`
--

DROP TABLE IF EXISTS `PagePermissionThemeAccessListCustom`;
/*!40101 SET @saved_cs_client     = @@character_set_client */;
/*!40101 SET character_set_client = utf8 */;
CREATE TABLE `PagePermissionThemeAccessListCustom` (
  `paID` int(10) unsigned NOT NULL DEFAULT '0',
  `peID` int(10) unsigned NOT NULL DEFAULT '0',
  `pThemeID` int(10) unsigned NOT NULL DEFAULT '0',
  PRIMARY KEY (`paID`,`peID`,`pThemeID`),
  KEY `peID` (`peID`),
  KEY `pThemeID` (`pThemeID`)
) ENGINE=InnoDB DEFAULT CHARSET=utf8 COLLATE=utf8_unicode_ci;
/*!40101 SET character_set_client = @saved_cs_client */;

--
-- Dumping data for table `PagePermissionThemeAccessListCustom`
--

LOCK TABLES `PagePermissionThemeAccessListCustom` WRITE;
/*!40000 ALTER TABLE `PagePermissionThemeAccessListCustom` DISABLE KEYS */;
/*!40000 ALTER TABLE `PagePermissionThemeAccessListCustom` ENABLE KEYS */;
UNLOCK TABLES;

--
-- Table structure for table `PageSearchIndex`
--

DROP TABLE IF EXISTS `PageSearchIndex`;
/*!40101 SET @saved_cs_client     = @@character_set_client */;
/*!40101 SET character_set_client = utf8 */;
CREATE TABLE `PageSearchIndex` (
  `cID` int(10) unsigned NOT NULL DEFAULT '0',
  `content` longtext COLLATE utf8_unicode_ci,
  `cName` varchar(255) COLLATE utf8_unicode_ci DEFAULT NULL,
  `cDescription` text COLLATE utf8_unicode_ci,
  `cPath` text COLLATE utf8_unicode_ci,
  `cDatePublic` datetime DEFAULT NULL,
  `cDateLastIndexed` datetime DEFAULT NULL,
  `cDateLastSitemapped` datetime DEFAULT NULL,
  `cRequiresReindex` tinyint(1) DEFAULT '0',
  PRIMARY KEY (`cID`),
  KEY `cDateLastIndexed` (`cDateLastIndexed`),
  KEY `cDateLastSitemapped` (`cDateLastSitemapped`),
  KEY `cRequiresReindex` (`cRequiresReindex`),
  FULLTEXT KEY `cName` (`cName`),
  FULLTEXT KEY `cDescription` (`cDescription`),
  FULLTEXT KEY `content` (`content`),
  FULLTEXT KEY `content2` (`cName`,`cDescription`,`content`)
) ENGINE=MyISAM DEFAULT CHARSET=utf8 COLLATE=utf8_unicode_ci;
/*!40101 SET character_set_client = @saved_cs_client */;

--
-- Dumping data for table `PageSearchIndex`
--

LOCK TABLES `PageSearchIndex` WRITE;
/*!40000 ALTER TABLE `PageSearchIndex` DISABLE KEYS */;
INSERT INTO `PageSearchIndex` VALUES (153,'','Waiting for Me',NULL,'/dashboard/welcome/me','2018-02-07 03:03:20','2018-02-07 03:03:23',NULL,0),(1,'Volunteer  We would add a tagline here. \r\n Donate  We would add a tagline here. \r\n Adopt  We would add a tagline here. \r\n ','Home','',NULL,'2018-02-07 03:03:00','2018-07-04 17:59:54',NULL,0),(176,'','Adopt','','/adopt','2018-02-07 03:10:03','2018-02-07 03:17:41',NULL,0),(177,'','Foster','','/foster','2018-02-07 03:10:14','2018-02-07 03:17:41',NULL,0),(178,'','Donate','','/donate','2018-02-07 03:10:00','2018-07-04 19:10:06',NULL,0),(179,'','Volunteer','','/volunteer','2018-02-07 03:10:39','2018-02-07 03:17:41',NULL,0),(180,'','About','','/about','2018-02-07 03:10:55','2018-02-07 03:17:41',NULL,0),(181,'','Contact','','/contact','2018-02-07 03:11:04','2018-02-07 03:17:41',NULL,0),(182,'','Events','','/events','2018-02-07 03:11:46','2018-02-07 03:17:41',NULL,0),(184,'','Our Process','','/adopt/our-process','2018-02-07 03:14:23','2018-02-07 03:17:41',NULL,0),(185,'','Is a Greyhound right for You?','','/adopt/greyhound-right-you','2018-02-07 03:14:48','2018-02-07 03:17:41',NULL,0),(198,'','Keys & IDs','','/dashboard/system/basics/keys','2018-03-24 18:23:00','2018-03-24 18:24:11',NULL,0),(169,'','Header Navigation',NULL,'/!stacks/header-navigation','2018-02-07 03:04:29','2018-02-07 03:18:10',NULL,0),(206,'','Heal A Hound Dinner','','/events/heal-hound','2018-03-25 19:48:00','2018-03-25 19:50:37',NULL,0),(207,'','Greyfest','','/events/greyfest','2018-03-25 19:48:51','2018-03-25 19:50:37',NULL,0),(208,'','Calendar','','/events/calendar','2018-03-25 19:49:03','2018-07-04 19:42:14',NULL,0),(209,'','Member Appreciation','','/events/member-appreciation','2018-03-25 19:49:18','2018-03-25 19:50:37',NULL,0);
/*!40000 ALTER TABLE `PageSearchIndex` ENABLE KEYS */;
UNLOCK TABLES;

--
-- Table structure for table `PageTemplates`
--

DROP TABLE IF EXISTS `PageTemplates`;
/*!40101 SET @saved_cs_client     = @@character_set_client */;
/*!40101 SET character_set_client = utf8 */;
CREATE TABLE `PageTemplates` (
  `pTemplateID` int(11) NOT NULL AUTO_INCREMENT,
  `pTemplateHandle` varchar(255) COLLATE utf8_unicode_ci NOT NULL,
  `pTemplateIcon` varchar(255) COLLATE utf8_unicode_ci NOT NULL,
  `pTemplateName` varchar(255) COLLATE utf8_unicode_ci NOT NULL,
  `pTemplateIsInternal` tinyint(1) NOT NULL,
  `pkgID` int(11) NOT NULL,
  PRIMARY KEY (`pTemplateID`)
) ENGINE=InnoDB AUTO_INCREMENT=6 DEFAULT CHARSET=utf8 COLLATE=utf8_unicode_ci;
/*!40101 SET character_set_client = @saved_cs_client */;

--
-- Dumping data for table `PageTemplates`
--

LOCK TABLES `PageTemplates` WRITE;
/*!40000 ALTER TABLE `PageTemplates` DISABLE KEYS */;
INSERT INTO `PageTemplates` VALUES (1,'core_stack','','Stack',1,0),(2,'desktop','','Desktop',1,0),(3,'dashboard_full','','Dashboard Full',1,0),(4,'full','full.png','Full',0,0),(5,'home','full.png','Home',0,0);
/*!40000 ALTER TABLE `PageTemplates` ENABLE KEYS */;
UNLOCK TABLES;

--
-- Table structure for table `PageThemeCustomStyles`
--

DROP TABLE IF EXISTS `PageThemeCustomStyles`;
/*!40101 SET @saved_cs_client     = @@character_set_client */;
/*!40101 SET character_set_client = utf8 */;
CREATE TABLE `PageThemeCustomStyles` (
  `pThemeID` int(10) unsigned NOT NULL DEFAULT '0',
  `scvlID` int(10) unsigned DEFAULT '0',
  `preset` varchar(255) COLLATE utf8_unicode_ci DEFAULT NULL,
  `sccRecordID` int(10) unsigned DEFAULT '0',
  PRIMARY KEY (`pThemeID`),
  KEY `scvlID` (`scvlID`),
  KEY `sccRecordID` (`sccRecordID`)
) ENGINE=InnoDB DEFAULT CHARSET=utf8 COLLATE=utf8_unicode_ci;
/*!40101 SET character_set_client = @saved_cs_client */;

--
-- Dumping data for table `PageThemeCustomStyles`
--

LOCK TABLES `PageThemeCustomStyles` WRITE;
/*!40000 ALTER TABLE `PageThemeCustomStyles` DISABLE KEYS */;
/*!40000 ALTER TABLE `PageThemeCustomStyles` ENABLE KEYS */;
UNLOCK TABLES;

--
-- Table structure for table `PageThemes`
--

DROP TABLE IF EXISTS `PageThemes`;
/*!40101 SET @saved_cs_client     = @@character_set_client */;
/*!40101 SET character_set_client = utf8 */;
CREATE TABLE `PageThemes` (
  `pThemeID` int(10) unsigned NOT NULL AUTO_INCREMENT,
  `pThemeHandle` varchar(64) COLLATE utf8_unicode_ci NOT NULL,
  `pThemeName` varchar(255) COLLATE utf8_unicode_ci DEFAULT NULL,
  `pThemeDescription` text COLLATE utf8_unicode_ci,
  `pkgID` int(10) unsigned NOT NULL DEFAULT '0',
  `pThemeHasCustomClass` tinyint(1) NOT NULL DEFAULT '0',
  PRIMARY KEY (`pThemeID`),
  UNIQUE KEY `ptHandle` (`pThemeHandle`),
  KEY `pkgID` (`pkgID`)
) ENGINE=InnoDB AUTO_INCREMENT=3 DEFAULT CHARSET=utf8 COLLATE=utf8_unicode_ci;
/*!40101 SET character_set_client = @saved_cs_client */;

--
-- Dumping data for table `PageThemes`
--

LOCK TABLES `PageThemes` WRITE;
/*!40000 ALTER TABLE `PageThemes` DISABLE KEYS */;
INSERT INTO `PageThemes` VALUES (1,'elemental','Elemental','Elegant, spacious theme with support for blogs, portfolios, layouts and more.',0,1),(2,'gpa','GPA MN','Theme designed for Greyhound Pets of America, Minnesota',0,1);
/*!40000 ALTER TABLE `PageThemes` ENABLE KEYS */;
UNLOCK TABLES;

--
-- Table structure for table `PageTypeComposerControlTypes`
--

DROP TABLE IF EXISTS `PageTypeComposerControlTypes`;
/*!40101 SET @saved_cs_client     = @@character_set_client */;
/*!40101 SET character_set_client = utf8 */;
CREATE TABLE `PageTypeComposerControlTypes` (
  `ptComposerControlTypeID` int(10) unsigned NOT NULL AUTO_INCREMENT,
  `ptComposerControlTypeHandle` varchar(255) COLLATE utf8_unicode_ci DEFAULT NULL,
  `ptComposerControlTypeName` varchar(255) COLLATE utf8_unicode_ci DEFAULT NULL,
  `pkgID` int(10) unsigned NOT NULL DEFAULT '0',
  PRIMARY KEY (`ptComposerControlTypeID`),
  UNIQUE KEY `ptComposerControlTypeHandle` (`ptComposerControlTypeHandle`),
  KEY `pkgID` (`pkgID`)
) ENGINE=InnoDB AUTO_INCREMENT=4 DEFAULT CHARSET=utf8 COLLATE=utf8_unicode_ci;
/*!40101 SET character_set_client = @saved_cs_client */;

--
-- Dumping data for table `PageTypeComposerControlTypes`
--

LOCK TABLES `PageTypeComposerControlTypes` WRITE;
/*!40000 ALTER TABLE `PageTypeComposerControlTypes` DISABLE KEYS */;
INSERT INTO `PageTypeComposerControlTypes` VALUES (1,'core_page_property','Built-In Property',0),(2,'collection_attribute','Custom Attribute',0),(3,'block','Block',0);
/*!40000 ALTER TABLE `PageTypeComposerControlTypes` ENABLE KEYS */;
UNLOCK TABLES;

--
-- Table structure for table `PageTypeComposerFormLayoutSetControls`
--

DROP TABLE IF EXISTS `PageTypeComposerFormLayoutSetControls`;
/*!40101 SET @saved_cs_client     = @@character_set_client */;
/*!40101 SET character_set_client = utf8 */;
CREATE TABLE `PageTypeComposerFormLayoutSetControls` (
  `ptComposerFormLayoutSetControlID` int(10) unsigned NOT NULL AUTO_INCREMENT,
  `ptComposerFormLayoutSetID` int(10) unsigned DEFAULT '0',
  `ptComposerControlTypeID` int(10) unsigned DEFAULT '0',
  `ptComposerControlObject` longtext COLLATE utf8_unicode_ci,
  `ptComposerFormLayoutSetControlDisplayOrder` int(10) unsigned DEFAULT '0',
  `ptComposerFormLayoutSetControlCustomLabel` varchar(255) COLLATE utf8_unicode_ci DEFAULT NULL,
  `ptComposerFormLayoutSetControlCustomTemplate` varchar(255) COLLATE utf8_unicode_ci DEFAULT NULL,
  `ptComposerFormLayoutSetControlDescription` varchar(255) COLLATE utf8_unicode_ci DEFAULT NULL,
  `ptComposerFormLayoutSetControlRequired` int(11) DEFAULT '0',
  PRIMARY KEY (`ptComposerFormLayoutSetControlID`),
  KEY `ptComposerControlTypeID` (`ptComposerControlTypeID`)
) ENGINE=InnoDB AUTO_INCREMENT=8 DEFAULT CHARSET=utf8 COLLATE=utf8_unicode_ci;
/*!40101 SET character_set_client = @saved_cs_client */;

--
-- Dumping data for table `PageTypeComposerFormLayoutSetControls`
--

LOCK TABLES `PageTypeComposerFormLayoutSetControls` WRITE;
/*!40000 ALTER TABLE `PageTypeComposerFormLayoutSetControls` DISABLE KEYS */;
INSERT INTO `PageTypeComposerFormLayoutSetControls` VALUES (1,1,1,'O:78:\"Concrete\\Core\\Page\\Type\\Composer\\Control\\CorePageProperty\\NameCorePageProperty\":12:{s:37:\"\0*\0ptComposerControlRequiredByDefault\";b:1;s:17:\"\0*\0propertyHandle\";s:4:\"name\";s:30:\"\0*\0ptComposerControlTypeHandle\";s:18:\"core_page_property\";s:30:\"\0*\0ptComposerControlIdentifier\";s:4:\"name\";s:24:\"\0*\0ptComposerControlName\";N;s:27:\"\0*\0ptComposerControlIconSRC\";N;s:33:\"\0*\0ptComposerControlIconFormatter\";O:48:\"Concrete\\Core\\Attribute\\FontAwesomeIconFormatter\":1:{s:7:\"\0*\0icon\";s:9:\"file-text\";}s:20:\"\0*\0ptComposerControl\";N;s:41:\"\0*\0ptComposerControlRequiredOnThisRequest\";b:0;s:31:\"\0*\0ptComposerControlCustomLabel\";N;s:31:\"\0*\0ptComposerControlDescription\";N;s:5:\"error\";s:0:\"\";}',0,'Page Name',NULL,NULL,1),(2,1,1,'O:85:\"Concrete\\Core\\Page\\Type\\Composer\\Control\\CorePageProperty\\DescriptionCorePageProperty\":12:{s:17:\"\0*\0propertyHandle\";s:11:\"description\";s:30:\"\0*\0ptComposerControlTypeHandle\";s:18:\"core_page_property\";s:30:\"\0*\0ptComposerControlIdentifier\";s:11:\"description\";s:24:\"\0*\0ptComposerControlName\";N;s:27:\"\0*\0ptComposerControlIconSRC\";N;s:33:\"\0*\0ptComposerControlIconFormatter\";O:48:\"Concrete\\Core\\Attribute\\FontAwesomeIconFormatter\":1:{s:7:\"\0*\0icon\";s:4:\"font\";}s:20:\"\0*\0ptComposerControl\";N;s:37:\"\0*\0ptComposerControlRequiredByDefault\";b:0;s:41:\"\0*\0ptComposerControlRequiredOnThisRequest\";b:0;s:31:\"\0*\0ptComposerControlCustomLabel\";N;s:31:\"\0*\0ptComposerControlDescription\";N;s:5:\"error\";s:0:\"\";}',1,NULL,NULL,NULL,0),(3,1,1,'O:81:\"Concrete\\Core\\Page\\Type\\Composer\\Control\\CorePageProperty\\UrlSlugCorePageProperty\":12:{s:17:\"\0*\0propertyHandle\";s:8:\"url_slug\";s:30:\"\0*\0ptComposerControlTypeHandle\";s:18:\"core_page_property\";s:30:\"\0*\0ptComposerControlIdentifier\";s:8:\"url_slug\";s:24:\"\0*\0ptComposerControlName\";N;s:27:\"\0*\0ptComposerControlIconSRC\";N;s:33:\"\0*\0ptComposerControlIconFormatter\";O:48:\"Concrete\\Core\\Attribute\\FontAwesomeIconFormatter\":1:{s:7:\"\0*\0icon\";s:9:\"file-text\";}s:20:\"\0*\0ptComposerControl\";N;s:37:\"\0*\0ptComposerControlRequiredByDefault\";b:0;s:41:\"\0*\0ptComposerControlRequiredOnThisRequest\";b:0;s:31:\"\0*\0ptComposerControlCustomLabel\";N;s:31:\"\0*\0ptComposerControlDescription\";N;s:5:\"error\";s:0:\"\";}',3,NULL,NULL,NULL,0),(4,1,1,'O:86:\"Concrete\\Core\\Page\\Type\\Composer\\Control\\CorePageProperty\\PageTemplateCorePageProperty\":12:{s:17:\"\0*\0propertyHandle\";s:13:\"page_template\";s:30:\"\0*\0ptComposerControlTypeHandle\";s:18:\"core_page_property\";s:30:\"\0*\0ptComposerControlIdentifier\";s:13:\"page_template\";s:24:\"\0*\0ptComposerControlName\";N;s:27:\"\0*\0ptComposerControlIconSRC\";N;s:33:\"\0*\0ptComposerControlIconFormatter\";O:48:\"Concrete\\Core\\Attribute\\FontAwesomeIconFormatter\":1:{s:7:\"\0*\0icon\";s:8:\"list-alt\";}s:20:\"\0*\0ptComposerControl\";N;s:37:\"\0*\0ptComposerControlRequiredByDefault\";b:0;s:41:\"\0*\0ptComposerControlRequiredOnThisRequest\";b:0;s:31:\"\0*\0ptComposerControlCustomLabel\";N;s:31:\"\0*\0ptComposerControlDescription\";N;s:5:\"error\";s:0:\"\";}',4,NULL,NULL,NULL,0),(5,1,1,'O:87:\"Concrete\\Core\\Page\\Type\\Composer\\Control\\CorePageProperty\\PublishTargetCorePageProperty\":12:{s:17:\"\0*\0propertyHandle\";s:14:\"publish_target\";s:30:\"\0*\0ptComposerControlTypeHandle\";s:18:\"core_page_property\";s:30:\"\0*\0ptComposerControlIdentifier\";s:14:\"publish_target\";s:24:\"\0*\0ptComposerControlName\";N;s:27:\"\0*\0ptComposerControlIconSRC\";N;s:33:\"\0*\0ptComposerControlIconFormatter\";O:48:\"Concrete\\Core\\Attribute\\FontAwesomeIconFormatter\":1:{s:7:\"\0*\0icon\";s:8:\"download\";}s:20:\"\0*\0ptComposerControl\";N;s:37:\"\0*\0ptComposerControlRequiredByDefault\";b:0;s:41:\"\0*\0ptComposerControlRequiredOnThisRequest\";b:0;s:31:\"\0*\0ptComposerControlCustomLabel\";N;s:31:\"\0*\0ptComposerControlDescription\";N;s:5:\"error\";s:0:\"\";}',5,NULL,NULL,NULL,0),(6,2,3,'O:53:\"Concrete\\Core\\Page\\Type\\Composer\\Control\\BlockControl\":15:{s:7:\"\0*\0btID\";i:14;s:30:\"\0*\0ptComposerControlTypeHandle\";s:5:\"block\";s:5:\"\0*\0bt\";b:0;s:4:\"\0*\0b\";b:0;s:13:\"\0*\0controller\";N;s:30:\"\0*\0ptComposerControlIdentifier\";i:14;s:24:\"\0*\0ptComposerControlName\";s:7:\"Content\";s:27:\"\0*\0ptComposerControlIconSRC\";s:33:\"/concrete/blocks/content/icon.png\";s:33:\"\0*\0ptComposerControlIconFormatter\";N;s:20:\"\0*\0ptComposerControl\";N;s:37:\"\0*\0ptComposerControlRequiredByDefault\";b:0;s:41:\"\0*\0ptComposerControlRequiredOnThisRequest\";b:0;s:31:\"\0*\0ptComposerControlCustomLabel\";N;s:31:\"\0*\0ptComposerControlDescription\";N;s:5:\"error\";s:0:\"\";}',0,'Body',NULL,NULL,0),(7,1,2,'O:67:\"Concrete\\Core\\Page\\Type\\Composer\\Control\\CollectionAttributeControl\":1:{s:7:\"\0*\0akID\";i:20;}',2,NULL,NULL,NULL,0);
/*!40000 ALTER TABLE `PageTypeComposerFormLayoutSetControls` ENABLE KEYS */;
UNLOCK TABLES;

--
-- Table structure for table `PageTypeComposerFormLayoutSets`
--

DROP TABLE IF EXISTS `PageTypeComposerFormLayoutSets`;
/*!40101 SET @saved_cs_client     = @@character_set_client */;
/*!40101 SET character_set_client = utf8 */;
CREATE TABLE `PageTypeComposerFormLayoutSets` (
  `ptComposerFormLayoutSetID` int(10) unsigned NOT NULL AUTO_INCREMENT,
  `ptID` int(10) unsigned DEFAULT '0',
  `ptComposerFormLayoutSetName` varchar(255) COLLATE utf8_unicode_ci DEFAULT NULL,
  `ptComposerFormLayoutSetDescription` text COLLATE utf8_unicode_ci,
  `ptComposerFormLayoutSetDisplayOrder` int(10) unsigned DEFAULT '0',
  PRIMARY KEY (`ptComposerFormLayoutSetID`),
  KEY `ptID` (`ptID`)
) ENGINE=InnoDB AUTO_INCREMENT=3 DEFAULT CHARSET=utf8 COLLATE=utf8_unicode_ci;
/*!40101 SET character_set_client = @saved_cs_client */;

--
-- Dumping data for table `PageTypeComposerFormLayoutSets`
--

LOCK TABLES `PageTypeComposerFormLayoutSets` WRITE;
/*!40000 ALTER TABLE `PageTypeComposerFormLayoutSets` DISABLE KEYS */;
INSERT INTO `PageTypeComposerFormLayoutSets` VALUES (1,5,'Basics','',0),(2,5,'Content','',1);
/*!40000 ALTER TABLE `PageTypeComposerFormLayoutSets` ENABLE KEYS */;
UNLOCK TABLES;

--
-- Table structure for table `PageTypeComposerOutputBlocks`
--

DROP TABLE IF EXISTS `PageTypeComposerOutputBlocks`;
/*!40101 SET @saved_cs_client     = @@character_set_client */;
/*!40101 SET character_set_client = utf8 */;
CREATE TABLE `PageTypeComposerOutputBlocks` (
  `ptComposerOutputBlockID` int(10) unsigned NOT NULL AUTO_INCREMENT,
  `cID` int(10) unsigned NOT NULL DEFAULT '0',
  `cvID` int(10) unsigned NOT NULL DEFAULT '0',
  `arHandle` varchar(255) COLLATE utf8_unicode_ci DEFAULT NULL,
  `cbDisplayOrder` int(10) unsigned DEFAULT '0',
  `ptComposerFormLayoutSetControlID` int(10) unsigned NOT NULL DEFAULT '0',
  `bID` int(10) unsigned DEFAULT '0',
  PRIMARY KEY (`ptComposerOutputBlockID`),
  KEY `cID` (`cID`),
  KEY `bID` (`bID`,`cID`),
  KEY `ptComposerFormLayoutSetControlID` (`ptComposerFormLayoutSetControlID`)
) ENGINE=InnoDB AUTO_INCREMENT=33 DEFAULT CHARSET=utf8 COLLATE=utf8_unicode_ci;
/*!40101 SET character_set_client = @saved_cs_client */;

--
-- Dumping data for table `PageTypeComposerOutputBlocks`
--

LOCK TABLES `PageTypeComposerOutputBlocks` WRITE;
/*!40000 ALTER TABLE `PageTypeComposerOutputBlocks` DISABLE KEYS */;
INSERT INTO `PageTypeComposerOutputBlocks` VALUES (2,176,1,'Main',0,6,18),(4,177,1,'Main',0,6,20),(6,178,1,'Main',0,6,22),(8,179,1,'Main',0,6,24),(10,180,1,'Main',0,6,26),(12,181,1,'Main',0,6,28),(14,182,1,'Main',0,6,30),(18,184,1,'Main',0,6,34),(20,185,1,'Main',0,6,36),(24,178,5,'Main',0,6,54),(26,206,1,'Main',0,6,59),(28,207,1,'Main',0,6,61),(30,208,1,'Main',0,6,63),(32,209,1,'Main',0,6,65);
/*!40000 ALTER TABLE `PageTypeComposerOutputBlocks` ENABLE KEYS */;
UNLOCK TABLES;

--
-- Table structure for table `PageTypeComposerOutputControls`
--

DROP TABLE IF EXISTS `PageTypeComposerOutputControls`;
/*!40101 SET @saved_cs_client     = @@character_set_client */;
/*!40101 SET character_set_client = utf8 */;
CREATE TABLE `PageTypeComposerOutputControls` (
  `ptComposerOutputControlID` int(10) unsigned NOT NULL AUTO_INCREMENT,
  `pTemplateID` int(10) unsigned DEFAULT '0',
  `ptID` int(10) unsigned DEFAULT '0',
  `ptComposerFormLayoutSetControlID` int(10) unsigned DEFAULT '0',
  PRIMARY KEY (`ptComposerOutputControlID`),
  KEY `pTemplateID` (`pTemplateID`,`ptComposerFormLayoutSetControlID`),
  KEY `ptID` (`ptID`),
  KEY `ptComposerFormLayoutSetControlID` (`ptComposerFormLayoutSetControlID`)
) ENGINE=InnoDB AUTO_INCREMENT=3 DEFAULT CHARSET=utf8 COLLATE=utf8_unicode_ci;
/*!40101 SET character_set_client = @saved_cs_client */;

--
-- Dumping data for table `PageTypeComposerOutputControls`
--

LOCK TABLES `PageTypeComposerOutputControls` WRITE;
/*!40000 ALTER TABLE `PageTypeComposerOutputControls` DISABLE KEYS */;
INSERT INTO `PageTypeComposerOutputControls` VALUES (1,4,5,6),(2,5,5,6);
/*!40000 ALTER TABLE `PageTypeComposerOutputControls` ENABLE KEYS */;
UNLOCK TABLES;

--
-- Table structure for table `PageTypePageTemplateDefaultPages`
--

DROP TABLE IF EXISTS `PageTypePageTemplateDefaultPages`;
/*!40101 SET @saved_cs_client     = @@character_set_client */;
/*!40101 SET character_set_client = utf8 */;
CREATE TABLE `PageTypePageTemplateDefaultPages` (
  `pTemplateID` int(10) unsigned NOT NULL DEFAULT '0',
  `ptID` int(10) unsigned NOT NULL DEFAULT '0',
  `cID` int(10) unsigned DEFAULT '0',
  PRIMARY KEY (`pTemplateID`,`ptID`),
  KEY `ptID` (`ptID`),
  KEY `cID` (`cID`)
) ENGINE=InnoDB DEFAULT CHARSET=utf8 COLLATE=utf8_unicode_ci;
/*!40101 SET character_set_client = @saved_cs_client */;

--
-- Dumping data for table `PageTypePageTemplateDefaultPages`
--

LOCK TABLES `PageTypePageTemplateDefaultPages` WRITE;
/*!40000 ALTER TABLE `PageTypePageTemplateDefaultPages` DISABLE KEYS */;
INSERT INTO `PageTypePageTemplateDefaultPages` VALUES (4,5,167),(5,5,195);
/*!40000 ALTER TABLE `PageTypePageTemplateDefaultPages` ENABLE KEYS */;
UNLOCK TABLES;

--
-- Table structure for table `PageTypePageTemplates`
--

DROP TABLE IF EXISTS `PageTypePageTemplates`;
/*!40101 SET @saved_cs_client     = @@character_set_client */;
/*!40101 SET character_set_client = utf8 */;
CREATE TABLE `PageTypePageTemplates` (
  `ptID` int(10) unsigned NOT NULL DEFAULT '0',
  `pTemplateID` int(10) unsigned NOT NULL DEFAULT '0',
  PRIMARY KEY (`ptID`,`pTemplateID`),
  KEY `pTemplateID` (`pTemplateID`)
) ENGINE=InnoDB DEFAULT CHARSET=utf8 COLLATE=utf8_unicode_ci;
/*!40101 SET character_set_client = @saved_cs_client */;

--
-- Dumping data for table `PageTypePageTemplates`
--

LOCK TABLES `PageTypePageTemplates` WRITE;
/*!40000 ALTER TABLE `PageTypePageTemplates` DISABLE KEYS */;
/*!40000 ALTER TABLE `PageTypePageTemplates` ENABLE KEYS */;
UNLOCK TABLES;

--
-- Table structure for table `PageTypePermissionAssignments`
--

DROP TABLE IF EXISTS `PageTypePermissionAssignments`;
/*!40101 SET @saved_cs_client     = @@character_set_client */;
/*!40101 SET character_set_client = utf8 */;
CREATE TABLE `PageTypePermissionAssignments` (
  `ptID` int(10) unsigned NOT NULL DEFAULT '0',
  `pkID` int(10) unsigned NOT NULL DEFAULT '0',
  `paID` int(10) unsigned NOT NULL DEFAULT '0',
  PRIMARY KEY (`ptID`,`pkID`,`paID`),
  KEY `pkID` (`pkID`),
  KEY `ptID` (`ptID`)
) ENGINE=InnoDB DEFAULT CHARSET=utf8 COLLATE=utf8_unicode_ci;
/*!40101 SET character_set_client = @saved_cs_client */;

--
-- Dumping data for table `PageTypePermissionAssignments`
--

LOCK TABLES `PageTypePermissionAssignments` WRITE;
/*!40000 ALTER TABLE `PageTypePermissionAssignments` DISABLE KEYS */;
INSERT INTO `PageTypePermissionAssignments` VALUES (1,60,17),(1,61,17),(1,62,17),(1,63,17),(1,64,39),(2,60,17),(2,61,17),(2,62,17),(2,63,17),(2,64,40),(3,60,17),(3,61,17),(3,62,17),(3,63,17),(3,64,41),(4,60,17),(4,61,17),(4,62,17),(4,63,17),(4,64,42),(5,60,17),(5,61,17),(5,62,17),(5,63,17),(5,64,44);
/*!40000 ALTER TABLE `PageTypePermissionAssignments` ENABLE KEYS */;
UNLOCK TABLES;

--
-- Table structure for table `PageTypePublishTargetTypes`
--

DROP TABLE IF EXISTS `PageTypePublishTargetTypes`;
/*!40101 SET @saved_cs_client     = @@character_set_client */;
/*!40101 SET character_set_client = utf8 */;
CREATE TABLE `PageTypePublishTargetTypes` (
  `ptPublishTargetTypeID` int(10) unsigned NOT NULL AUTO_INCREMENT,
  `ptPublishTargetTypeHandle` varchar(255) COLLATE utf8_unicode_ci DEFAULT NULL,
  `ptPublishTargetTypeName` varchar(255) COLLATE utf8_unicode_ci DEFAULT NULL,
  `pkgID` int(10) unsigned NOT NULL DEFAULT '0',
  PRIMARY KEY (`ptPublishTargetTypeID`),
  KEY `ptPublishTargetTypeHandle` (`ptPublishTargetTypeHandle`),
  KEY `pkgID` (`pkgID`)
) ENGINE=InnoDB AUTO_INCREMENT=4 DEFAULT CHARSET=utf8 COLLATE=utf8_unicode_ci;
/*!40101 SET character_set_client = @saved_cs_client */;

--
-- Dumping data for table `PageTypePublishTargetTypes`
--

LOCK TABLES `PageTypePublishTargetTypes` WRITE;
/*!40000 ALTER TABLE `PageTypePublishTargetTypes` DISABLE KEYS */;
INSERT INTO `PageTypePublishTargetTypes` VALUES (1,'parent_page','Always publish below a certain page',0),(2,'page_type','Choose from pages of a certain type',0),(3,'all','Choose from all pages when publishing',0);
/*!40000 ALTER TABLE `PageTypePublishTargetTypes` ENABLE KEYS */;
UNLOCK TABLES;

--
-- Table structure for table `PageTypes`
--

DROP TABLE IF EXISTS `PageTypes`;
/*!40101 SET @saved_cs_client     = @@character_set_client */;
/*!40101 SET character_set_client = utf8 */;
CREATE TABLE `PageTypes` (
  `ptID` int(10) unsigned NOT NULL AUTO_INCREMENT,
  `ptName` varchar(255) COLLATE utf8_unicode_ci NOT NULL,
  `ptHandle` varchar(128) COLLATE utf8_unicode_ci NOT NULL,
  `ptPublishTargetTypeID` int(10) unsigned DEFAULT NULL,
  `ptDefaultPageTemplateID` int(10) unsigned DEFAULT NULL,
  `ptAllowedPageTemplates` varchar(1) COLLATE utf8_unicode_ci DEFAULT 'A',
  `ptIsInternal` tinyint(1) NOT NULL DEFAULT '0',
  `ptIsFrequentlyAdded` tinyint(1) NOT NULL DEFAULT '1',
  `ptDisplayOrder` int(10) unsigned DEFAULT NULL,
  `ptLaunchInComposer` tinyint(1) NOT NULL DEFAULT '0',
  `pkgID` int(10) unsigned NOT NULL DEFAULT '0',
  `ptPublishTargetObject` longtext COLLATE utf8_unicode_ci,
  `siteTypeID` int(10) unsigned DEFAULT '0',
  PRIMARY KEY (`ptID`),
  UNIQUE KEY `ptHandle` (`ptHandle`),
  KEY `siteTypeID` (`siteTypeID`),
  KEY `pkgID` (`pkgID`,`ptID`)
) ENGINE=InnoDB AUTO_INCREMENT=6 DEFAULT CHARSET=utf8 COLLATE=utf8_unicode_ci;
/*!40101 SET character_set_client = @saved_cs_client */;

--
-- Dumping data for table `PageTypes`
--

LOCK TABLES `PageTypes` WRITE;
/*!40000 ALTER TABLE `PageTypes` DISABLE KEYS */;
INSERT INTO `PageTypes` VALUES (1,'Stack','core_stack',3,0,'A',1,0,0,0,0,'O:68:\"Concrete\\Core\\Page\\Type\\PublishTarget\\Configuration\\AllConfiguration\":7:{s:21:\"\0*\0selectorFormFactor\";N;s:22:\"\0*\0startingPointPageID\";N;s:5:\"error\";s:0:\"\";s:21:\"ptPublishTargetTypeID\";s:1:\"3\";s:25:\"ptPublishTargetTypeHandle\";s:3:\"all\";s:9:\"pkgHandle\";b:0;s:17:\"startingPointPage\";N;}',1),(2,'Stack Category','core_stack_category',3,0,'A',1,0,1,0,0,'O:68:\"Concrete\\Core\\Page\\Type\\PublishTarget\\Configuration\\AllConfiguration\":7:{s:21:\"\0*\0selectorFormFactor\";N;s:22:\"\0*\0startingPointPageID\";N;s:5:\"error\";s:0:\"\";s:21:\"ptPublishTargetTypeID\";s:1:\"3\";s:25:\"ptPublishTargetTypeHandle\";s:3:\"all\";s:9:\"pkgHandle\";b:0;s:17:\"startingPointPage\";N;}',1),(3,'Desktop','core_desktop',3,0,'A',1,0,2,0,0,'O:68:\"Concrete\\Core\\Page\\Type\\PublishTarget\\Configuration\\AllConfiguration\":7:{s:21:\"\0*\0selectorFormFactor\";N;s:22:\"\0*\0startingPointPageID\";N;s:5:\"error\";s:0:\"\";s:21:\"ptPublishTargetTypeID\";s:1:\"3\";s:25:\"ptPublishTargetTypeHandle\";s:3:\"all\";s:9:\"pkgHandle\";b:0;s:17:\"startingPointPage\";N;}',1),(4,'Dashboard Full','dashboard_full',3,0,'A',1,0,3,0,0,'O:68:\"Concrete\\Core\\Page\\Type\\PublishTarget\\Configuration\\AllConfiguration\":7:{s:21:\"\0*\0selectorFormFactor\";N;s:22:\"\0*\0startingPointPageID\";N;s:5:\"error\";s:0:\"\";s:21:\"ptPublishTargetTypeID\";s:1:\"3\";s:25:\"ptPublishTargetTypeHandle\";s:3:\"all\";s:9:\"pkgHandle\";b:0;s:17:\"startingPointPage\";N;}',1),(5,'Page','page',3,4,'A',0,1,0,0,0,'O:68:\"Concrete\\Core\\Page\\Type\\PublishTarget\\Configuration\\AllConfiguration\":6:{s:21:\"\0*\0selectorFormFactor\";N;s:22:\"\0*\0startingPointPageID\";N;s:5:\"error\";s:0:\"\";s:21:\"ptPublishTargetTypeID\";s:1:\"3\";s:25:\"ptPublishTargetTypeHandle\";s:3:\"all\";s:9:\"pkgHandle\";b:0;}',1);
/*!40000 ALTER TABLE `PageTypes` ENABLE KEYS */;
UNLOCK TABLES;

--
-- Table structure for table `PageWorkflowProgress`
--

DROP TABLE IF EXISTS `PageWorkflowProgress`;
/*!40101 SET @saved_cs_client     = @@character_set_client */;
/*!40101 SET character_set_client = utf8 */;
CREATE TABLE `PageWorkflowProgress` (
  `cID` int(10) unsigned NOT NULL DEFAULT '0',
  `wpID` int(10) unsigned NOT NULL DEFAULT '0',
  PRIMARY KEY (`cID`,`wpID`),
  KEY `wpID` (`wpID`)
) ENGINE=InnoDB DEFAULT CHARSET=utf8 COLLATE=utf8_unicode_ci;
/*!40101 SET character_set_client = @saved_cs_client */;

--
-- Dumping data for table `PageWorkflowProgress`
--

LOCK TABLES `PageWorkflowProgress` WRITE;
/*!40000 ALTER TABLE `PageWorkflowProgress` DISABLE KEYS */;
/*!40000 ALTER TABLE `PageWorkflowProgress` ENABLE KEYS */;
UNLOCK TABLES;

--
-- Table structure for table `Pages`
--

DROP TABLE IF EXISTS `Pages`;
/*!40101 SET @saved_cs_client     = @@character_set_client */;
/*!40101 SET character_set_client = utf8 */;
CREATE TABLE `Pages` (
  `cID` int(10) unsigned NOT NULL DEFAULT '0',
  `siteTreeID` int(10) unsigned DEFAULT '0',
  `ptID` int(10) unsigned NOT NULL DEFAULT '0',
  `cIsTemplate` tinyint(1) NOT NULL DEFAULT '0',
  `uID` int(10) unsigned DEFAULT NULL,
  `cIsCheckedOut` tinyint(1) NOT NULL DEFAULT '0',
  `cCheckedOutUID` int(10) unsigned DEFAULT NULL,
  `cCheckedOutDatetime` datetime DEFAULT NULL,
  `cCheckedOutDatetimeLastEdit` datetime DEFAULT NULL,
  `cOverrideTemplatePermissions` tinyint(1) NOT NULL DEFAULT '1',
  `cInheritPermissionsFromCID` int(10) unsigned NOT NULL DEFAULT '0',
  `cInheritPermissionsFrom` varchar(8) COLLATE utf8_unicode_ci NOT NULL DEFAULT 'PARENT',
  `cFilename` varchar(255) COLLATE utf8_unicode_ci DEFAULT NULL,
  `cPointerID` int(10) unsigned NOT NULL DEFAULT '0',
  `cPointerExternalLink` longtext COLLATE utf8_unicode_ci,
  `cPointerExternalLinkNewWindow` tinyint(1) NOT NULL DEFAULT '0',
  `cIsActive` tinyint(1) NOT NULL DEFAULT '1',
  `cChildren` int(10) unsigned NOT NULL DEFAULT '0',
  `cDisplayOrder` int(10) unsigned NOT NULL DEFAULT '0',
  `cParentID` int(10) unsigned NOT NULL DEFAULT '0',
  `pkgID` int(10) unsigned NOT NULL DEFAULT '0',
  `cDraftTargetParentPageID` int(10) unsigned NOT NULL DEFAULT '0',
  `cIsDraft` tinyint(1) NOT NULL DEFAULT '0',
  `cCacheFullPageContent` smallint(6) NOT NULL DEFAULT '-1',
  `cCacheFullPageContentOverrideLifetime` varchar(32) COLLATE utf8_unicode_ci NOT NULL DEFAULT '0',
  `cCacheFullPageContentLifetimeCustom` int(10) unsigned NOT NULL DEFAULT '0',
  `cIsSystemPage` tinyint(1) NOT NULL DEFAULT '0',
  PRIMARY KEY (`cID`,`ptID`),
  KEY `cParentID` (`cParentID`),
  KEY `siteTreeID` (`siteTreeID`),
  KEY `cIsActive` (`cID`,`cIsActive`),
  KEY `cCheckedOutUID` (`cCheckedOutUID`),
  KEY `uID` (`uID`,`cPointerID`),
  KEY `cPointerID` (`cPointerID`,`cDisplayOrder`),
  KEY `cIsTemplate` (`cID`,`cIsTemplate`),
  KEY `cIsSystemPage` (`cID`,`cIsSystemPage`),
  KEY `pkgID` (`pkgID`),
  KEY `cParentMaxDisplay` (`cParentID`,`cDisplayOrder`)
) ENGINE=InnoDB DEFAULT CHARSET=utf8 COLLATE=utf8_unicode_ci;
/*!40101 SET character_set_client = @saved_cs_client */;

--
-- Dumping data for table `Pages`
--

LOCK TABLES `Pages` WRITE;
/*!40000 ALTER TABLE `Pages` DISABLE KEYS */;
INSERT INTO `Pages` VALUES (1,1,5,0,1,0,NULL,NULL,NULL,1,1,'OVERRIDE',NULL,0,NULL,0,1,18,0,0,0,0,0,-1,'0',0,0),(2,0,0,0,1,0,NULL,NULL,NULL,1,2,'OVERRIDE','/dashboard/view.php',0,NULL,0,1,12,0,0,0,0,0,-1,'0',0,1),(3,0,0,0,1,0,NULL,NULL,NULL,1,2,'PARENT','/dashboard/sitemap/view.php',0,NULL,0,1,3,1,2,0,0,0,-1,'0',0,1),(4,0,0,0,1,0,NULL,NULL,NULL,1,2,'PARENT','/dashboard/sitemap/full.php',0,NULL,0,1,0,0,3,0,0,0,-1,'0',0,1),(5,0,0,0,1,0,NULL,NULL,NULL,1,2,'PARENT','/dashboard/sitemap/explore.php',0,NULL,0,1,0,1,3,0,0,0,-1,'0',0,1),(6,0,0,0,1,0,NULL,NULL,NULL,1,2,'PARENT','/dashboard/sitemap/search.php',0,NULL,0,1,0,2,3,0,0,0,-1,'0',0,1),(7,0,0,0,1,0,NULL,NULL,NULL,1,2,'PARENT','/dashboard/files/view.php',0,NULL,0,1,4,2,2,0,0,0,-1,'0',0,1),(8,0,0,0,1,0,NULL,NULL,NULL,1,2,'PARENT','/dashboard/files/search.php',0,NULL,0,1,0,0,7,0,0,0,-1,'0',0,1),(9,0,0,0,1,0,NULL,NULL,NULL,1,2,'PARENT','/dashboard/files/attributes.php',0,NULL,0,1,0,1,7,0,0,0,-1,'0',0,1),(10,0,0,0,1,0,NULL,NULL,NULL,1,2,'PARENT','/dashboard/files/sets.php',0,NULL,0,1,0,2,7,0,0,0,-1,'0',0,1),(11,0,0,0,1,0,NULL,NULL,NULL,1,2,'PARENT','/dashboard/files/add_set.php',0,NULL,0,1,0,3,7,0,0,0,-1,'0',0,1),(12,0,0,0,1,0,NULL,NULL,NULL,1,2,'PARENT','/dashboard/users/view.php',0,NULL,0,1,7,3,2,0,0,0,-1,'0',0,1),(13,0,0,0,1,0,NULL,NULL,NULL,1,2,'PARENT','/dashboard/users/search.php',0,NULL,0,1,0,0,12,0,0,0,-1,'0',0,1),(14,0,0,0,1,0,NULL,NULL,NULL,1,2,'PARENT','/dashboard/users/groups.php',0,NULL,0,1,1,1,12,0,0,0,-1,'0',0,1),(15,0,0,0,1,0,NULL,NULL,NULL,1,2,'PARENT','/dashboard/users/attributes.php',0,NULL,0,1,0,2,12,0,0,0,-1,'0',0,1),(16,0,0,0,1,0,NULL,NULL,NULL,1,2,'PARENT','/dashboard/users/add.php',0,NULL,0,1,0,3,12,0,0,0,-1,'0',0,1),(17,0,0,0,1,0,NULL,NULL,NULL,1,2,'PARENT','/dashboard/users/add_group.php',0,NULL,0,1,0,4,12,0,0,0,-1,'0',0,1),(18,0,0,0,1,0,NULL,NULL,NULL,1,2,'PARENT','/dashboard/users/groups/bulkupdate.php',0,NULL,0,1,0,0,14,0,0,0,-1,'0',0,1),(19,0,0,0,1,0,NULL,NULL,NULL,1,2,'PARENT','/dashboard/users/group_sets.php',0,NULL,0,1,0,5,12,0,0,0,-1,'0',0,1),(20,0,0,0,1,0,NULL,NULL,NULL,1,2,'PARENT','/dashboard/users/points/view.php',0,NULL,0,1,2,6,12,0,0,0,-1,'0',0,1),(21,0,0,0,1,0,NULL,NULL,NULL,1,2,'PARENT','/dashboard/users/points/assign.php',0,NULL,0,1,0,0,20,0,0,0,-1,'0',0,1),(22,0,0,0,1,0,NULL,NULL,NULL,1,2,'PARENT','/dashboard/users/points/actions.php',0,NULL,0,1,0,1,20,0,0,0,-1,'0',0,1),(23,0,0,0,1,0,NULL,NULL,NULL,1,2,'PARENT','/dashboard/express/view.php',0,NULL,0,1,1,4,2,0,0,0,-1,'0',0,1),(24,0,0,0,1,0,NULL,NULL,NULL,1,2,'PARENT','/dashboard/express/entries.php',0,NULL,0,1,0,0,23,0,0,0,-1,'0',0,1),(25,0,0,0,1,0,NULL,NULL,NULL,1,2,'PARENT','/dashboard/reports.php',0,NULL,0,1,3,5,2,0,0,0,-1,'0',0,1),(26,0,0,0,1,0,NULL,NULL,NULL,1,2,'PARENT','/dashboard/reports/forms.php',0,NULL,0,1,1,0,25,0,0,0,-1,'0',0,1),(27,0,0,0,1,0,NULL,NULL,NULL,1,2,'PARENT','/dashboard/reports/forms/legacy.php',0,NULL,0,1,0,0,26,0,0,0,-1,'0',0,1),(28,0,0,0,1,0,NULL,NULL,NULL,1,2,'PARENT','/dashboard/reports/surveys.php',0,NULL,0,1,0,1,25,0,0,0,-1,'0',0,1),(29,0,0,0,1,0,NULL,NULL,NULL,1,2,'PARENT','/dashboard/reports/logs.php',0,NULL,0,1,0,2,25,0,0,0,-1,'0',0,1),(30,0,0,0,1,0,NULL,NULL,NULL,1,2,'PARENT','/dashboard/pages/view.php',0,NULL,0,1,6,6,2,0,0,0,-1,'0',0,1),(31,0,0,0,1,0,NULL,NULL,NULL,1,2,'PARENT','/dashboard/pages/themes/view.php',0,NULL,0,1,1,0,30,0,0,0,-1,'0',0,1),(32,0,0,0,1,0,NULL,NULL,NULL,1,2,'PARENT','/dashboard/pages/themes/inspect.php',0,NULL,0,1,0,0,31,0,0,0,-1,'0',0,1),(33,0,0,0,1,0,NULL,NULL,NULL,1,2,'PARENT','/dashboard/pages/types/view.php',0,NULL,0,1,6,1,30,0,0,0,-1,'0',0,1),(34,0,0,0,1,0,NULL,NULL,NULL,1,2,'PARENT','/dashboard/pages/types/organize.php',0,NULL,0,1,0,0,33,0,0,0,-1,'0',0,1),(35,0,0,0,1,0,NULL,NULL,NULL,1,2,'PARENT','/dashboard/pages/types/add.php',0,NULL,0,1,0,1,33,0,0,0,-1,'0',0,1),(36,0,0,0,1,0,NULL,NULL,NULL,1,2,'PARENT','/dashboard/pages/types/form.php',0,NULL,0,1,0,2,33,0,0,0,-1,'0',0,1),(37,0,0,0,1,0,NULL,NULL,NULL,1,2,'PARENT','/dashboard/pages/types/output.php',0,NULL,0,1,0,3,33,0,0,0,-1,'0',0,1),(38,0,0,0,1,0,NULL,NULL,NULL,1,2,'PARENT','/dashboard/pages/types/attributes.php',0,NULL,0,1,0,4,33,0,0,0,-1,'0',0,1),(39,0,0,0,1,0,NULL,NULL,NULL,1,2,'PARENT','/dashboard/pages/types/permissions.php',0,NULL,0,1,0,5,33,0,0,0,-1,'0',0,1),(40,0,0,0,1,0,NULL,NULL,NULL,1,2,'PARENT','/dashboard/pages/templates/view.php',0,NULL,0,1,1,2,30,0,0,0,-1,'0',0,1),(41,0,0,0,1,0,NULL,NULL,NULL,1,2,'PARENT','/dashboard/pages/templates/add.php',0,NULL,0,1,0,0,40,0,0,0,-1,'0',0,1),(42,0,0,0,1,0,NULL,NULL,NULL,1,2,'PARENT','/dashboard/pages/attributes.php',0,NULL,0,1,0,3,30,0,0,0,-1,'0',0,1),(43,0,0,0,1,0,NULL,NULL,NULL,1,2,'PARENT','/dashboard/pages/single.php',0,NULL,0,1,0,4,30,0,0,0,-1,'0',0,1),(44,0,0,0,1,0,NULL,NULL,NULL,1,2,'PARENT','/dashboard/pages/feeds.php',0,NULL,0,1,0,5,30,0,0,0,-1,'0',0,1),(45,0,0,0,1,0,NULL,NULL,NULL,1,2,'PARENT','/dashboard/calendar/view.php',0,NULL,0,1,6,7,2,0,0,0,-1,'0',0,1),(46,0,0,0,1,0,NULL,NULL,NULL,1,2,'PARENT','/dashboard/calendar/events.php',0,NULL,0,1,0,1,45,0,0,0,-1,'0',0,1),(47,0,0,0,1,0,NULL,NULL,NULL,1,2,'PARENT','/dashboard/calendar/event_list.php',0,NULL,0,1,0,2,45,0,0,0,-1,'0',0,1),(48,0,0,0,1,0,NULL,NULL,NULL,1,2,'PARENT','/dashboard/calendar/add.php',0,NULL,0,1,0,3,45,0,0,0,-1,'0',0,1),(49,0,0,0,1,0,NULL,NULL,NULL,1,2,'PARENT','/dashboard/calendar/permissions.php',0,NULL,0,1,0,4,45,0,0,0,-1,'0',0,1),(50,0,0,0,1,0,NULL,NULL,NULL,1,2,'PARENT','/dashboard/calendar/attributes.php',0,NULL,0,1,0,5,45,0,0,0,-1,'0',0,1),(51,0,0,0,1,0,NULL,NULL,NULL,1,2,'PARENT','/dashboard/conversations/view.php',0,NULL,0,1,1,8,2,0,0,0,-1,'0',0,1),(52,0,0,0,1,0,NULL,NULL,NULL,1,2,'PARENT','/dashboard/conversations/messages.php',0,NULL,0,1,0,0,51,0,0,0,-1,'0',0,1),(53,0,0,0,1,0,NULL,NULL,NULL,1,2,'PARENT','/dashboard/blocks/view.php',0,NULL,0,1,3,9,2,0,0,0,-1,'0',0,1),(54,0,0,0,1,0,NULL,NULL,NULL,1,2,'PARENT','/dashboard/blocks/stacks/view.php',0,NULL,0,1,1,0,53,0,0,0,-1,'0',0,1),(55,0,0,0,1,0,NULL,NULL,NULL,1,2,'PARENT','/dashboard/blocks/permissions.php',0,NULL,0,1,0,1,53,0,0,0,-1,'0',0,1),(56,0,0,0,1,0,NULL,NULL,NULL,1,2,'PARENT','/dashboard/blocks/stacks/list/view.php',0,NULL,0,1,0,0,54,0,0,0,-1,'0',0,1),(57,0,0,0,1,0,NULL,NULL,NULL,1,2,'PARENT','/dashboard/blocks/types/view.php',0,NULL,0,1,0,2,53,0,0,0,-1,'0',0,1),(58,0,0,0,1,0,NULL,NULL,NULL,1,2,'PARENT','/dashboard/extend/view.php',0,NULL,0,1,5,10,2,0,0,0,-1,'0',0,1),(59,0,0,0,1,0,NULL,NULL,NULL,1,2,'PARENT','/dashboard/extend/install.php',0,NULL,0,1,0,0,58,0,0,0,-1,'0',0,1),(60,0,0,0,1,0,NULL,NULL,NULL,1,2,'PARENT','/dashboard/extend/update.php',0,NULL,0,1,0,1,58,0,0,0,-1,'0',0,1),(61,0,0,0,1,0,NULL,NULL,NULL,1,2,'PARENT','/dashboard/extend/connect.php',0,NULL,0,1,0,2,58,0,0,0,-1,'0',0,1),(62,0,0,0,1,0,NULL,NULL,NULL,1,2,'PARENT','/dashboard/extend/themes.php',0,NULL,0,1,0,3,58,0,0,0,-1,'0',0,1),(63,0,0,0,1,0,NULL,NULL,NULL,1,2,'PARENT','/dashboard/extend/addons.php',0,NULL,0,1,0,4,58,0,0,0,-1,'0',0,1),(64,0,0,0,1,0,NULL,NULL,NULL,1,2,'PARENT','/dashboard/system/view.php',0,NULL,0,1,14,11,2,0,0,0,-1,'0',0,1),(65,0,0,0,1,0,NULL,NULL,NULL,1,2,'PARENT','/dashboard/system/basics/view.php',0,NULL,0,1,9,0,64,0,0,0,-1,'0',0,1),(66,0,0,0,1,0,NULL,NULL,NULL,1,2,'PARENT','/dashboard/system/basics/name.php',0,NULL,0,1,0,0,65,0,0,0,-1,'0',0,1),(67,0,0,0,1,0,NULL,NULL,NULL,1,2,'PARENT','/dashboard/system/basics/accessibility.php',0,NULL,0,1,0,2,65,0,0,0,-1,'0',0,1),(68,0,0,0,1,0,NULL,NULL,NULL,1,2,'PARENT','/dashboard/system/basics/social.php',0,NULL,0,1,0,3,65,0,0,0,-1,'0',0,1),(69,0,0,0,1,0,NULL,NULL,NULL,1,2,'PARENT','/dashboard/system/basics/icons.php',0,NULL,0,1,0,4,65,0,0,0,-1,'0',0,1),(70,0,0,0,1,0,NULL,NULL,NULL,1,2,'PARENT','/dashboard/system/basics/editor.php',0,NULL,0,1,0,5,65,0,0,0,-1,'0',0,1),(71,0,0,0,1,0,NULL,NULL,NULL,1,2,'PARENT','/dashboard/system/basics/multilingual/view.php',0,NULL,0,1,1,6,65,0,0,0,-1,'0',0,1),(72,0,0,0,1,0,NULL,NULL,NULL,1,2,'PARENT','/dashboard/system/basics/multilingual/update.php',0,NULL,0,1,0,0,71,0,0,0,-1,'0',0,1),(73,0,0,0,1,0,NULL,NULL,NULL,1,2,'PARENT','/dashboard/system/basics/timezone.php',0,NULL,0,1,0,7,65,0,0,0,-1,'0',0,1),(74,0,0,0,1,0,NULL,NULL,NULL,1,2,'PARENT','/dashboard/system/basics/attributes.php',0,NULL,0,1,0,8,65,0,0,0,-1,'0',0,1),(75,0,0,0,1,0,NULL,NULL,NULL,1,2,'PARENT','/dashboard/system/express/view.php',0,NULL,0,1,2,1,64,0,0,0,-1,'0',0,1),(76,0,0,0,1,0,NULL,NULL,NULL,1,2,'PARENT','/dashboard/system/express/entities.php',0,NULL,0,1,5,0,75,0,0,0,-1,'0',0,1),(77,0,0,0,1,0,NULL,NULL,NULL,1,2,'PARENT','/dashboard/system/express/entities/attributes.php',0,NULL,0,1,0,0,76,0,0,0,-1,'0',0,1),(78,0,0,0,1,0,NULL,NULL,NULL,1,2,'PARENT','/dashboard/system/express/entities/associations.php',0,NULL,0,1,0,1,76,0,0,0,-1,'0',0,1),(79,0,0,0,1,0,NULL,NULL,NULL,1,2,'PARENT','/dashboard/system/express/entities/forms.php',0,NULL,0,1,0,2,76,0,0,0,-1,'0',0,1),(80,0,0,0,1,0,NULL,NULL,NULL,1,2,'PARENT','/dashboard/system/express/entities/customize_search.php',0,NULL,0,1,0,3,76,0,0,0,-1,'0',0,1),(81,0,0,0,1,0,NULL,NULL,NULL,1,2,'PARENT','/dashboard/system/express/entities/order_entries.php',0,NULL,0,1,0,4,76,0,0,0,-1,'0',0,1),(82,0,0,0,1,0,NULL,NULL,NULL,1,2,'PARENT','/dashboard/system/express/entries.php',0,NULL,0,1,0,1,75,0,0,0,-1,'0',0,1),(83,0,0,0,1,0,NULL,NULL,NULL,1,2,'PARENT','/dashboard/system/multilingual/view.php',0,NULL,0,1,4,2,64,0,0,0,-1,'0',0,1),(84,0,0,0,1,0,NULL,NULL,NULL,1,2,'PARENT','/dashboard/system/multilingual/setup.php',0,NULL,0,1,0,0,83,0,0,0,-1,'0',0,1),(85,0,0,0,1,0,NULL,NULL,NULL,1,2,'PARENT','/dashboard/system/multilingual/copy.php',0,NULL,0,1,0,1,83,0,0,0,-1,'0',0,1),(86,0,0,0,1,0,NULL,NULL,NULL,1,2,'PARENT','/dashboard/system/multilingual/page_report.php',0,NULL,0,1,0,2,83,0,0,0,-1,'0',0,1),(87,0,0,0,1,0,NULL,NULL,NULL,1,2,'PARENT','/dashboard/system/multilingual/translate_interface.php',0,NULL,0,1,0,3,83,0,0,0,-1,'0',0,1),(88,0,0,0,1,0,NULL,NULL,NULL,1,2,'PARENT','/dashboard/system/seo/view.php',0,NULL,0,1,5,3,64,0,0,0,-1,'0',0,1),(89,0,0,0,1,0,NULL,NULL,NULL,1,2,'PARENT','/dashboard/system/seo/urls.php',0,NULL,0,1,0,0,88,0,0,0,-1,'0',0,1),(90,0,0,0,1,0,NULL,NULL,NULL,1,2,'PARENT','/dashboard/system/seo/bulk.php',0,NULL,0,1,0,1,88,0,0,0,-1,'0',0,1),(91,0,0,0,1,0,NULL,NULL,NULL,1,2,'PARENT','/dashboard/system/seo/codes.php',0,NULL,0,1,0,2,88,0,0,0,-1,'0',0,1),(92,0,0,0,1,0,NULL,NULL,NULL,1,2,'PARENT','/dashboard/system/seo/excluded.php',0,NULL,0,1,0,3,88,0,0,0,-1,'0',0,1),(93,0,0,0,1,0,NULL,NULL,NULL,1,2,'PARENT','/dashboard/system/seo/searchindex.php',0,NULL,0,1,0,4,88,0,0,0,-1,'0',0,1),(94,0,0,0,1,0,NULL,NULL,NULL,1,2,'PARENT','/dashboard/system/files/view.php',0,NULL,0,1,5,4,64,0,0,0,-1,'0',0,1),(95,0,0,0,1,0,NULL,NULL,NULL,1,2,'PARENT','/dashboard/system/files/filetypes.php',0,NULL,0,1,0,0,94,0,0,0,-1,'0',0,1),(96,0,0,0,1,0,NULL,NULL,NULL,1,2,'PARENT','/dashboard/system/files/permissions.php',0,NULL,0,1,0,1,94,0,0,0,-1,'0',0,1),(97,0,0,0,1,0,NULL,NULL,NULL,1,2,'PARENT','/dashboard/system/files/thumbnails.php',0,NULL,0,1,1,2,94,0,0,0,-1,'0',0,1),(98,0,0,0,1,0,NULL,NULL,NULL,1,2,'PARENT','/dashboard/system/files/thumbnails/options.php',0,NULL,0,1,0,0,97,0,0,0,-1,'0',0,1),(99,0,0,0,1,0,NULL,NULL,NULL,1,2,'PARENT','/dashboard/system/files/image_uploading.php',0,NULL,0,1,0,3,94,0,0,0,-1,'0',0,1),(100,0,0,0,1,0,NULL,NULL,NULL,1,2,'PARENT','/dashboard/system/files/storage.php',0,NULL,0,1,0,4,94,0,0,0,-1,'0',0,1),(101,0,0,0,1,0,NULL,NULL,NULL,1,2,'PARENT','/dashboard/system/optimization/view.php',0,NULL,0,1,4,5,64,0,0,0,-1,'0',0,1),(102,0,0,0,1,0,NULL,NULL,NULL,1,2,'PARENT','/dashboard/system/optimization/cache.php',0,NULL,0,1,0,0,101,0,0,0,-1,'0',0,1),(103,0,0,0,1,0,NULL,NULL,NULL,1,2,'PARENT','/dashboard/system/optimization/clearcache.php',0,NULL,0,1,0,1,101,0,0,0,-1,'0',0,1),(104,0,0,0,1,0,NULL,NULL,NULL,1,2,'PARENT','/dashboard/system/optimization/jobs.php',0,NULL,0,1,0,2,101,0,0,0,-1,'0',0,1),(105,0,0,0,1,0,NULL,NULL,NULL,1,2,'PARENT','/dashboard/system/optimization/query_log.php',0,NULL,0,1,0,3,101,0,0,0,-1,'0',0,1),(106,0,0,0,1,0,NULL,NULL,NULL,1,2,'PARENT','/dashboard/system/permissions/view.php',0,NULL,0,1,9,6,64,0,0,0,-1,'0',0,1),(107,0,0,0,1,0,NULL,NULL,NULL,1,2,'PARENT','/dashboard/system/permissions/site.php',0,NULL,0,1,0,0,106,0,0,0,-1,'0',0,1),(108,0,0,0,1,0,NULL,NULL,NULL,1,2,'PARENT','/dashboard/system/permissions/tasks.php',0,NULL,0,1,0,1,106,0,0,0,-1,'0',0,1),(109,0,0,0,1,0,NULL,NULL,NULL,1,2,'PARENT','/dashboard/system/permissions/users.php',0,NULL,0,1,0,2,106,0,0,0,-1,'0',0,1),(110,0,0,0,1,0,NULL,NULL,NULL,1,2,'PARENT','/dashboard/system/permissions/advanced.php',0,NULL,0,1,0,3,106,0,0,0,-1,'0',0,1),(111,0,0,0,1,0,NULL,NULL,NULL,1,2,'PARENT','/dashboard/system/permissions/workflows.php',0,NULL,0,1,0,4,106,0,0,0,-1,'0',0,1),(112,0,0,0,1,0,NULL,NULL,NULL,1,2,'PARENT','/dashboard/system/permissions/blacklist.php',0,NULL,0,1,1,5,106,0,0,0,-1,'0',0,1),(113,0,0,0,1,0,NULL,NULL,NULL,1,2,'PARENT','/dashboard/system/permissions/blacklist/range.php',0,NULL,0,1,0,0,112,0,0,0,-1,'0',0,1),(114,0,0,0,1,0,NULL,NULL,NULL,1,2,'PARENT','/dashboard/system/permissions/captcha.php',0,NULL,0,1,0,6,106,0,0,0,-1,'0',0,1),(115,0,0,0,1,0,NULL,NULL,NULL,1,2,'PARENT','/dashboard/system/permissions/antispam.php',0,NULL,0,1,0,7,106,0,0,0,-1,'0',0,1),(116,0,0,0,1,0,NULL,NULL,NULL,1,2,'PARENT','/dashboard/system/permissions/maintenance.php',0,NULL,0,1,0,8,106,0,0,0,-1,'0',0,1),(117,0,0,0,1,0,NULL,NULL,NULL,1,2,'PARENT','/dashboard/system/registration/view.php',0,NULL,0,1,6,7,64,0,0,0,-1,'0',0,1),(118,0,0,0,1,0,NULL,NULL,NULL,1,2,'PARENT','/dashboard/system/registration/open.php',0,NULL,0,1,0,0,117,0,0,0,-1,'0',0,1),(119,0,0,0,1,0,NULL,NULL,NULL,1,2,'PARENT','/dashboard/system/registration/postlogin.php',0,NULL,0,1,0,1,117,0,0,0,-1,'0',0,1),(120,0,0,0,1,0,NULL,NULL,NULL,1,2,'PARENT','/dashboard/system/registration/profiles.php',0,NULL,0,1,0,2,117,0,0,0,-1,'0',0,1),(121,0,0,0,1,0,NULL,NULL,NULL,1,2,'PARENT','/dashboard/system/registration/authentication.php',0,NULL,0,1,0,3,117,0,0,0,-1,'0',0,1),(122,0,0,0,1,0,NULL,NULL,NULL,1,2,'PARENT','/dashboard/system/registration/global_password_reset.php',0,NULL,0,1,0,4,117,0,0,0,-1,'0',0,1),(123,0,0,0,1,0,NULL,NULL,NULL,1,2,'PARENT','/dashboard/system/registration/notification.php',0,NULL,0,1,0,5,117,0,0,0,-1,'0',0,1),(124,0,0,0,1,0,NULL,NULL,NULL,1,2,'PARENT','/dashboard/system/mail/view.php',0,NULL,0,1,2,8,64,0,0,0,-1,'0',0,1),(125,0,0,0,1,0,NULL,NULL,NULL,1,2,'PARENT','/dashboard/system/mail/method.php',0,NULL,0,1,1,0,124,0,0,0,-1,'0',0,1),(126,0,0,0,1,0,NULL,NULL,NULL,1,2,'PARENT','/dashboard/system/mail/method/test.php',0,NULL,0,1,0,0,125,0,0,0,-1,'0',0,1),(127,0,0,0,1,0,NULL,NULL,NULL,1,2,'PARENT','/dashboard/system/mail/importers.php',0,NULL,0,1,0,1,124,0,0,0,-1,'0',0,1),(128,0,0,0,1,0,NULL,NULL,NULL,1,2,'PARENT','/dashboard/system/calendar/view.php',0,NULL,0,1,4,9,64,0,0,0,-1,'0',0,1),(129,0,0,0,1,0,NULL,NULL,NULL,1,2,'PARENT','/dashboard/system/calendar/settings.php',0,NULL,0,1,0,0,128,0,0,0,-1,'0',0,1),(130,0,0,0,1,0,NULL,NULL,NULL,1,2,'PARENT','/dashboard/system/calendar/colors.php',0,NULL,0,1,0,1,128,0,0,0,-1,'0',0,1),(131,0,0,0,1,0,NULL,NULL,NULL,1,2,'PARENT','/dashboard/system/calendar/permissions.php',0,NULL,0,1,0,2,128,0,0,0,-1,'0',0,1),(132,0,0,0,1,0,NULL,NULL,NULL,1,2,'PARENT','/dashboard/system/calendar/import.php',0,NULL,0,1,0,3,128,0,0,0,-1,'0',0,1),(133,0,0,0,1,0,NULL,NULL,NULL,1,2,'PARENT','/dashboard/system/conversations/view.php',0,NULL,0,1,4,10,64,0,0,0,-1,'0',0,1),(134,0,0,0,1,0,NULL,NULL,NULL,1,2,'PARENT','/dashboard/system/conversations/settings.php',0,NULL,0,1,0,0,133,0,0,0,-1,'0',0,1),(135,0,0,0,1,0,NULL,NULL,NULL,1,2,'PARENT','/dashboard/system/conversations/points.php',0,NULL,0,1,0,1,133,0,0,0,-1,'0',0,1),(136,0,0,0,1,0,NULL,NULL,NULL,1,2,'PARENT','/dashboard/system/conversations/bannedwords.php',0,NULL,0,1,0,2,133,0,0,0,-1,'0',0,1),(137,0,0,0,1,0,NULL,NULL,NULL,1,2,'PARENT','/dashboard/system/conversations/permissions.php',0,NULL,0,1,0,3,133,0,0,0,-1,'0',0,1),(138,0,0,0,1,0,NULL,NULL,NULL,1,2,'PARENT','/dashboard/system/attributes/view.php',0,NULL,0,1,3,11,64,0,0,0,-1,'0',0,1),(139,0,0,0,1,0,NULL,NULL,NULL,1,2,'PARENT','/dashboard/system/attributes/types.php',0,NULL,0,1,0,0,138,0,0,0,-1,'0',0,1),(140,0,0,0,1,0,NULL,NULL,NULL,1,2,'PARENT','/dashboard/system/attributes/sets.php',0,NULL,0,1,0,1,138,0,0,0,-1,'0',0,1),(141,0,0,0,1,0,NULL,NULL,NULL,1,2,'PARENT','/dashboard/system/attributes/topics/view.php',0,NULL,0,1,1,2,138,0,0,0,-1,'0',0,1),(142,0,0,0,1,0,NULL,NULL,NULL,1,2,'PARENT','/dashboard/system/attributes/topics/add.php',0,NULL,0,1,0,0,141,0,0,0,-1,'0',0,1),(143,0,0,0,1,0,NULL,NULL,NULL,1,2,'PARENT','/dashboard/system/environment/view.php',0,NULL,0,1,6,12,64,0,0,0,-1,'0',0,1),(144,0,0,0,1,0,NULL,NULL,NULL,1,2,'PARENT','/dashboard/system/environment/info.php',0,NULL,0,1,0,0,143,0,0,0,-1,'0',0,1),(145,0,0,0,1,0,NULL,NULL,NULL,1,2,'PARENT','/dashboard/system/environment/debug.php',0,NULL,0,1,0,1,143,0,0,0,-1,'0',0,1),(146,0,0,0,1,0,NULL,NULL,NULL,1,2,'PARENT','/dashboard/system/environment/logging.php',0,NULL,0,1,0,2,143,0,0,0,-1,'0',0,1),(147,0,0,0,1,0,NULL,NULL,NULL,1,2,'PARENT','/dashboard/system/environment/proxy.php',0,NULL,0,1,0,3,143,0,0,0,-1,'0',0,1),(148,0,0,0,1,0,NULL,NULL,NULL,1,2,'PARENT','/dashboard/system/environment/entities.php',0,NULL,0,1,0,4,143,0,0,0,-1,'0',0,1),(149,0,0,0,1,0,NULL,NULL,NULL,1,2,'PARENT','/dashboard/system/environment/geolocation.php',0,NULL,0,1,0,5,143,0,0,0,-1,'0',0,1),(150,0,0,0,1,0,NULL,NULL,NULL,1,2,'PARENT','/dashboard/system/update/view.php',0,NULL,0,1,1,13,64,0,0,0,-1,'0',0,1),(151,0,0,0,1,0,NULL,NULL,NULL,1,2,'PARENT','/dashboard/system/update/update.php',0,NULL,0,1,0,0,150,0,0,0,-1,'0',0,1),(152,0,0,0,1,0,NULL,NULL,NULL,1,2,'PARENT','/dashboard/welcome.php',0,NULL,0,1,1,0,2,0,0,0,-1,'0',0,1),(153,0,0,0,1,0,NULL,NULL,NULL,1,2,'PARENT',NULL,0,NULL,0,1,0,0,152,0,0,0,-1,'0',0,1),(154,0,0,0,1,0,NULL,NULL,NULL,1,1,'PARENT','/!stacks/view.php',0,NULL,0,1,1,0,0,0,0,0,-1,'0',0,1),(155,0,0,0,1,0,NULL,NULL,NULL,1,1,'PARENT','/!trash/view.php',0,NULL,0,1,0,0,0,0,0,0,-1,'0',0,1),(156,0,0,0,1,0,NULL,NULL,NULL,1,156,'OVERRIDE','/login.php',0,NULL,0,1,0,0,0,0,0,0,-1,'0',0,1),(157,0,0,0,1,0,NULL,NULL,NULL,1,157,'OVERRIDE','/register.php',0,NULL,0,1,0,0,0,0,0,0,-1,'0',0,1),(158,0,0,0,1,0,NULL,NULL,NULL,1,1,'PARENT','/account/view.php',0,NULL,0,1,3,0,0,0,0,0,-1,'0',0,1),(159,0,0,0,1,0,NULL,NULL,NULL,1,1,'PARENT','/account/edit_profile.php',0,NULL,0,1,0,0,158,0,0,0,-1,'0',0,1),(160,0,0,0,1,0,NULL,NULL,NULL,1,1,'PARENT','/account/avatar.php',0,NULL,0,1,0,1,158,0,0,0,-1,'0',0,1),(161,0,0,0,1,0,NULL,NULL,NULL,1,1,'PARENT','/account/messages.php',0,NULL,0,1,0,2,158,0,0,0,-1,'0',0,1),(162,0,0,0,1,0,NULL,NULL,NULL,1,162,'OVERRIDE','/page_forbidden.php',0,NULL,0,1,0,0,0,0,0,0,-1,'0',0,1),(163,0,0,0,1,0,NULL,NULL,NULL,1,1,'PARENT','/download_file.php',0,NULL,0,1,0,0,0,0,0,0,-1,'0',0,1),(164,1,0,0,1,0,NULL,NULL,NULL,1,164,'OVERRIDE','/!drafts/view.php',0,NULL,0,1,0,0,0,0,0,0,-1,'0',0,1),(165,1,0,0,1,0,NULL,NULL,NULL,1,165,'OVERRIDE','/page_not_found.php',0,NULL,0,1,0,0,0,0,0,0,-1,'0',0,1),(166,1,0,0,1,0,NULL,NULL,NULL,1,1,'PARENT','/desktop.php',0,NULL,0,1,0,0,0,0,0,0,-1,'0',0,1),(167,1,5,1,NULL,0,NULL,NULL,NULL,1,167,'OVERRIDE',NULL,0,NULL,0,1,0,0,0,0,0,0,-1,'0',0,0),(169,0,1,0,1,0,NULL,NULL,NULL,1,1,'PARENT',NULL,0,NULL,0,1,0,1,154,0,0,0,-1,'0',0,1),(176,1,5,0,1,0,NULL,NULL,NULL,1,1,'PARENT',NULL,0,NULL,0,1,3,0,1,0,1,0,-1,'0',0,0),(177,1,5,0,1,0,NULL,NULL,NULL,1,1,'PARENT',NULL,0,NULL,0,1,0,2,1,0,1,0,-1,'0',0,0),(178,1,5,0,1,0,NULL,NULL,NULL,1,1,'PARENT',NULL,0,NULL,0,1,0,1,1,0,1,0,-1,'0',0,0),(179,1,5,0,1,0,NULL,NULL,NULL,1,1,'PARENT',NULL,0,NULL,0,1,0,3,1,0,1,0,-1,'0',0,0),(180,1,5,0,1,0,NULL,NULL,NULL,1,1,'PARENT',NULL,0,NULL,0,1,0,5,1,0,1,0,-1,'0',0,0),(181,1,5,0,1,0,NULL,NULL,NULL,1,1,'PARENT',NULL,0,NULL,0,1,0,6,1,0,1,0,-1,'0',0,0),(182,1,5,0,1,0,NULL,NULL,NULL,1,1,'PARENT',NULL,0,NULL,0,1,4,4,1,0,1,0,-1,'0',0,0),(184,1,5,0,1,0,NULL,NULL,NULL,1,1,'PARENT',NULL,0,NULL,0,1,0,1,176,0,176,0,-1,'0',0,0),(185,1,5,0,1,0,NULL,NULL,NULL,1,1,'PARENT',NULL,0,NULL,0,1,0,2,176,0,176,0,-1,'0',0,0),(194,0,0,0,1,0,NULL,NULL,NULL,1,2,'PARENT','/dashboard/calendar/google_calendar.php',0,NULL,0,1,0,0,45,16,0,0,-1,'0',0,1),(195,1,5,1,NULL,0,NULL,NULL,NULL,1,195,'OVERRIDE',NULL,0,NULL,0,1,0,0,0,0,0,0,-1,'0',0,0),(198,0,0,0,1,0,NULL,NULL,NULL,1,2,'PARENT','/dashboard/system/basics/keys.php',0,NULL,0,1,0,1,65,0,0,0,-1,'0',0,1),(205,1,0,0,1,0,NULL,NULL,NULL,1,1,'PARENT','/adopt/available_hounds.php',0,NULL,0,1,0,0,176,0,0,0,-1,'0',0,0),(206,1,5,0,1,0,NULL,NULL,NULL,1,1,'PARENT',NULL,0,NULL,0,1,0,1,182,0,182,0,-1,'0',0,0),(207,1,5,0,1,0,NULL,NULL,NULL,1,1,'PARENT',NULL,0,NULL,0,1,0,2,182,0,182,0,-1,'0',0,0),(208,1,5,0,1,0,NULL,NULL,NULL,1,1,'PARENT',NULL,0,NULL,0,1,0,0,182,0,182,0,-1,'0',0,0),(209,1,5,0,1,0,NULL,NULL,NULL,1,1,'PARENT',NULL,0,NULL,0,1,0,3,182,0,182,0,-1,'0',0,0);
/*!40000 ALTER TABLE `Pages` ENABLE KEYS */;
UNLOCK TABLES;

--
-- Table structure for table `PermissionAccess`
--

DROP TABLE IF EXISTS `PermissionAccess`;
/*!40101 SET @saved_cs_client     = @@character_set_client */;
/*!40101 SET character_set_client = utf8 */;
CREATE TABLE `PermissionAccess` (
  `paID` int(10) unsigned NOT NULL AUTO_INCREMENT,
  `paIsInUse` tinyint(1) NOT NULL DEFAULT '0',
  PRIMARY KEY (`paID`)
) ENGINE=InnoDB AUTO_INCREMENT=111 DEFAULT CHARSET=utf8 COLLATE=utf8_unicode_ci;
/*!40101 SET character_set_client = @saved_cs_client */;

--
-- Dumping data for table `PermissionAccess`
--

LOCK TABLES `PermissionAccess` WRITE;
/*!40000 ALTER TABLE `PermissionAccess` DISABLE KEYS */;
INSERT INTO `PermissionAccess` VALUES (1,1),(2,1),(3,1),(4,1),(5,1),(6,1),(7,1),(8,1),(9,1),(10,1),(11,1),(12,1),(13,1),(14,1),(15,1),(16,1),(17,1),(18,1),(19,1),(20,1),(21,1),(22,1),(23,1),(24,1),(25,1),(26,1),(27,1),(28,1),(29,1),(30,1),(31,1),(32,1),(33,1),(34,1),(35,1),(36,1),(37,1),(38,1),(39,1),(40,1),(41,1),(42,1),(43,1),(44,1),(45,1),(46,1),(47,1),(48,1),(49,1),(50,1),(51,1),(52,1),(53,1),(54,1),(55,1),(56,1),(57,1),(58,1),(59,1),(60,1),(61,1),(62,1),(63,1),(64,1),(65,1),(66,1),(67,1),(68,1),(69,1),(70,1),(71,1),(72,1),(73,1),(74,1),(75,1),(76,1),(77,1),(78,1),(79,1),(80,1),(81,1),(82,1),(83,1),(84,1),(85,1),(86,1),(87,1),(88,1),(89,1),(90,1),(91,1),(92,1),(93,1),(94,1),(95,1),(96,1),(97,1),(98,1),(99,1),(100,1),(101,1),(102,1),(103,1),(104,1),(105,1),(106,1),(107,1),(108,1),(109,1),(110,1);
/*!40000 ALTER TABLE `PermissionAccess` ENABLE KEYS */;
UNLOCK TABLES;

--
-- Table structure for table `PermissionAccessEntities`
--

DROP TABLE IF EXISTS `PermissionAccessEntities`;
/*!40101 SET @saved_cs_client     = @@character_set_client */;
/*!40101 SET character_set_client = utf8 */;
CREATE TABLE `PermissionAccessEntities` (
  `peID` int(10) unsigned NOT NULL AUTO_INCREMENT,
  `petID` int(10) unsigned DEFAULT NULL,
  PRIMARY KEY (`peID`),
  KEY `petID` (`petID`)
) ENGINE=InnoDB AUTO_INCREMENT=8 DEFAULT CHARSET=utf8 COLLATE=utf8_unicode_ci;
/*!40101 SET character_set_client = @saved_cs_client */;

--
-- Dumping data for table `PermissionAccessEntities`
--

LOCK TABLES `PermissionAccessEntities` WRITE;
/*!40000 ALTER TABLE `PermissionAccessEntities` DISABLE KEYS */;
INSERT INTO `PermissionAccessEntities` VALUES (1,1),(2,1),(6,1),(7,2),(3,5),(4,6),(5,7);
/*!40000 ALTER TABLE `PermissionAccessEntities` ENABLE KEYS */;
UNLOCK TABLES;

--
-- Table structure for table `PermissionAccessEntityGroupSets`
--

DROP TABLE IF EXISTS `PermissionAccessEntityGroupSets`;
/*!40101 SET @saved_cs_client     = @@character_set_client */;
/*!40101 SET character_set_client = utf8 */;
CREATE TABLE `PermissionAccessEntityGroupSets` (
  `peID` int(10) unsigned NOT NULL DEFAULT '0',
  `gsID` int(10) unsigned NOT NULL DEFAULT '0',
  PRIMARY KEY (`peID`,`gsID`),
  KEY `gsID` (`gsID`)
) ENGINE=InnoDB DEFAULT CHARSET=utf8 COLLATE=utf8_unicode_ci;
/*!40101 SET character_set_client = @saved_cs_client */;

--
-- Dumping data for table `PermissionAccessEntityGroupSets`
--

LOCK TABLES `PermissionAccessEntityGroupSets` WRITE;
/*!40000 ALTER TABLE `PermissionAccessEntityGroupSets` DISABLE KEYS */;
/*!40000 ALTER TABLE `PermissionAccessEntityGroupSets` ENABLE KEYS */;
UNLOCK TABLES;

--
-- Table structure for table `PermissionAccessEntityGroups`
--

DROP TABLE IF EXISTS `PermissionAccessEntityGroups`;
/*!40101 SET @saved_cs_client     = @@character_set_client */;
/*!40101 SET character_set_client = utf8 */;
CREATE TABLE `PermissionAccessEntityGroups` (
  `pegID` int(10) unsigned NOT NULL AUTO_INCREMENT,
  `peID` int(10) unsigned NOT NULL DEFAULT '0',
  `gID` int(10) unsigned NOT NULL DEFAULT '0',
  PRIMARY KEY (`pegID`),
  KEY `peID` (`peID`),
  KEY `gID` (`gID`)
) ENGINE=InnoDB AUTO_INCREMENT=4 DEFAULT CHARSET=utf8 COLLATE=utf8_unicode_ci;
/*!40101 SET character_set_client = @saved_cs_client */;

--
-- Dumping data for table `PermissionAccessEntityGroups`
--

LOCK TABLES `PermissionAccessEntityGroups` WRITE;
/*!40000 ALTER TABLE `PermissionAccessEntityGroups` DISABLE KEYS */;
INSERT INTO `PermissionAccessEntityGroups` VALUES (1,1,3),(2,2,1),(3,6,2);
/*!40000 ALTER TABLE `PermissionAccessEntityGroups` ENABLE KEYS */;
UNLOCK TABLES;

--
-- Table structure for table `PermissionAccessEntityTypeCategories`
--

DROP TABLE IF EXISTS `PermissionAccessEntityTypeCategories`;
/*!40101 SET @saved_cs_client     = @@character_set_client */;
/*!40101 SET character_set_client = utf8 */;
CREATE TABLE `PermissionAccessEntityTypeCategories` (
  `petID` int(10) unsigned NOT NULL DEFAULT '0',
  `pkCategoryID` int(10) unsigned NOT NULL DEFAULT '0',
  PRIMARY KEY (`petID`,`pkCategoryID`),
  KEY `pkCategoryID` (`pkCategoryID`)
) ENGINE=InnoDB DEFAULT CHARSET=utf8 COLLATE=utf8_unicode_ci;
/*!40101 SET character_set_client = @saved_cs_client */;

--
-- Dumping data for table `PermissionAccessEntityTypeCategories`
--

LOCK TABLES `PermissionAccessEntityTypeCategories` WRITE;
/*!40000 ALTER TABLE `PermissionAccessEntityTypeCategories` DISABLE KEYS */;
INSERT INTO `PermissionAccessEntityTypeCategories` VALUES (1,1),(1,4),(1,5),(1,6),(1,7),(1,8),(1,9),(1,10),(1,11),(1,12),(1,13),(1,14),(1,15),(1,16),(1,17),(1,18),(1,19),(1,20),(1,21),(1,22),(1,23),(1,24),(1,25),(2,1),(2,4),(2,5),(2,6),(2,7),(2,8),(2,9),(2,10),(2,11),(2,12),(2,13),(2,14),(2,15),(2,16),(2,17),(2,18),(2,19),(2,20),(2,21),(2,22),(2,23),(2,24),(2,25),(3,1),(3,4),(3,5),(3,6),(3,7),(3,8),(3,9),(3,10),(3,11),(3,12),(3,13),(3,14),(3,15),(3,16),(3,17),(3,18),(3,19),(3,20),(3,21),(3,22),(3,24),(3,25),(4,1),(4,4),(4,5),(4,6),(4,7),(4,8),(4,9),(4,10),(4,11),(4,12),(4,13),(4,14),(4,15),(4,16),(4,17),(4,18),(4,19),(4,20),(4,21),(4,22),(4,23),(4,24),(4,25),(5,1),(5,15),(6,5),(6,6),(7,21),(7,22);
/*!40000 ALTER TABLE `PermissionAccessEntityTypeCategories` ENABLE KEYS */;
UNLOCK TABLES;

--
-- Table structure for table `PermissionAccessEntityTypes`
--

DROP TABLE IF EXISTS `PermissionAccessEntityTypes`;
/*!40101 SET @saved_cs_client     = @@character_set_client */;
/*!40101 SET character_set_client = utf8 */;
CREATE TABLE `PermissionAccessEntityTypes` (
  `petID` int(10) unsigned NOT NULL AUTO_INCREMENT,
  `petHandle` varchar(255) COLLATE utf8_unicode_ci NOT NULL,
  `petName` varchar(255) COLLATE utf8_unicode_ci NOT NULL,
  `pkgID` int(10) unsigned DEFAULT NULL,
  PRIMARY KEY (`petID`),
  UNIQUE KEY `petHandle` (`petHandle`),
  KEY `pkgID` (`pkgID`)
) ENGINE=InnoDB AUTO_INCREMENT=8 DEFAULT CHARSET=utf8 COLLATE=utf8_unicode_ci;
/*!40101 SET character_set_client = @saved_cs_client */;

--
-- Dumping data for table `PermissionAccessEntityTypes`
--

LOCK TABLES `PermissionAccessEntityTypes` WRITE;
/*!40000 ALTER TABLE `PermissionAccessEntityTypes` DISABLE KEYS */;
INSERT INTO `PermissionAccessEntityTypes` VALUES (1,'group','Group',0),(2,'user','User',0),(3,'group_set','Group Set',0),(4,'group_combination','Group Combination',0),(5,'page_owner','Page Owner',0),(6,'file_uploader','File Uploader',0),(7,'conversation_message_author','Message Author',0);
/*!40000 ALTER TABLE `PermissionAccessEntityTypes` ENABLE KEYS */;
UNLOCK TABLES;

--
-- Table structure for table `PermissionAccessEntityUsers`
--

DROP TABLE IF EXISTS `PermissionAccessEntityUsers`;
/*!40101 SET @saved_cs_client     = @@character_set_client */;
/*!40101 SET character_set_client = utf8 */;
CREATE TABLE `PermissionAccessEntityUsers` (
  `peID` int(10) unsigned NOT NULL DEFAULT '0',
  `uID` int(10) unsigned NOT NULL DEFAULT '0',
  PRIMARY KEY (`peID`,`uID`),
  KEY `uID` (`uID`)
) ENGINE=InnoDB DEFAULT CHARSET=utf8 COLLATE=utf8_unicode_ci;
/*!40101 SET character_set_client = @saved_cs_client */;

--
-- Dumping data for table `PermissionAccessEntityUsers`
--

LOCK TABLES `PermissionAccessEntityUsers` WRITE;
/*!40000 ALTER TABLE `PermissionAccessEntityUsers` DISABLE KEYS */;
INSERT INTO `PermissionAccessEntityUsers` VALUES (7,1);
/*!40000 ALTER TABLE `PermissionAccessEntityUsers` ENABLE KEYS */;
UNLOCK TABLES;

--
-- Table structure for table `PermissionAccessList`
--

DROP TABLE IF EXISTS `PermissionAccessList`;
/*!40101 SET @saved_cs_client     = @@character_set_client */;
/*!40101 SET character_set_client = utf8 */;
CREATE TABLE `PermissionAccessList` (
  `paID` int(10) unsigned NOT NULL DEFAULT '0',
  `peID` int(10) unsigned NOT NULL DEFAULT '0',
  `pdID` int(10) unsigned NOT NULL DEFAULT '0',
  `accessType` smallint(6) NOT NULL DEFAULT '0',
  PRIMARY KEY (`paID`,`peID`),
  KEY `accessType` (`accessType`),
  KEY `peID` (`peID`),
  KEY `peID_accessType` (`peID`,`accessType`),
  KEY `pdID` (`pdID`),
  KEY `permissionAccessDuration` (`paID`,`pdID`)
) ENGINE=InnoDB DEFAULT CHARSET=utf8 COLLATE=utf8_unicode_ci;
/*!40101 SET character_set_client = @saved_cs_client */;

--
-- Dumping data for table `PermissionAccessList`
--

LOCK TABLES `PermissionAccessList` WRITE;
/*!40000 ALTER TABLE `PermissionAccessList` DISABLE KEYS */;
INSERT INTO `PermissionAccessList` VALUES (1,1,0,10),(2,1,0,10),(3,1,0,10),(4,1,0,10),(5,1,0,10),(6,1,0,10),(7,1,0,10),(8,1,0,10),(9,1,0,10),(10,2,0,10),(11,1,0,10),(12,1,0,10),(13,1,0,10),(14,1,0,10),(15,1,0,10),(16,2,0,10),(17,1,0,10),(18,1,0,10),(19,1,0,10),(20,1,0,10),(21,1,0,10),(22,1,0,10),(23,1,0,10),(24,1,0,10),(25,1,0,10),(26,1,0,10),(27,1,0,10),(28,1,0,10),(29,1,0,10),(30,1,0,10),(31,1,0,10),(32,1,0,10),(33,1,0,10),(34,1,0,10),(35,1,0,10),(35,2,0,10),(36,1,0,10),(36,2,0,10),(37,1,0,10),(38,1,0,10),(39,3,0,10),(40,3,0,10),(41,3,0,10),(42,3,0,10),(43,1,0,10),(44,3,0,10),(45,2,0,10),(46,1,0,10),(46,2,0,10),(47,1,0,10),(48,1,0,10),(49,1,0,10),(50,1,0,10),(51,1,0,10),(52,1,0,10),(53,1,0,10),(54,1,0,10),(55,1,0,10),(56,2,0,10),(57,2,0,10),(58,2,0,10),(59,2,0,10),(60,1,0,10),(61,1,0,10),(62,1,0,10),(63,1,0,10),(64,1,0,10),(65,1,0,10),(66,1,0,10),(67,1,0,10),(68,1,0,10),(69,1,0,10),(70,1,0,10),(71,1,0,10),(72,1,0,10),(73,1,0,10),(74,1,0,10),(75,1,0,10),(76,1,0,10),(77,1,0,10),(78,1,0,10),(79,2,0,10),(80,1,0,10),(81,1,0,10),(82,1,0,10),(83,1,0,10),(84,1,0,10),(85,1,0,10),(86,1,0,10),(87,1,0,10),(88,1,0,10),(89,1,0,10),(90,1,0,10),(91,1,0,10),(92,1,0,10),(93,1,0,10),(94,1,0,10),(95,1,0,10),(96,1,0,10),(97,1,0,10),(98,1,0,10),(99,1,0,10),(100,1,0,10),(101,1,0,10),(102,2,0,10),(103,2,0,10),(104,1,0,10),(104,5,0,10),(105,1,0,10),(105,5,0,10),(106,1,0,10),(106,6,0,10),(107,1,0,10),(108,1,0,10),(109,1,0,10),(110,1,0,10),(110,7,0,10);
/*!40000 ALTER TABLE `PermissionAccessList` ENABLE KEYS */;
UNLOCK TABLES;

--
-- Table structure for table `PermissionAccessWorkflows`
--

DROP TABLE IF EXISTS `PermissionAccessWorkflows`;
/*!40101 SET @saved_cs_client     = @@character_set_client */;
/*!40101 SET character_set_client = utf8 */;
CREATE TABLE `PermissionAccessWorkflows` (
  `paID` int(10) unsigned NOT NULL DEFAULT '0',
  `wfID` int(10) unsigned NOT NULL DEFAULT '0',
  PRIMARY KEY (`paID`,`wfID`),
  KEY `wfID` (`wfID`)
) ENGINE=InnoDB DEFAULT CHARSET=utf8 COLLATE=utf8_unicode_ci;
/*!40101 SET character_set_client = @saved_cs_client */;

--
-- Dumping data for table `PermissionAccessWorkflows`
--

LOCK TABLES `PermissionAccessWorkflows` WRITE;
/*!40000 ALTER TABLE `PermissionAccessWorkflows` DISABLE KEYS */;
/*!40000 ALTER TABLE `PermissionAccessWorkflows` ENABLE KEYS */;
UNLOCK TABLES;

--
-- Table structure for table `PermissionAssignments`
--

DROP TABLE IF EXISTS `PermissionAssignments`;
/*!40101 SET @saved_cs_client     = @@character_set_client */;
/*!40101 SET character_set_client = utf8 */;
CREATE TABLE `PermissionAssignments` (
  `paID` int(10) unsigned NOT NULL DEFAULT '0',
  `pkID` int(10) unsigned NOT NULL DEFAULT '0',
  PRIMARY KEY (`paID`,`pkID`),
  KEY `pkID` (`pkID`)
) ENGINE=InnoDB DEFAULT CHARSET=utf8 COLLATE=utf8_unicode_ci;
/*!40101 SET character_set_client = @saved_cs_client */;

--
-- Dumping data for table `PermissionAssignments`
--

LOCK TABLES `PermissionAssignments` WRITE;
/*!40000 ALTER TABLE `PermissionAssignments` DISABLE KEYS */;
INSERT INTO `PermissionAssignments` VALUES (1,19),(2,20),(3,75),(4,76),(5,77),(6,79),(7,80),(8,81),(9,83),(10,84),(11,85),(12,86),(13,87),(14,88),(15,89),(16,90),(17,110),(18,112),(19,113),(20,114),(21,115),(22,116),(23,117),(24,118),(25,119),(26,120),(27,121),(28,122),(29,123),(30,124),(37,125),(38,126),(110,82);
/*!40000 ALTER TABLE `PermissionAssignments` ENABLE KEYS */;
UNLOCK TABLES;

--
-- Table structure for table `PermissionDurationObjects`
--

DROP TABLE IF EXISTS `PermissionDurationObjects`;
/*!40101 SET @saved_cs_client     = @@character_set_client */;
/*!40101 SET character_set_client = utf8 */;
CREATE TABLE `PermissionDurationObjects` (
  `pdID` int(10) unsigned NOT NULL AUTO_INCREMENT,
  `pdObject` text COLLATE utf8_unicode_ci NOT NULL,
  PRIMARY KEY (`pdID`)
) ENGINE=InnoDB DEFAULT CHARSET=utf8 COLLATE=utf8_unicode_ci;
/*!40101 SET character_set_client = @saved_cs_client */;

--
-- Dumping data for table `PermissionDurationObjects`
--

LOCK TABLES `PermissionDurationObjects` WRITE;
/*!40000 ALTER TABLE `PermissionDurationObjects` DISABLE KEYS */;
/*!40000 ALTER TABLE `PermissionDurationObjects` ENABLE KEYS */;
UNLOCK TABLES;

--
-- Table structure for table `PermissionKeyCategories`
--

DROP TABLE IF EXISTS `PermissionKeyCategories`;
/*!40101 SET @saved_cs_client     = @@character_set_client */;
/*!40101 SET character_set_client = utf8 */;
CREATE TABLE `PermissionKeyCategories` (
  `pkCategoryID` int(10) unsigned NOT NULL AUTO_INCREMENT,
  `pkCategoryHandle` varchar(255) COLLATE utf8_unicode_ci NOT NULL,
  `pkgID` int(10) unsigned DEFAULT NULL,
  PRIMARY KEY (`pkCategoryID`),
  UNIQUE KEY `pkCategoryHandle` (`pkCategoryHandle`),
  KEY `pkgID` (`pkgID`)
) ENGINE=InnoDB AUTO_INCREMENT=26 DEFAULT CHARSET=utf8 COLLATE=utf8_unicode_ci;
/*!40101 SET character_set_client = @saved_cs_client */;

--
-- Dumping data for table `PermissionKeyCategories`
--

LOCK TABLES `PermissionKeyCategories` WRITE;
/*!40000 ALTER TABLE `PermissionKeyCategories` DISABLE KEYS */;
INSERT INTO `PermissionKeyCategories` VALUES (1,'page',NULL),(2,'single_page',NULL),(3,'stack',NULL),(4,'user',NULL),(5,'file_folder',NULL),(6,'file',NULL),(7,'area',NULL),(8,'block_type',NULL),(9,'block',NULL),(10,'admin',NULL),(11,'notification',NULL),(12,'sitemap',NULL),(13,'marketplace_newsflow',NULL),(14,'basic_workflow',NULL),(15,'page_type',NULL),(16,'gathering',NULL),(17,'group_tree_node',NULL),(18,'express_tree_node',NULL),(19,'category_tree_node',NULL),(20,'topic_tree_node',NULL),(21,'conversation',NULL),(22,'conversation_message',NULL),(23,'multilingual_section',NULL),(24,'calendar_admin',NULL),(25,'calendar',NULL);
/*!40000 ALTER TABLE `PermissionKeyCategories` ENABLE KEYS */;
UNLOCK TABLES;

--
-- Table structure for table `PermissionKeys`
--

DROP TABLE IF EXISTS `PermissionKeys`;
/*!40101 SET @saved_cs_client     = @@character_set_client */;
/*!40101 SET character_set_client = utf8 */;
CREATE TABLE `PermissionKeys` (
  `pkID` int(10) unsigned NOT NULL AUTO_INCREMENT,
  `pkHandle` varchar(255) COLLATE utf8_unicode_ci NOT NULL,
  `pkName` varchar(255) COLLATE utf8_unicode_ci NOT NULL,
  `pkCanTriggerWorkflow` tinyint(1) NOT NULL DEFAULT '0',
  `pkHasCustomClass` tinyint(1) NOT NULL DEFAULT '0',
  `pkDescription` varchar(255) COLLATE utf8_unicode_ci DEFAULT NULL,
  `pkCategoryID` int(10) unsigned DEFAULT NULL,
  `pkgID` int(10) unsigned DEFAULT NULL,
  PRIMARY KEY (`pkID`),
  UNIQUE KEY `akHandle` (`pkHandle`),
  KEY `pkCategoryID` (`pkCategoryID`),
  KEY `pkgID` (`pkgID`)
) ENGINE=InnoDB AUTO_INCREMENT=127 DEFAULT CHARSET=utf8 COLLATE=utf8_unicode_ci;
/*!40101 SET character_set_client = @saved_cs_client */;

--
-- Dumping data for table `PermissionKeys`
--

LOCK TABLES `PermissionKeys` WRITE;
/*!40000 ALTER TABLE `PermissionKeys` DISABLE KEYS */;
INSERT INTO `PermissionKeys` VALUES (1,'view_page','View',0,0,'Can see a page exists and read its content.',1,0),(2,'view_page_versions','View Versions',0,0,'Can view the page versions dialog and read past versions of a page.',1,0),(3,'view_page_in_sitemap','View Page in Sitemap',0,0,'Controls whether a user can see a page in the sitemap or intelligent search.',1,0),(4,'preview_page_as_user','Preview Page As User',0,0,'Ability to see what this page will look like at a specific time in the future as a specific user.',1,0),(5,'edit_page_properties','Edit Properties',0,1,'Ability to change anything in the Page Properties menu.',1,0),(6,'edit_page_contents','Edit Contents',0,0,'Ability to make edits to at least some of the content in the page. You can lock down different block areas and specific blocks by clicking Permissions on them as well. ',1,0),(7,'edit_page_speed_settings','Edit Speed Settings',0,0,'Ability to change caching settings.',1,0),(8,'edit_page_theme','Change Theme',0,1,'Ability to change just the theme for this page.',1,0),(9,'edit_page_template','Change Page Template',0,0,'Ability to change just the page template for this page.',1,0),(10,'edit_page_page_type','Edit Page Type',0,0,'Change the type of an existing page.',1,0),(11,'edit_page_permissions','Edit Permissions',1,0,'Ability to change permissions for this page. Warning: by granting this a user could give themselves more access.',1,0),(12,'delete_page','Delete',1,0,'Ability to move this page to the site\'s Trash.',1,0),(13,'delete_page_versions','Delete Versions',1,0,'Ability to remove old versions of this page.',1,0),(14,'approve_page_versions','Approve Changes',1,0,'Can publish an unapproved version of the page.',1,0),(15,'add_subpage','Add Sub-Page',0,1,'Can add a page beneath the current page.',1,0),(16,'move_or_copy_page','Move or Copy Page',1,0,'Can move or copy this page to another location.',1,0),(17,'schedule_page_contents_guest_access','Schedule Guest Access',0,0,'Can control scheduled guest access to this page.',1,0),(18,'edit_page_multilingual_settings','Edit Multilingual Settings',0,0,'Controls whether a user can see the multilingual settings menu, re-map a page or set a page as ignored in multilingual settings.',1,0),(19,'add_block','Add Block',0,1,'Can add a block to any area on the site. If someone is added here they can add blocks to any area (unless that area has permissions that override these global permissions.)',8,0),(20,'add_stack','Add Stack',0,0,'Can add a stack or block from a stack to any area on the site. If someone is added here they can add stacks to any area (unless that area has permissions that override these global permissions.)',8,0),(21,'view_area','View Area',0,0,'Can view the area and its contents.',7,0),(22,'edit_area_contents','Edit Area Contents',0,0,'Can edit blocks within this area.',7,0),(23,'add_block_to_area','Add Block to Area',0,1,'Can add blocks to this area. This setting overrides the global Add Block permission for this area.',7,0),(24,'add_stack_to_area','Add Stack to Area',0,0,'Can add stacks to this area. This setting overrides the global Add Stack permission for this area.',7,0),(25,'add_layout_to_area','Add Layouts to Area',0,0,'Controls whether users get the ability to add layouts to a particular area.',7,0),(26,'edit_area_design','Edit Area Design',0,0,'Controls whether users see design controls and can modify an area\'s custom CSS.',7,0),(27,'edit_area_permissions','Edit Area Permissions',0,0,'Controls whether users can access the permissions on an area. Custom area permissions could override those of the page.',7,0),(28,'delete_area_contents','Delete Area Contents',0,0,'Controls whether users can delete blocks from this area.',7,0),(29,'schedule_area_contents_guest_access','Schedule Guest Access',0,0,'Controls whether users can schedule guest access permissions on blocks in this area. Guest Access is a shortcut for granting permissions just to the Guest Group.',7,0),(30,'view_block','View Block',0,0,'Controls whether users can view this block in the page.',9,0),(31,'edit_block','Edit Block',0,0,'Controls whether users can edit this block. This overrides any area or page permissions.',9,0),(32,'edit_block_custom_template','Change Custom Template',0,0,'Controls whether users can change the custom template on this block. This overrides any area or page permissions.',9,0),(33,'edit_block_cache_settings','Edit Cache Settings',0,0,'Controls whether users can change the block cache settings for this block instance.',9,0),(34,'edit_block_name','Edit Name',0,0,'Controls whether users can change the block\'s name (rarely used.)',9,0),(35,'delete_block','Delete Block',0,0,'Controls whether users can delete this block. This overrides any area or page permissions.',9,0),(36,'edit_block_design','Edit Design',0,0,'Controls whether users can set custom design properties or CSS on this block.',9,0),(37,'edit_block_permissions','Edit Permissions',0,0,'Controls whether users can change permissions on this block, potentially granting themselves or others greater access.',9,0),(38,'schedule_guest_access','Schedule Guest Access',0,0,'Controls whether users can schedule guest access permissions on this block. Guest Access is a shortcut for granting permissions just to the Guest Group.',9,0),(39,'view_file_folder_file','View Files',0,0,'View files within folder in the site.',5,0),(40,'search_file_folder','Search File Folder',0,0,'See this file folder in the file manager',5,0),(41,'edit_file_folder','Edit File Folder',0,0,'Edit a file folder.',5,0),(42,'edit_file_folder_file_properties','Edit File Properties',0,0,'Can edit a file\'s properties.',5,0),(43,'edit_file_folder_file_contents','Edit File Contents',0,0,'Can edit or replace files in folder.',5,0),(44,'copy_file_folder_files','Copy File',0,0,'Can copy files in file folder.',5,0),(45,'edit_file_folder_permissions','Edit File Access',0,0,'Can edit access to file folder.',5,0),(46,'delete_file_folder','Delete File Set',0,0,'Can delete file folder.',5,0),(47,'delete_file_folder_files','Delete File',0,0,'Can delete files in folder.',5,0),(48,'add_file','Add File',0,1,'Can add files to folder.',5,0),(49,'view_file','View Files',0,0,'Can view and download files.',6,0),(50,'view_file_in_file_manager','View File in File Manager',0,0,'Can access the File Manager.',6,0),(51,'edit_file_properties','Edit File Properties',0,0,'Can edit a file\'s properties.',6,0),(52,'edit_file_contents','Edit File Contents',0,0,'Can edit or replace files.',6,0),(53,'copy_file','Copy File',0,0,'Can copy file.',6,0),(54,'edit_file_permissions','Edit File Access',0,0,'Can edit access to file.',6,0),(55,'delete_file','Delete File',0,0,'Can delete file.',6,0),(56,'approve_basic_workflow_action','Approve or Deny',0,0,'Grant ability to approve workflow.',14,0),(57,'notify_on_basic_workflow_entry','Notify on Entry',0,0,'Notify approvers that a change has entered the workflow.',14,0),(58,'notify_on_basic_workflow_approve','Notify on Approve',0,0,'Notify approvers that a change has been approved.',14,0),(59,'notify_on_basic_workflow_deny','Notify on Deny',0,0,'Notify approvers that a change has been denied.',14,0),(60,'add_page_type','Add Pages of This Type',0,0,'',15,0),(61,'edit_page_type','Edit Page Type',0,0,'',15,0),(62,'delete_page_type','Delete Page Type',0,0,'',15,0),(63,'edit_page_type_permissions','Edit Page Type Permissions',0,0,'',15,0),(64,'edit_page_type_drafts','Edit Page Type Drafts',0,0,'',15,0),(65,'view_topic_tree_node','View Topic Tree Node',0,0,'',20,0),(66,'view_category_tree_node','View Category Tree Node',0,0,'',19,0),(67,'add_conversation_message','Add Message to Conversation',0,1,'',21,0),(68,'add_conversation_message_attachments','Add Message Attachments',0,0,'',21,0),(69,'edit_conversation_permissions','Edit Conversation Permissions',0,0,'',21,0),(70,'delete_conversation_message','Delete Message',0,0,'',21,0),(71,'edit_conversation_message','Edit Message',0,0,'',21,0),(72,'rate_conversation_message','Rate Message',0,0,'',21,0),(73,'flag_conversation_message','Flag Message',0,0,'',21,0),(74,'approve_conversation_message','Approve Message',0,0,'',21,0),(75,'edit_user_properties','Edit User Details',0,1,NULL,4,0),(76,'view_user_attributes','View User Attributes',0,1,NULL,4,0),(77,'activate_user','Activate/Deactivate User',1,0,NULL,4,0),(78,'sudo','Sign in as User',0,0,NULL,4,0),(79,'upgrade','Upgrade concrete5',0,0,NULL,10,0),(80,'access_group_search','Access Group Search',0,0,NULL,4,0),(81,'delete_user','Delete User',1,0,NULL,4,0),(82,'notify_in_notification_center','Notify in Notification Center',0,1,'Controls who receives updates in the notification center.',11,0),(83,'add_calendar','Add Calendar',0,0,'',24,0),(84,'view_calendars','View Calendars',0,0,'',24,0),(85,'edit_calendars','Edit Calendars',0,0,'',24,0),(86,'edit_calendars_permissions','Edit Permissions',0,0,'',24,0),(87,'add_calendar_events','Add Calendar Events',0,0,'',24,0),(88,'approve_calendar_events','Approve Calendar Events',1,0,'',24,0),(89,'delete_calendars','Delete Calendars',0,0,'',24,0),(90,'access_calendar_rss_feeds','Access RSS Feeds',0,0,'',24,0),(91,'view_calendar','View Calendar',0,0,'',25,0),(92,'view_calendar_in_edit_interface','View in Edit Interface',0,0,'',25,0),(93,'edit_calendar_permissions','Edit Permissions',0,0,'',25,0),(94,'edit_calendar','Edit Calendar',0,0,'',25,0),(95,'add_calendar_event','Add Calendar Event',0,0,'',25,0),(96,'approve_calendar_event','Approve Calendar Event',1,0,'',25,0),(97,'edit_calendar_event_more_details_location','Modify More Details Location',0,0,'',25,0),(98,'edit_calendar_events','Edit Calendar Events',0,0,'',25,0),(99,'access_calendar_rss_feed','Access RSS Feed',0,0,'',25,0),(100,'delete_calendar','Delete Calendar',0,0,'',25,0),(101,'view_express_entries','View Entries',0,0,NULL,18,0),(102,'add_express_entries','Add Entry',0,0,NULL,18,0),(103,'edit_express_entries','Edit Entry',0,0,NULL,18,0),(104,'delete_express_entries','Delete Entry',0,0,NULL,18,0),(105,'search_users_in_group','Search User Group',0,0,NULL,17,0),(106,'edit_group','Edit Group',0,0,NULL,17,0),(107,'assign_group','Assign Group',0,0,NULL,17,0),(108,'add_sub_group','Add Child Group',0,0,NULL,17,0),(109,'edit_group_permissions','Edit Group Permissions',0,0,NULL,17,0),(110,'access_page_type_permissions','Access Page Type Permissions',0,0,NULL,10,0),(111,'access_task_permissions','Access Task Permissions',0,0,NULL,10,0),(112,'access_sitemap','Access Sitemap',0,0,NULL,12,0),(113,'access_page_defaults','Access Page Type Defaults',0,0,NULL,10,0),(114,'customize_themes','Customize Themes',0,0,NULL,10,0),(115,'manage_layout_presets','Manage Layout Presets',0,0,NULL,10,0),(116,'empty_trash','Empty Trash',0,0,NULL,10,0),(117,'add_topic_tree','Add Topic Tree',0,0,NULL,10,0),(118,'remove_topic_tree','Remove Topic Tree',0,0,NULL,10,0),(119,'view_in_maintenance_mode','View Site in Maintenance Mode',0,0,'Ability to see and use the website when concrete5 is in maintenance mode.',10,0),(120,'uninstall_packages','Uninstall Packages',0,0,NULL,13,0),(121,'install_packages','Install Packages',0,0,NULL,13,0),(122,'view_newsflow','View Newsflow',0,0,NULL,13,0),(123,'access_user_search_export','Export Site Users',0,0,'Controls whether a user can export site users or not',4,0),(124,'access_user_search','Access User Search',0,0,'Controls whether a user can view the search user interface.',4,0),(125,'edit_gatherings','Edit Gatherings',0,0,'Can edit the footprint and items in all gatherings.',10,0),(126,'edit_gathering_items','Edit Gathering Items',0,0,'',16,0);
/*!40000 ALTER TABLE `PermissionKeys` ENABLE KEYS */;
UNLOCK TABLES;

--
-- Table structure for table `PileContents`
--

DROP TABLE IF EXISTS `PileContents`;
/*!40101 SET @saved_cs_client     = @@character_set_client */;
/*!40101 SET character_set_client = utf8 */;
CREATE TABLE `PileContents` (
  `pcID` int(10) unsigned NOT NULL AUTO_INCREMENT,
  `pID` int(10) unsigned NOT NULL DEFAULT '0',
  `itemID` int(10) unsigned NOT NULL DEFAULT '0',
  `itemType` varchar(64) COLLATE utf8_unicode_ci NOT NULL,
  `quantity` int(10) unsigned NOT NULL DEFAULT '1',
  `timestamp` timestamp NOT NULL DEFAULT CURRENT_TIMESTAMP,
  `displayOrder` int(10) unsigned NOT NULL DEFAULT '0',
  PRIMARY KEY (`pcID`),
  KEY `pID` (`pID`,`displayOrder`),
  KEY `itemID` (`itemID`),
  KEY `itemType` (`itemType`,`itemID`,`pID`)
) ENGINE=InnoDB DEFAULT CHARSET=utf8 COLLATE=utf8_unicode_ci;
/*!40101 SET character_set_client = @saved_cs_client */;

--
-- Dumping data for table `PileContents`
--

LOCK TABLES `PileContents` WRITE;
/*!40000 ALTER TABLE `PileContents` DISABLE KEYS */;
/*!40000 ALTER TABLE `PileContents` ENABLE KEYS */;
UNLOCK TABLES;

--
-- Table structure for table `Piles`
--

DROP TABLE IF EXISTS `Piles`;
/*!40101 SET @saved_cs_client     = @@character_set_client */;
/*!40101 SET character_set_client = utf8 */;
CREATE TABLE `Piles` (
  `pID` int(10) unsigned NOT NULL AUTO_INCREMENT,
  `uID` int(10) unsigned DEFAULT NULL,
  `isDefault` tinyint(1) NOT NULL DEFAULT '0',
  `timestamp` timestamp NOT NULL DEFAULT CURRENT_TIMESTAMP,
  `name` varchar(255) COLLATE utf8_unicode_ci DEFAULT NULL,
  `state` varchar(64) COLLATE utf8_unicode_ci NOT NULL,
  PRIMARY KEY (`pID`),
  KEY `uID` (`uID`,`name`)
) ENGINE=InnoDB AUTO_INCREMENT=2 DEFAULT CHARSET=utf8 COLLATE=utf8_unicode_ci;
/*!40101 SET character_set_client = @saved_cs_client */;

--
-- Dumping data for table `Piles`
--

LOCK TABLES `Piles` WRITE;
/*!40000 ALTER TABLE `Piles` DISABLE KEYS */;
INSERT INTO `Piles` VALUES (1,1,1,'2018-02-07 03:17:46',NULL,'READY');
/*!40000 ALTER TABLE `Piles` ENABLE KEYS */;
UNLOCK TABLES;

--
-- Table structure for table `PrivateMessageNotifications`
--

DROP TABLE IF EXISTS `PrivateMessageNotifications`;
/*!40101 SET @saved_cs_client     = @@character_set_client */;
/*!40101 SET character_set_client = utf8 */;
CREATE TABLE `PrivateMessageNotifications` (
  `msgID` int(10) unsigned NOT NULL,
  `nID` int(10) unsigned NOT NULL,
  PRIMARY KEY (`nID`),
  CONSTRAINT `FK_1AB97592ED024EFD` FOREIGN KEY (`nID`) REFERENCES `Notifications` (`nID`) ON DELETE CASCADE
) ENGINE=InnoDB DEFAULT CHARSET=utf8 COLLATE=utf8_unicode_ci;
/*!40101 SET character_set_client = @saved_cs_client */;

--
-- Dumping data for table `PrivateMessageNotifications`
--

LOCK TABLES `PrivateMessageNotifications` WRITE;
/*!40000 ALTER TABLE `PrivateMessageNotifications` DISABLE KEYS */;
/*!40000 ALTER TABLE `PrivateMessageNotifications` ENABLE KEYS */;
UNLOCK TABLES;

--
-- Table structure for table `QueueMessages`
--

DROP TABLE IF EXISTS `QueueMessages`;
/*!40101 SET @saved_cs_client     = @@character_set_client */;
/*!40101 SET character_set_client = utf8 */;
CREATE TABLE `QueueMessages` (
  `message_id` int(10) unsigned NOT NULL AUTO_INCREMENT,
  `queue_id` int(10) unsigned NOT NULL,
  `handle` varchar(32) COLLATE utf8_unicode_ci DEFAULT NULL,
  `body` longtext COLLATE utf8_unicode_ci NOT NULL,
  `md5` varchar(32) COLLATE utf8_unicode_ci NOT NULL,
  `timeout` decimal(14,0) DEFAULT NULL,
  `created` int(10) unsigned NOT NULL,
  PRIMARY KEY (`message_id`),
  UNIQUE KEY `message_handle` (`handle`),
  KEY `message_queueid` (`queue_id`),
  CONSTRAINT `FK_7C04D76477B5BAE` FOREIGN KEY (`queue_id`) REFERENCES `Queues` (`queue_id`) ON DELETE CASCADE ON UPDATE CASCADE
) ENGINE=InnoDB DEFAULT CHARSET=utf8 COLLATE=utf8_unicode_ci;
/*!40101 SET character_set_client = @saved_cs_client */;

--
-- Dumping data for table `QueueMessages`
--

LOCK TABLES `QueueMessages` WRITE;
/*!40000 ALTER TABLE `QueueMessages` DISABLE KEYS */;
/*!40000 ALTER TABLE `QueueMessages` ENABLE KEYS */;
UNLOCK TABLES;

--
-- Table structure for table `QueuePageDuplicationRelations`
--

DROP TABLE IF EXISTS `QueuePageDuplicationRelations`;
/*!40101 SET @saved_cs_client     = @@character_set_client */;
/*!40101 SET character_set_client = utf8 */;
CREATE TABLE `QueuePageDuplicationRelations` (
  `queue_name` varchar(255) COLLATE utf8_unicode_ci NOT NULL,
  `cID` int(10) unsigned NOT NULL DEFAULT '0',
  `originalCID` int(10) unsigned NOT NULL DEFAULT '0',
  PRIMARY KEY (`cID`,`originalCID`),
  KEY `originalCID` (`originalCID`,`queue_name`)
) ENGINE=InnoDB DEFAULT CHARSET=utf8 COLLATE=utf8_unicode_ci;
/*!40101 SET character_set_client = @saved_cs_client */;

--
-- Dumping data for table `QueuePageDuplicationRelations`
--

LOCK TABLES `QueuePageDuplicationRelations` WRITE;
/*!40000 ALTER TABLE `QueuePageDuplicationRelations` DISABLE KEYS */;
/*!40000 ALTER TABLE `QueuePageDuplicationRelations` ENABLE KEYS */;
UNLOCK TABLES;

--
-- Table structure for table `Queues`
--

DROP TABLE IF EXISTS `Queues`;
/*!40101 SET @saved_cs_client     = @@character_set_client */;
/*!40101 SET character_set_client = utf8 */;
CREATE TABLE `Queues` (
  `queue_id` int(10) unsigned NOT NULL AUTO_INCREMENT,
  `queue_name` varchar(100) COLLATE utf8_unicode_ci NOT NULL,
  `timeout` int(10) unsigned NOT NULL DEFAULT '30',
  PRIMARY KEY (`queue_id`),
  KEY `queue_name` (`queue_name`)
) ENGINE=InnoDB DEFAULT CHARSET=utf8 COLLATE=utf8_unicode_ci;
/*!40101 SET character_set_client = @saved_cs_client */;

--
-- Dumping data for table `Queues`
--

LOCK TABLES `Queues` WRITE;
/*!40000 ALTER TABLE `Queues` DISABLE KEYS */;
/*!40000 ALTER TABLE `Queues` ENABLE KEYS */;
UNLOCK TABLES;

--
-- Table structure for table `SavedFileSearchQueries`
--

DROP TABLE IF EXISTS `SavedFileSearchQueries`;
/*!40101 SET @saved_cs_client     = @@character_set_client */;
/*!40101 SET character_set_client = utf8 */;
CREATE TABLE `SavedFileSearchQueries` (
  `id` int(11) NOT NULL AUTO_INCREMENT,
  `presetName` varchar(255) COLLATE utf8_unicode_ci NOT NULL,
  `query_fields` longtext COLLATE utf8_unicode_ci NOT NULL COMMENT '(DC2Type:object)',
  `query_columns` longtext COLLATE utf8_unicode_ci NOT NULL COMMENT '(DC2Type:object)',
  `query_itemsPerPage` smallint(6) NOT NULL,
  PRIMARY KEY (`id`)
) ENGINE=InnoDB DEFAULT CHARSET=utf8 COLLATE=utf8_unicode_ci;
/*!40101 SET character_set_client = @saved_cs_client */;

--
-- Dumping data for table `SavedFileSearchQueries`
--

LOCK TABLES `SavedFileSearchQueries` WRITE;
/*!40000 ALTER TABLE `SavedFileSearchQueries` DISABLE KEYS */;
/*!40000 ALTER TABLE `SavedFileSearchQueries` ENABLE KEYS */;
UNLOCK TABLES;

--
-- Table structure for table `SavedPageSearchQueries`
--

DROP TABLE IF EXISTS `SavedPageSearchQueries`;
/*!40101 SET @saved_cs_client     = @@character_set_client */;
/*!40101 SET character_set_client = utf8 */;
CREATE TABLE `SavedPageSearchQueries` (
  `id` int(11) NOT NULL AUTO_INCREMENT,
  `presetName` varchar(255) COLLATE utf8_unicode_ci NOT NULL,
  `query_fields` longtext COLLATE utf8_unicode_ci NOT NULL COMMENT '(DC2Type:object)',
  `query_columns` longtext COLLATE utf8_unicode_ci NOT NULL COMMENT '(DC2Type:object)',
  `query_itemsPerPage` smallint(6) NOT NULL,
  PRIMARY KEY (`id`)
) ENGINE=InnoDB DEFAULT CHARSET=utf8 COLLATE=utf8_unicode_ci;
/*!40101 SET character_set_client = @saved_cs_client */;

--
-- Dumping data for table `SavedPageSearchQueries`
--

LOCK TABLES `SavedPageSearchQueries` WRITE;
/*!40000 ALTER TABLE `SavedPageSearchQueries` DISABLE KEYS */;
/*!40000 ALTER TABLE `SavedPageSearchQueries` ENABLE KEYS */;
UNLOCK TABLES;

--
-- Table structure for table `SavedUserSearchQueries`
--

DROP TABLE IF EXISTS `SavedUserSearchQueries`;
/*!40101 SET @saved_cs_client     = @@character_set_client */;
/*!40101 SET character_set_client = utf8 */;
CREATE TABLE `SavedUserSearchQueries` (
  `id` int(11) NOT NULL AUTO_INCREMENT,
  `presetName` varchar(255) COLLATE utf8_unicode_ci NOT NULL,
  `query_fields` longtext COLLATE utf8_unicode_ci NOT NULL COMMENT '(DC2Type:object)',
  `query_columns` longtext COLLATE utf8_unicode_ci NOT NULL COMMENT '(DC2Type:object)',
  `query_itemsPerPage` smallint(6) NOT NULL,
  PRIMARY KEY (`id`)
) ENGINE=InnoDB DEFAULT CHARSET=utf8 COLLATE=utf8_unicode_ci;
/*!40101 SET character_set_client = @saved_cs_client */;

--
-- Dumping data for table `SavedUserSearchQueries`
--

LOCK TABLES `SavedUserSearchQueries` WRITE;
/*!40000 ALTER TABLE `SavedUserSearchQueries` DISABLE KEYS */;
/*!40000 ALTER TABLE `SavedUserSearchQueries` ENABLE KEYS */;
UNLOCK TABLES;

--
-- Table structure for table `Sessions`
--

DROP TABLE IF EXISTS `Sessions`;
/*!40101 SET @saved_cs_client     = @@character_set_client */;
/*!40101 SET character_set_client = utf8 */;
CREATE TABLE `Sessions` (
  `sessionID` varchar(255) COLLATE utf8_unicode_ci NOT NULL,
  `sessionValue` text COLLATE utf8_unicode_ci NOT NULL,
  `sessionTime` int(10) unsigned NOT NULL,
  `sessionLifeTime` int(10) unsigned NOT NULL,
  PRIMARY KEY (`sessionID`)
) ENGINE=InnoDB DEFAULT CHARSET=utf8 COLLATE=utf8_unicode_ci;
/*!40101 SET character_set_client = @saved_cs_client */;

--
-- Dumping data for table `Sessions`
--

LOCK TABLES `Sessions` WRITE;
/*!40000 ALTER TABLE `Sessions` DISABLE KEYS */;
/*!40000 ALTER TABLE `Sessions` ENABLE KEYS */;
UNLOCK TABLES;

--
-- Table structure for table `SiblingPageRelations`
--

DROP TABLE IF EXISTS `SiblingPageRelations`;
/*!40101 SET @saved_cs_client     = @@character_set_client */;
/*!40101 SET character_set_client = utf8 */;
CREATE TABLE `SiblingPageRelations` (
  `mpRelationID` int(10) unsigned NOT NULL,
  `cID` int(10) unsigned NOT NULL,
  PRIMARY KEY (`mpRelationID`,`cID`)
) ENGINE=InnoDB DEFAULT CHARSET=utf8 COLLATE=utf8_unicode_ci;
/*!40101 SET character_set_client = @saved_cs_client */;

--
-- Dumping data for table `SiblingPageRelations`
--

LOCK TABLES `SiblingPageRelations` WRITE;
/*!40000 ALTER TABLE `SiblingPageRelations` DISABLE KEYS */;
/*!40000 ALTER TABLE `SiblingPageRelations` ENABLE KEYS */;
UNLOCK TABLES;

--
-- Table structure for table `SiteAttributeKeys`
--

DROP TABLE IF EXISTS `SiteAttributeKeys`;
/*!40101 SET @saved_cs_client     = @@character_set_client */;
/*!40101 SET character_set_client = utf8 */;
CREATE TABLE `SiteAttributeKeys` (
  `akID` int(10) unsigned NOT NULL,
  PRIMARY KEY (`akID`),
  CONSTRAINT `FK_63D1E182B6561A7E` FOREIGN KEY (`akID`) REFERENCES `AttributeKeys` (`akID`) ON DELETE CASCADE
) ENGINE=InnoDB DEFAULT CHARSET=utf8 COLLATE=utf8_unicode_ci;
/*!40101 SET character_set_client = @saved_cs_client */;

--
-- Dumping data for table `SiteAttributeKeys`
--

LOCK TABLES `SiteAttributeKeys` WRITE;
/*!40000 ALTER TABLE `SiteAttributeKeys` DISABLE KEYS */;
/*!40000 ALTER TABLE `SiteAttributeKeys` ENABLE KEYS */;
UNLOCK TABLES;

--
-- Table structure for table `SiteAttributeValues`
--

DROP TABLE IF EXISTS `SiteAttributeValues`;
/*!40101 SET @saved_cs_client     = @@character_set_client */;
/*!40101 SET character_set_client = utf8 */;
CREATE TABLE `SiteAttributeValues` (
  `siteID` int(10) unsigned NOT NULL,
  `akID` int(10) unsigned NOT NULL,
  `avID` int(10) unsigned DEFAULT NULL,
  PRIMARY KEY (`siteID`,`akID`),
  KEY `IDX_67658AF7521D8435` (`siteID`),
  KEY `IDX_67658AF7B6561A7E` (`akID`),
  KEY `IDX_67658AF7A2A82A5D` (`avID`),
  CONSTRAINT `FK_67658AF7521D8435` FOREIGN KEY (`siteID`) REFERENCES `Sites` (`siteID`),
  CONSTRAINT `FK_67658AF7A2A82A5D` FOREIGN KEY (`avID`) REFERENCES `AttributeValues` (`avID`),
  CONSTRAINT `FK_67658AF7B6561A7E` FOREIGN KEY (`akID`) REFERENCES `AttributeKeys` (`akID`)
) ENGINE=InnoDB DEFAULT CHARSET=utf8 COLLATE=utf8_unicode_ci;
/*!40101 SET character_set_client = @saved_cs_client */;

--
-- Dumping data for table `SiteAttributeValues`
--

LOCK TABLES `SiteAttributeValues` WRITE;
/*!40000 ALTER TABLE `SiteAttributeValues` DISABLE KEYS */;
/*!40000 ALTER TABLE `SiteAttributeValues` ENABLE KEYS */;
UNLOCK TABLES;

--
-- Table structure for table `SiteLocales`
--

DROP TABLE IF EXISTS `SiteLocales`;
/*!40101 SET @saved_cs_client     = @@character_set_client */;
/*!40101 SET character_set_client = utf8 */;
CREATE TABLE `SiteLocales` (
  `siteLocaleID` int(10) unsigned NOT NULL AUTO_INCREMENT,
  `msIsDefault` tinyint(1) NOT NULL,
  `msLanguage` varchar(32) COLLATE utf8_unicode_ci NOT NULL,
  `msCountry` varchar(32) COLLATE utf8_unicode_ci NOT NULL,
  `msNumPlurals` int(11) NOT NULL,
  `msPluralRule` varchar(400) COLLATE utf8_unicode_ci NOT NULL,
  `msPluralCases` varchar(1000) COLLATE utf8_unicode_ci NOT NULL,
  `siteID` int(10) unsigned DEFAULT NULL,
  `siteTreeID` int(10) unsigned DEFAULT NULL,
  PRIMARY KEY (`siteLocaleID`),
  UNIQUE KEY `UNIQ_2527AB2CF9431B4B` (`siteTreeID`),
  KEY `IDX_2527AB2C521D8435` (`siteID`),
  CONSTRAINT `FK_2527AB2C521D8435` FOREIGN KEY (`siteID`) REFERENCES `Sites` (`siteID`),
  CONSTRAINT `FK_2527AB2CF9431B4B` FOREIGN KEY (`siteTreeID`) REFERENCES `SiteTreeTrees` (`siteTreeID`)
) ENGINE=InnoDB AUTO_INCREMENT=2 DEFAULT CHARSET=utf8 COLLATE=utf8_unicode_ci;
/*!40101 SET character_set_client = @saved_cs_client */;

--
-- Dumping data for table `SiteLocales`
--

LOCK TABLES `SiteLocales` WRITE;
/*!40000 ALTER TABLE `SiteLocales` DISABLE KEYS */;
INSERT INTO `SiteLocales` VALUES (1,1,'en','US',2,'n != 1','one@1\nother@0, 2~16, 100, 1000, 10000, 100000, 1000000, ',1,1);
/*!40000 ALTER TABLE `SiteLocales` ENABLE KEYS */;
UNLOCK TABLES;

--
-- Table structure for table `SiteSearchIndexAttributes`
--

DROP TABLE IF EXISTS `SiteSearchIndexAttributes`;
/*!40101 SET @saved_cs_client     = @@character_set_client */;
/*!40101 SET character_set_client = utf8 */;
CREATE TABLE `SiteSearchIndexAttributes` (
  `siteID` int(10) unsigned NOT NULL DEFAULT '0',
  `ak_test` longtext COLLATE utf8_unicode_ci,
  `ak_orgID` longtext COLLATE utf8_unicode_ci,
  PRIMARY KEY (`siteID`)
) ENGINE=InnoDB DEFAULT CHARSET=utf8 COLLATE=utf8_unicode_ci;
/*!40101 SET character_set_client = @saved_cs_client */;

--
-- Dumping data for table `SiteSearchIndexAttributes`
--

LOCK TABLES `SiteSearchIndexAttributes` WRITE;
/*!40000 ALTER TABLE `SiteSearchIndexAttributes` DISABLE KEYS */;
INSERT INTO `SiteSearchIndexAttributes` VALUES (1,'this is the test attrib',NULL);
/*!40000 ALTER TABLE `SiteSearchIndexAttributes` ENABLE KEYS */;
UNLOCK TABLES;

--
-- Table structure for table `SiteTreeTrees`
--

DROP TABLE IF EXISTS `SiteTreeTrees`;
/*!40101 SET @saved_cs_client     = @@character_set_client */;
/*!40101 SET character_set_client = utf8 */;
CREATE TABLE `SiteTreeTrees` (
  `siteLocaleID` int(10) unsigned DEFAULT NULL,
  `siteTreeID` int(10) unsigned NOT NULL,
  PRIMARY KEY (`siteTreeID`),
  UNIQUE KEY `UNIQ_A4B9696EACD624CD` (`siteLocaleID`),
  CONSTRAINT `FK_A4B9696EACD624CD` FOREIGN KEY (`siteLocaleID`) REFERENCES `SiteLocales` (`siteLocaleID`),
  CONSTRAINT `FK_A4B9696EF9431B4B` FOREIGN KEY (`siteTreeID`) REFERENCES `SiteTrees` (`siteTreeID`) ON DELETE CASCADE
) ENGINE=InnoDB DEFAULT CHARSET=utf8 COLLATE=utf8_unicode_ci;
/*!40101 SET character_set_client = @saved_cs_client */;

--
-- Dumping data for table `SiteTreeTrees`
--

LOCK TABLES `SiteTreeTrees` WRITE;
/*!40000 ALTER TABLE `SiteTreeTrees` DISABLE KEYS */;
INSERT INTO `SiteTreeTrees` VALUES (1,1);
/*!40000 ALTER TABLE `SiteTreeTrees` ENABLE KEYS */;
UNLOCK TABLES;

--
-- Table structure for table `SiteTrees`
--

DROP TABLE IF EXISTS `SiteTrees`;
/*!40101 SET @saved_cs_client     = @@character_set_client */;
/*!40101 SET character_set_client = utf8 */;
CREATE TABLE `SiteTrees` (
  `siteTreeID` int(10) unsigned NOT NULL AUTO_INCREMENT,
  `siteHomePageID` int(10) unsigned NOT NULL,
  `treeType` varchar(255) COLLATE utf8_unicode_ci NOT NULL,
  PRIMARY KEY (`siteTreeID`)
) ENGINE=InnoDB AUTO_INCREMENT=2 DEFAULT CHARSET=utf8 COLLATE=utf8_unicode_ci;
/*!40101 SET character_set_client = @saved_cs_client */;

--
-- Dumping data for table `SiteTrees`
--

LOCK TABLES `SiteTrees` WRITE;
/*!40000 ALTER TABLE `SiteTrees` DISABLE KEYS */;
INSERT INTO `SiteTrees` VALUES (1,1,'sitetree');
/*!40000 ALTER TABLE `SiteTrees` ENABLE KEYS */;
UNLOCK TABLES;

--
-- Table structure for table `SiteTypes`
--

DROP TABLE IF EXISTS `SiteTypes`;
/*!40101 SET @saved_cs_client     = @@character_set_client */;
/*!40101 SET character_set_client = utf8 */;
CREATE TABLE `SiteTypes` (
  `siteTypeID` int(10) unsigned NOT NULL AUTO_INCREMENT,
  `siteTypeHandle` varchar(255) COLLATE utf8_unicode_ci NOT NULL,
  `siteTypeName` varchar(255) COLLATE utf8_unicode_ci NOT NULL,
  `siteTypeThemeID` int(11) NOT NULL,
  `siteTypeHomePageTemplateID` int(11) NOT NULL,
  `pkgID` int(10) unsigned DEFAULT NULL,
  PRIMARY KEY (`siteTypeID`),
  UNIQUE KEY `UNIQ_7CBFE97576D39A3C` (`siteTypeHandle`),
  UNIQUE KEY `UNIQ_7CBFE975C7F74FC3` (`siteTypeName`),
  KEY `IDX_7CBFE975CE45CBB0` (`pkgID`),
  CONSTRAINT `FK_7CBFE975CE45CBB0` FOREIGN KEY (`pkgID`) REFERENCES `Packages` (`pkgID`)
) ENGINE=InnoDB AUTO_INCREMENT=2 DEFAULT CHARSET=utf8 COLLATE=utf8_unicode_ci;
/*!40101 SET character_set_client = @saved_cs_client */;

--
-- Dumping data for table `SiteTypes`
--

LOCK TABLES `SiteTypes` WRITE;
/*!40000 ALTER TABLE `SiteTypes` DISABLE KEYS */;
INSERT INTO `SiteTypes` VALUES (1,'default','Default Site Type',0,0,NULL);
/*!40000 ALTER TABLE `SiteTypes` ENABLE KEYS */;
UNLOCK TABLES;

--
-- Table structure for table `Sites`
--

DROP TABLE IF EXISTS `Sites`;
/*!40101 SET @saved_cs_client     = @@character_set_client */;
/*!40101 SET character_set_client = utf8 */;
CREATE TABLE `Sites` (
  `siteID` int(10) unsigned NOT NULL AUTO_INCREMENT,
  `pThemeID` int(10) unsigned NOT NULL,
  `siteIsDefault` tinyint(1) NOT NULL,
  `siteHandle` varchar(255) COLLATE utf8_unicode_ci NOT NULL,
  `siteTypeID` int(10) unsigned DEFAULT NULL,
  PRIMARY KEY (`siteID`),
  UNIQUE KEY `UNIQ_7DC18567D84E1976` (`siteHandle`),
  KEY `IDX_7DC18567E9548DF7` (`siteTypeID`),
  CONSTRAINT `FK_7DC18567E9548DF7` FOREIGN KEY (`siteTypeID`) REFERENCES `SiteTypes` (`siteTypeID`)
) ENGINE=InnoDB AUTO_INCREMENT=2 DEFAULT CHARSET=utf8 COLLATE=utf8_unicode_ci;
/*!40101 SET character_set_client = @saved_cs_client */;

--
-- Dumping data for table `Sites`
--

LOCK TABLES `Sites` WRITE;
/*!40000 ALTER TABLE `Sites` DISABLE KEYS */;
INSERT INTO `Sites` VALUES (1,2,1,'default',1);
/*!40000 ALTER TABLE `Sites` ENABLE KEYS */;
UNLOCK TABLES;

--
-- Table structure for table `SocialLinks`
--

DROP TABLE IF EXISTS `SocialLinks`;
/*!40101 SET @saved_cs_client     = @@character_set_client */;
/*!40101 SET character_set_client = utf8 */;
CREATE TABLE `SocialLinks` (
  `ssHandle` varchar(255) COLLATE utf8_unicode_ci NOT NULL,
  `url` varchar(255) COLLATE utf8_unicode_ci NOT NULL,
  `slID` int(11) NOT NULL AUTO_INCREMENT,
  `siteID` int(10) unsigned DEFAULT NULL,
  PRIMARY KEY (`slID`),
  KEY `IDX_84EBA2B4521D8435` (`siteID`),
  CONSTRAINT `FK_84EBA2B4521D8435` FOREIGN KEY (`siteID`) REFERENCES `Sites` (`siteID`)
) ENGINE=InnoDB AUTO_INCREMENT=4 DEFAULT CHARSET=utf8 COLLATE=utf8_unicode_ci;
/*!40101 SET character_set_client = @saved_cs_client */;

--
-- Dumping data for table `SocialLinks`
--

LOCK TABLES `SocialLinks` WRITE;
/*!40000 ALTER TABLE `SocialLinks` DISABLE KEYS */;
INSERT INTO `SocialLinks` VALUES ('facebook','https://www.facebook.com/gpamn/',1,1),('twitter','https://twitter.com/gpamn',2,1),('instagram','https://www.instagram.com/gpamn/',3,1);
/*!40000 ALTER TABLE `SocialLinks` ENABLE KEYS */;
UNLOCK TABLES;

--
-- Table structure for table `StackUsageRecord`
--

DROP TABLE IF EXISTS `StackUsageRecord`;
/*!40101 SET @saved_cs_client     = @@character_set_client */;
/*!40101 SET character_set_client = utf8 */;
CREATE TABLE `StackUsageRecord` (
  `stack_id` int(11) NOT NULL,
  `block_id` int(11) NOT NULL,
  `collection_id` int(11) NOT NULL,
  `collection_version_id` int(11) NOT NULL,
  PRIMARY KEY (`stack_id`,`block_id`,`collection_id`,`collection_version_id`),
  KEY `block` (`block_id`),
  KEY `collection_version` (`collection_id`,`collection_version_id`)
) ENGINE=InnoDB DEFAULT CHARSET=utf8 COLLATE=utf8_unicode_ci;
/*!40101 SET character_set_client = @saved_cs_client */;

--
-- Dumping data for table `StackUsageRecord`
--

LOCK TABLES `StackUsageRecord` WRITE;
/*!40000 ALTER TABLE `StackUsageRecord` DISABLE KEYS */;
/*!40000 ALTER TABLE `StackUsageRecord` ENABLE KEYS */;
UNLOCK TABLES;

--
-- Table structure for table `Stacks`
--

DROP TABLE IF EXISTS `Stacks`;
/*!40101 SET @saved_cs_client     = @@character_set_client */;
/*!40101 SET character_set_client = utf8 */;
CREATE TABLE `Stacks` (
  `stID` int(10) unsigned NOT NULL AUTO_INCREMENT,
  `stName` varchar(255) COLLATE utf8_unicode_ci NOT NULL,
  `stType` int(10) unsigned NOT NULL DEFAULT '0',
  `cID` int(10) unsigned NOT NULL DEFAULT '0',
  `stMultilingualSection` int(10) unsigned NOT NULL DEFAULT '0',
  PRIMARY KEY (`stID`),
  KEY `stType` (`stType`),
  KEY `stName` (`stName`),
  KEY `cID` (`cID`)
) ENGINE=InnoDB AUTO_INCREMENT=3 DEFAULT CHARSET=utf8 COLLATE=utf8_unicode_ci;
/*!40101 SET character_set_client = @saved_cs_client */;

--
-- Dumping data for table `Stacks`
--

LOCK TABLES `Stacks` WRITE;
/*!40000 ALTER TABLE `Stacks` DISABLE KEYS */;
INSERT INTO `Stacks` VALUES (2,'Header Navigation',20,169,0);
/*!40000 ALTER TABLE `Stacks` ENABLE KEYS */;
UNLOCK TABLES;

--
-- Table structure for table `StyleCustomizerCustomCssRecords`
--

DROP TABLE IF EXISTS `StyleCustomizerCustomCssRecords`;
/*!40101 SET @saved_cs_client     = @@character_set_client */;
/*!40101 SET character_set_client = utf8 */;
CREATE TABLE `StyleCustomizerCustomCssRecords` (
  `value` longtext COLLATE utf8_unicode_ci NOT NULL,
  `sccRecordID` int(11) NOT NULL AUTO_INCREMENT,
  PRIMARY KEY (`sccRecordID`)
) ENGINE=InnoDB DEFAULT CHARSET=utf8 COLLATE=utf8_unicode_ci;
/*!40101 SET character_set_client = @saved_cs_client */;

--
-- Dumping data for table `StyleCustomizerCustomCssRecords`
--

LOCK TABLES `StyleCustomizerCustomCssRecords` WRITE;
/*!40000 ALTER TABLE `StyleCustomizerCustomCssRecords` DISABLE KEYS */;
/*!40000 ALTER TABLE `StyleCustomizerCustomCssRecords` ENABLE KEYS */;
UNLOCK TABLES;

--
-- Table structure for table `StyleCustomizerInlineStylePresets`
--

DROP TABLE IF EXISTS `StyleCustomizerInlineStylePresets`;
/*!40101 SET @saved_cs_client     = @@character_set_client */;
/*!40101 SET character_set_client = utf8 */;
CREATE TABLE `StyleCustomizerInlineStylePresets` (
  `pssPresetID` int(10) unsigned NOT NULL AUTO_INCREMENT,
  `pssPresetName` varchar(255) COLLATE utf8_unicode_ci NOT NULL,
  `issID` int(10) unsigned NOT NULL DEFAULT '0',
  PRIMARY KEY (`pssPresetID`),
  KEY `issID` (`issID`)
) ENGINE=InnoDB DEFAULT CHARSET=utf8 COLLATE=utf8_unicode_ci;
/*!40101 SET character_set_client = @saved_cs_client */;

--
-- Dumping data for table `StyleCustomizerInlineStylePresets`
--

LOCK TABLES `StyleCustomizerInlineStylePresets` WRITE;
/*!40000 ALTER TABLE `StyleCustomizerInlineStylePresets` DISABLE KEYS */;
/*!40000 ALTER TABLE `StyleCustomizerInlineStylePresets` ENABLE KEYS */;
UNLOCK TABLES;

--
-- Table structure for table `StyleCustomizerInlineStyleSets`
--

DROP TABLE IF EXISTS `StyleCustomizerInlineStyleSets`;
/*!40101 SET @saved_cs_client     = @@character_set_client */;
/*!40101 SET character_set_client = utf8 */;
CREATE TABLE `StyleCustomizerInlineStyleSets` (
  `issID` int(11) NOT NULL AUTO_INCREMENT,
  `customClass` varchar(255) COLLATE utf8_unicode_ci DEFAULT NULL,
  `customID` varchar(255) COLLATE utf8_unicode_ci DEFAULT NULL,
  `customElementAttribute` varchar(255) COLLATE utf8_unicode_ci DEFAULT NULL,
  `backgroundColor` varchar(255) COLLATE utf8_unicode_ci DEFAULT NULL,
  `backgroundImageFileID` int(11) NOT NULL,
  `backgroundRepeat` varchar(255) COLLATE utf8_unicode_ci DEFAULT NULL,
  `backgroundSize` varchar(255) COLLATE utf8_unicode_ci DEFAULT NULL,
  `backgroundPosition` varchar(255) COLLATE utf8_unicode_ci DEFAULT NULL,
  `borderColor` varchar(255) COLLATE utf8_unicode_ci DEFAULT NULL,
  `borderStyle` varchar(255) COLLATE utf8_unicode_ci DEFAULT NULL,
  `borderWidth` varchar(255) COLLATE utf8_unicode_ci DEFAULT NULL,
  `borderRadius` varchar(255) COLLATE utf8_unicode_ci DEFAULT NULL,
  `baseFontSize` varchar(255) COLLATE utf8_unicode_ci DEFAULT NULL,
  `alignment` varchar(255) COLLATE utf8_unicode_ci DEFAULT NULL,
  `textColor` varchar(255) COLLATE utf8_unicode_ci DEFAULT NULL,
  `linkColor` varchar(255) COLLATE utf8_unicode_ci DEFAULT NULL,
  `marginTop` varchar(255) COLLATE utf8_unicode_ci DEFAULT NULL,
  `marginBottom` varchar(255) COLLATE utf8_unicode_ci DEFAULT NULL,
  `marginLeft` varchar(255) COLLATE utf8_unicode_ci DEFAULT NULL,
  `marginRight` varchar(255) COLLATE utf8_unicode_ci DEFAULT NULL,
  `paddingTop` varchar(255) COLLATE utf8_unicode_ci DEFAULT NULL,
  `paddingBottom` varchar(255) COLLATE utf8_unicode_ci DEFAULT NULL,
  `paddingLeft` varchar(255) COLLATE utf8_unicode_ci DEFAULT NULL,
  `paddingRight` varchar(255) COLLATE utf8_unicode_ci DEFAULT NULL,
  `rotate` varchar(255) COLLATE utf8_unicode_ci DEFAULT NULL,
  `boxShadowHorizontal` varchar(255) COLLATE utf8_unicode_ci DEFAULT NULL,
  `boxShadowVertical` varchar(255) COLLATE utf8_unicode_ci DEFAULT NULL,
  `boxShadowBlur` varchar(255) COLLATE utf8_unicode_ci DEFAULT NULL,
  `boxShadowSpread` varchar(255) COLLATE utf8_unicode_ci DEFAULT NULL,
  `boxShadowColor` varchar(255) COLLATE utf8_unicode_ci DEFAULT NULL,
  `hideOnExtraSmallDevice` tinyint(1) DEFAULT NULL,
  `hideOnSmallDevice` tinyint(1) DEFAULT NULL,
  `hideOnMediumDevice` tinyint(1) DEFAULT NULL,
  `hideOnLargeDevice` tinyint(1) DEFAULT NULL,
  PRIMARY KEY (`issID`)
) ENGINE=InnoDB AUTO_INCREMENT=2 DEFAULT CHARSET=utf8 COLLATE=utf8_unicode_ci;
/*!40101 SET character_set_client = @saved_cs_client */;

--
-- Dumping data for table `StyleCustomizerInlineStyleSets`
--

LOCK TABLES `StyleCustomizerInlineStyleSets` WRITE;
/*!40000 ALTER TABLE `StyleCustomizerInlineStyleSets` DISABLE KEYS */;
INSERT INTO `StyleCustomizerInlineStyleSets` VALUES (1,'concrete5-org-stories','','','',0,'','','','','','','','','','','','','','','','','','','','','','','','','',0,0,0,0);
/*!40000 ALTER TABLE `StyleCustomizerInlineStyleSets` ENABLE KEYS */;
UNLOCK TABLES;

--
-- Table structure for table `StyleCustomizerValueLists`
--

DROP TABLE IF EXISTS `StyleCustomizerValueLists`;
/*!40101 SET @saved_cs_client     = @@character_set_client */;
/*!40101 SET character_set_client = utf8 */;
CREATE TABLE `StyleCustomizerValueLists` (
  `scvlID` int(10) unsigned NOT NULL AUTO_INCREMENT,
  PRIMARY KEY (`scvlID`)
) ENGINE=InnoDB DEFAULT CHARSET=utf8 COLLATE=utf8_unicode_ci;
/*!40101 SET character_set_client = @saved_cs_client */;

--
-- Dumping data for table `StyleCustomizerValueLists`
--

LOCK TABLES `StyleCustomizerValueLists` WRITE;
/*!40000 ALTER TABLE `StyleCustomizerValueLists` DISABLE KEYS */;
/*!40000 ALTER TABLE `StyleCustomizerValueLists` ENABLE KEYS */;
UNLOCK TABLES;

--
-- Table structure for table `StyleCustomizerValues`
--

DROP TABLE IF EXISTS `StyleCustomizerValues`;
/*!40101 SET @saved_cs_client     = @@character_set_client */;
/*!40101 SET character_set_client = utf8 */;
CREATE TABLE `StyleCustomizerValues` (
  `scvID` int(10) unsigned NOT NULL AUTO_INCREMENT,
  `scvlID` int(10) unsigned DEFAULT NULL,
  `value` text COLLATE utf8_unicode_ci,
  PRIMARY KEY (`scvID`),
  KEY `scvlID` (`scvlID`)
) ENGINE=InnoDB DEFAULT CHARSET=utf8 COLLATE=utf8_unicode_ci;
/*!40101 SET character_set_client = @saved_cs_client */;

--
-- Dumping data for table `StyleCustomizerValues`
--

LOCK TABLES `StyleCustomizerValues` WRITE;
/*!40000 ALTER TABLE `StyleCustomizerValues` DISABLE KEYS */;
/*!40000 ALTER TABLE `StyleCustomizerValues` ENABLE KEYS */;
UNLOCK TABLES;

--
-- Table structure for table `SystemAntispamLibraries`
--

DROP TABLE IF EXISTS `SystemAntispamLibraries`;
/*!40101 SET @saved_cs_client     = @@character_set_client */;
/*!40101 SET character_set_client = utf8 */;
CREATE TABLE `SystemAntispamLibraries` (
  `saslHandle` varchar(64) COLLATE utf8_unicode_ci NOT NULL,
  `saslName` varchar(255) COLLATE utf8_unicode_ci DEFAULT NULL,
  `saslIsActive` tinyint(1) NOT NULL DEFAULT '0',
  `pkgID` int(10) unsigned NOT NULL DEFAULT '0',
  PRIMARY KEY (`saslHandle`),
  KEY `pkgID` (`pkgID`)
) ENGINE=InnoDB DEFAULT CHARSET=utf8 COLLATE=utf8_unicode_ci;
/*!40101 SET character_set_client = @saved_cs_client */;

--
-- Dumping data for table `SystemAntispamLibraries`
--

LOCK TABLES `SystemAntispamLibraries` WRITE;
/*!40000 ALTER TABLE `SystemAntispamLibraries` DISABLE KEYS */;
/*!40000 ALTER TABLE `SystemAntispamLibraries` ENABLE KEYS */;
UNLOCK TABLES;

--
-- Table structure for table `SystemCaptchaLibraries`
--

DROP TABLE IF EXISTS `SystemCaptchaLibraries`;
/*!40101 SET @saved_cs_client     = @@character_set_client */;
/*!40101 SET character_set_client = utf8 */;
CREATE TABLE `SystemCaptchaLibraries` (
  `sclHandle` varchar(64) COLLATE utf8_unicode_ci NOT NULL,
  `sclName` varchar(255) COLLATE utf8_unicode_ci DEFAULT NULL,
  `sclIsActive` tinyint(1) NOT NULL DEFAULT '0',
  `pkgID` int(10) unsigned NOT NULL DEFAULT '0',
  PRIMARY KEY (`sclHandle`),
  KEY `pkgID` (`pkgID`)
) ENGINE=InnoDB DEFAULT CHARSET=utf8 COLLATE=utf8_unicode_ci;
/*!40101 SET character_set_client = @saved_cs_client */;

--
-- Dumping data for table `SystemCaptchaLibraries`
--

LOCK TABLES `SystemCaptchaLibraries` WRITE;
/*!40000 ALTER TABLE `SystemCaptchaLibraries` DISABLE KEYS */;
INSERT INTO `SystemCaptchaLibraries` VALUES ('securimage','SecurImage (Default)',1,0);
/*!40000 ALTER TABLE `SystemCaptchaLibraries` ENABLE KEYS */;
UNLOCK TABLES;

--
-- Table structure for table `SystemContentEditorSnippets`
--

DROP TABLE IF EXISTS `SystemContentEditorSnippets`;
/*!40101 SET @saved_cs_client     = @@character_set_client */;
/*!40101 SET character_set_client = utf8 */;
CREATE TABLE `SystemContentEditorSnippets` (
  `scsHandle` varchar(64) COLLATE utf8_unicode_ci NOT NULL,
  `scsName` varchar(255) COLLATE utf8_unicode_ci DEFAULT NULL,
  `scsIsActive` tinyint(1) NOT NULL DEFAULT '0',
  `pkgID` int(10) unsigned NOT NULL DEFAULT '0',
  PRIMARY KEY (`scsHandle`),
  KEY `pkgID` (`pkgID`)
) ENGINE=InnoDB DEFAULT CHARSET=utf8 COLLATE=utf8_unicode_ci;
/*!40101 SET character_set_client = @saved_cs_client */;

--
-- Dumping data for table `SystemContentEditorSnippets`
--

LOCK TABLES `SystemContentEditorSnippets` WRITE;
/*!40000 ALTER TABLE `SystemContentEditorSnippets` DISABLE KEYS */;
INSERT INTO `SystemContentEditorSnippets` VALUES ('page_name','Page Name',1,0),('user_name','User Name',1,0);
/*!40000 ALTER TABLE `SystemContentEditorSnippets` ENABLE KEYS */;
UNLOCK TABLES;

--
-- Table structure for table `SystemDatabaseMigrations`
--

DROP TABLE IF EXISTS `SystemDatabaseMigrations`;
/*!40101 SET @saved_cs_client     = @@character_set_client */;
/*!40101 SET character_set_client = utf8 */;
CREATE TABLE `SystemDatabaseMigrations` (
  `version` varchar(255) COLLATE utf8_unicode_ci NOT NULL,
  PRIMARY KEY (`version`)
) ENGINE=InnoDB DEFAULT CHARSET=utf8 COLLATE=utf8_unicode_ci;
/*!40101 SET character_set_client = @saved_cs_client */;

--
-- Dumping data for table `SystemDatabaseMigrations`
--

LOCK TABLES `SystemDatabaseMigrations` WRITE;
/*!40000 ALTER TABLE `SystemDatabaseMigrations` DISABLE KEYS */;
INSERT INTO `SystemDatabaseMigrations` VALUES ('20140919000000'),('20140930000000'),('20141017000000'),('20141024000000'),('20141113000000'),('20141219000000'),('20150109000000'),('20150504000000'),('20150515000000'),('20150610000000'),('20150612000000'),('20150615000000'),('20150616000000'),('20150619000000'),('20150622000000'),('20150623000000'),('20150713000000'),('20150731000000'),('20151221000000'),('20160107000000'),('20160213000000'),('20160314000000'),('20160412000000'),('20160615000000'),('20160725000000'),('20161109000000'),('20161203000000'),('20161208000000'),('20161216000000'),('20161216100000'),('20170118000000'),('20170123000000'),('20170201000000'),('20170202000000'),('20170227063249'),('20170313000000'),('20170316000000'),('20170404000000'),('20170406000000'),('20170407000001'),('20170412000000'),('20170418000000'),('20170420000000'),('20170421000000'),('20170424000000'),('20170505000000'),('20170512000000'),('20170519000000'),('20170608000000'),('20170608100000'),('20170609000000'),('20170609100000'),('20170610000000'),('20170611000000'),('20170613000000'),('20170614000000'),('20170626000000'),('20170711151953'),('20170731021618'),('20170802000000'),('20170804000000'),('20170810000000'),('20170818000000'),('20170824000000'),('20170905000000'),('20170915000000'),('20170926000000'),('20171012000000'),('20171025000000'),('20171109000000'),('20171109065758'),('20171110032423'),('20171121000000'),('20171129190607'),('20171218000000'),('20171221194440'),('20180119000000'),('20180122213656');
/*!40000 ALTER TABLE `SystemDatabaseMigrations` ENABLE KEYS */;
UNLOCK TABLES;

--
-- Table structure for table `SystemDatabaseQueryLog`
--

DROP TABLE IF EXISTS `SystemDatabaseQueryLog`;
/*!40101 SET @saved_cs_client     = @@character_set_client */;
/*!40101 SET character_set_client = utf8 */;
CREATE TABLE `SystemDatabaseQueryLog` (
  `ID` int(10) unsigned NOT NULL AUTO_INCREMENT,
  `query` text COLLATE utf8_unicode_ci,
  `params` text COLLATE utf8_unicode_ci,
  `executionMS` varchar(255) COLLATE utf8_unicode_ci DEFAULT NULL,
  PRIMARY KEY (`ID`)
) ENGINE=InnoDB DEFAULT CHARSET=utf8 COLLATE=utf8_unicode_ci;
/*!40101 SET character_set_client = @saved_cs_client */;

--
-- Dumping data for table `SystemDatabaseQueryLog`
--

LOCK TABLES `SystemDatabaseQueryLog` WRITE;
/*!40000 ALTER TABLE `SystemDatabaseQueryLog` DISABLE KEYS */;
/*!40000 ALTER TABLE `SystemDatabaseQueryLog` ENABLE KEYS */;
UNLOCK TABLES;

--
-- Table structure for table `TopicTrees`
--

DROP TABLE IF EXISTS `TopicTrees`;
/*!40101 SET @saved_cs_client     = @@character_set_client */;
/*!40101 SET character_set_client = utf8 */;
CREATE TABLE `TopicTrees` (
  `treeID` int(10) unsigned NOT NULL DEFAULT '0',
  `topicTreeName` varchar(255) COLLATE utf8_unicode_ci DEFAULT '',
  PRIMARY KEY (`treeID`)
) ENGINE=InnoDB DEFAULT CHARSET=utf8 COLLATE=utf8_unicode_ci;
/*!40101 SET character_set_client = @saved_cs_client */;

--
-- Dumping data for table `TopicTrees`
--

LOCK TABLES `TopicTrees` WRITE;
/*!40000 ALTER TABLE `TopicTrees` DISABLE KEYS */;
/*!40000 ALTER TABLE `TopicTrees` ENABLE KEYS */;
UNLOCK TABLES;

--
-- Table structure for table `TreeFileNodes`
--

DROP TABLE IF EXISTS `TreeFileNodes`;
/*!40101 SET @saved_cs_client     = @@character_set_client */;
/*!40101 SET character_set_client = utf8 */;
CREATE TABLE `TreeFileNodes` (
  `treeNodeID` int(10) unsigned NOT NULL AUTO_INCREMENT,
  `fID` int(10) unsigned DEFAULT '0',
  PRIMARY KEY (`treeNodeID`),
  KEY `fID` (`fID`)
) ENGINE=InnoDB AUTO_INCREMENT=26 DEFAULT CHARSET=utf8 COLLATE=utf8_unicode_ci;
/*!40101 SET character_set_client = @saved_cs_client */;

--
-- Dumping data for table `TreeFileNodes`
--

LOCK TABLES `TreeFileNodes` WRITE;
/*!40000 ALTER TABLE `TreeFileNodes` DISABLE KEYS */;
INSERT INTO `TreeFileNodes` VALUES (9,1),(10,2),(11,3),(12,4),(13,5),(15,6),(16,7),(17,8),(18,9),(19,10),(20,11),(21,12),(22,13),(23,14),(24,15),(25,16);
/*!40000 ALTER TABLE `TreeFileNodes` ENABLE KEYS */;
UNLOCK TABLES;

--
-- Table structure for table `TreeGroupNodes`
--

DROP TABLE IF EXISTS `TreeGroupNodes`;
/*!40101 SET @saved_cs_client     = @@character_set_client */;
/*!40101 SET character_set_client = utf8 */;
CREATE TABLE `TreeGroupNodes` (
  `treeNodeID` int(10) unsigned NOT NULL AUTO_INCREMENT,
  `gID` int(10) unsigned DEFAULT '0',
  PRIMARY KEY (`treeNodeID`),
  KEY `gID` (`gID`)
) ENGINE=InnoDB AUTO_INCREMENT=5 DEFAULT CHARSET=utf8 COLLATE=utf8_unicode_ci;
/*!40101 SET character_set_client = @saved_cs_client */;

--
-- Dumping data for table `TreeGroupNodes`
--

LOCK TABLES `TreeGroupNodes` WRITE;
/*!40000 ALTER TABLE `TreeGroupNodes` DISABLE KEYS */;
INSERT INTO `TreeGroupNodes` VALUES (2,1),(3,2),(4,3);
/*!40000 ALTER TABLE `TreeGroupNodes` ENABLE KEYS */;
UNLOCK TABLES;

--
-- Table structure for table `TreeNodePermissionAssignments`
--

DROP TABLE IF EXISTS `TreeNodePermissionAssignments`;
/*!40101 SET @saved_cs_client     = @@character_set_client */;
/*!40101 SET character_set_client = utf8 */;
CREATE TABLE `TreeNodePermissionAssignments` (
  `treeNodeID` int(10) unsigned NOT NULL DEFAULT '0',
  `pkID` int(10) unsigned NOT NULL DEFAULT '0',
  `paID` int(10) unsigned NOT NULL DEFAULT '0',
  PRIMARY KEY (`treeNodeID`,`pkID`,`paID`),
  KEY `pkID` (`pkID`),
  KEY `paID` (`paID`)
) ENGINE=InnoDB DEFAULT CHARSET=utf8 COLLATE=utf8_unicode_ci;
/*!40101 SET character_set_client = @saved_cs_client */;

--
-- Dumping data for table `TreeNodePermissionAssignments`
--

LOCK TABLES `TreeNodePermissionAssignments` WRITE;
/*!40000 ALTER TABLE `TreeNodePermissionAssignments` DISABLE KEYS */;
INSERT INTO `TreeNodePermissionAssignments` VALUES (1,105,97),(1,106,98),(1,107,99),(1,108,100),(1,109,101),(5,101,36),(5,102,32),(5,103,33),(5,104,34),(6,101,31),(6,102,35),(6,103,33),(6,104,34),(7,39,46),(7,40,47),(7,41,48),(7,42,49),(7,43,50),(7,44,51),(7,45,52),(7,46,54),(7,47,53),(7,48,55),(7,66,43);
/*!40000 ALTER TABLE `TreeNodePermissionAssignments` ENABLE KEYS */;
UNLOCK TABLES;

--
-- Table structure for table `TreeNodeTypes`
--

DROP TABLE IF EXISTS `TreeNodeTypes`;
/*!40101 SET @saved_cs_client     = @@character_set_client */;
/*!40101 SET character_set_client = utf8 */;
CREATE TABLE `TreeNodeTypes` (
  `treeNodeTypeID` int(10) unsigned NOT NULL AUTO_INCREMENT,
  `treeNodeTypeHandle` varchar(255) COLLATE utf8_unicode_ci DEFAULT '',
  `pkgID` int(10) unsigned DEFAULT '0',
  PRIMARY KEY (`treeNodeTypeID`),
  UNIQUE KEY `treeNodeTypeHandle` (`treeNodeTypeHandle`),
  KEY `pkgID` (`pkgID`)
) ENGINE=InnoDB AUTO_INCREMENT=9 DEFAULT CHARSET=utf8 COLLATE=utf8_unicode_ci;
/*!40101 SET character_set_client = @saved_cs_client */;

--
-- Dumping data for table `TreeNodeTypes`
--

LOCK TABLES `TreeNodeTypes` WRITE;
/*!40000 ALTER TABLE `TreeNodeTypes` DISABLE KEYS */;
INSERT INTO `TreeNodeTypes` VALUES (1,'group',0),(2,'category',0),(3,'express_entry_category',0),(4,'express_entry_results',0),(5,'topic',0),(6,'file',0),(7,'file_folder',0),(8,'search_preset',0);
/*!40000 ALTER TABLE `TreeNodeTypes` ENABLE KEYS */;
UNLOCK TABLES;

--
-- Table structure for table `TreeNodes`
--

DROP TABLE IF EXISTS `TreeNodes`;
/*!40101 SET @saved_cs_client     = @@character_set_client */;
/*!40101 SET character_set_client = utf8 */;
CREATE TABLE `TreeNodes` (
  `treeNodeID` int(10) unsigned NOT NULL AUTO_INCREMENT,
  `treeNodeTypeID` int(10) unsigned DEFAULT '0',
  `treeID` int(10) unsigned DEFAULT '0',
  `treeNodeParentID` int(10) unsigned DEFAULT '0',
  `treeNodeDisplayOrder` int(10) unsigned DEFAULT '0',
  `treeNodeName` varchar(255) COLLATE utf8_unicode_ci DEFAULT '',
  `dateModified` datetime DEFAULT NULL,
  `dateCreated` datetime DEFAULT NULL,
  `treeNodeOverridePermissions` tinyint(1) DEFAULT '0',
  `inheritPermissionsFromTreeNodeID` int(10) unsigned DEFAULT '0',
  PRIMARY KEY (`treeNodeID`),
  KEY `treeNodeParentID` (`treeNodeParentID`),
  KEY `treeNodeTypeID` (`treeNodeTypeID`),
  KEY `treeID` (`treeID`),
  KEY `inheritPermissionsFromTreeNodeID` (`inheritPermissionsFromTreeNodeID`,`treeNodeID`)
) ENGINE=InnoDB AUTO_INCREMENT=26 DEFAULT CHARSET=utf8 COLLATE=utf8_unicode_ci;
/*!40101 SET character_set_client = @saved_cs_client */;

--
-- Dumping data for table `TreeNodes`
--

LOCK TABLES `TreeNodes` WRITE;
/*!40000 ALTER TABLE `TreeNodes` DISABLE KEYS */;
INSERT INTO `TreeNodes` VALUES (1,1,1,0,0,'','2018-02-07 03:03:00','2018-02-07 03:03:00',1,1),(2,1,1,1,0,'','2018-02-07 03:03:00','2018-02-07 03:03:00',0,1),(3,1,1,1,1,'','2018-02-07 03:03:00','2018-02-07 03:03:00',0,1),(4,1,1,1,2,'','2018-02-07 03:03:00','2018-02-07 03:03:00',0,1),(5,3,2,0,0,'','2018-02-07 03:03:01','2018-02-07 03:03:01',1,5),(6,3,2,5,0,'Forms','2018-02-07 03:03:01','2018-02-07 03:03:01',1,6),(7,7,3,0,0,'','2018-03-03 20:14:11','2018-02-07 03:03:24',1,7),(8,7,3,7,0,'Website Images','2018-02-07 03:27:34','2018-02-07 03:27:01',0,7),(9,6,3,8,0,'','2018-02-07 03:27:26','2018-02-07 03:27:26',0,7),(10,6,3,8,1,'','2018-02-07 03:27:27','2018-02-07 03:27:27',0,7),(11,6,3,8,2,'','2018-02-07 03:27:34','2018-02-07 03:27:34',0,7),(12,6,3,8,3,'','2018-02-07 03:27:34','2018-02-07 03:27:34',0,7),(13,6,3,8,4,'','2018-02-07 03:27:34','2018-02-07 03:27:34',0,7),(14,7,3,7,1,'Page Title Images','2018-03-03 18:48:13','2018-03-03 18:47:51',0,7),(15,6,3,14,0,'','2018-03-03 18:48:12','2018-03-03 18:48:12',0,7),(16,6,3,14,1,'','2018-03-03 18:48:12','2018-03-03 18:48:12',0,7),(17,6,3,14,2,'','2018-03-03 18:48:12','2018-03-03 18:48:12',0,7),(18,6,3,14,3,'','2018-03-03 18:48:12','2018-03-03 18:48:12',0,7),(19,6,3,14,4,'','2018-03-03 18:48:13','2018-03-03 18:48:13',0,7),(20,6,3,14,5,'','2018-03-03 18:48:13','2018-03-03 18:48:13',0,7),(21,6,3,14,6,'','2018-03-03 18:48:13','2018-03-03 18:48:13',0,7),(22,6,3,14,7,'','2018-03-03 18:48:13','2018-03-03 18:48:13',0,7),(23,6,3,14,8,'','2018-03-03 18:48:13','2018-03-03 18:48:13',0,7),(24,6,3,14,9,'','2018-03-03 18:48:13','2018-03-03 18:48:13',0,7),(25,6,3,7,2,'','2018-03-03 20:14:11','2018-03-03 20:14:11',0,7);
/*!40000 ALTER TABLE `TreeNodes` ENABLE KEYS */;
UNLOCK TABLES;

--
-- Table structure for table `TreeSearchQueryNodes`
--

DROP TABLE IF EXISTS `TreeSearchQueryNodes`;
/*!40101 SET @saved_cs_client     = @@character_set_client */;
/*!40101 SET character_set_client = utf8 */;
CREATE TABLE `TreeSearchQueryNodes` (
  `treeNodeID` int(10) unsigned NOT NULL AUTO_INCREMENT,
  `savedSearchID` varchar(255) COLLATE utf8_unicode_ci DEFAULT NULL,
  PRIMARY KEY (`treeNodeID`),
  KEY `savedSearchID` (`savedSearchID`)
) ENGINE=InnoDB DEFAULT CHARSET=utf8 COLLATE=utf8_unicode_ci;
/*!40101 SET character_set_client = @saved_cs_client */;

--
-- Dumping data for table `TreeSearchQueryNodes`
--

LOCK TABLES `TreeSearchQueryNodes` WRITE;
/*!40000 ALTER TABLE `TreeSearchQueryNodes` DISABLE KEYS */;
/*!40000 ALTER TABLE `TreeSearchQueryNodes` ENABLE KEYS */;
UNLOCK TABLES;

--
-- Table structure for table `TreeTypes`
--

DROP TABLE IF EXISTS `TreeTypes`;
/*!40101 SET @saved_cs_client     = @@character_set_client */;
/*!40101 SET character_set_client = utf8 */;
CREATE TABLE `TreeTypes` (
  `treeTypeID` int(10) unsigned NOT NULL AUTO_INCREMENT,
  `treeTypeHandle` varchar(255) COLLATE utf8_unicode_ci DEFAULT '',
  `pkgID` int(10) unsigned DEFAULT '0',
  PRIMARY KEY (`treeTypeID`),
  UNIQUE KEY `treeTypeHandle` (`treeTypeHandle`),
  KEY `pkgID` (`pkgID`)
) ENGINE=InnoDB AUTO_INCREMENT=5 DEFAULT CHARSET=utf8 COLLATE=utf8_unicode_ci;
/*!40101 SET character_set_client = @saved_cs_client */;

--
-- Dumping data for table `TreeTypes`
--

LOCK TABLES `TreeTypes` WRITE;
/*!40000 ALTER TABLE `TreeTypes` DISABLE KEYS */;
INSERT INTO `TreeTypes` VALUES (1,'group',0),(2,'express_entry_results',0),(3,'topic',0),(4,'file_manager',0);
/*!40000 ALTER TABLE `TreeTypes` ENABLE KEYS */;
UNLOCK TABLES;

--
-- Table structure for table `Trees`
--

DROP TABLE IF EXISTS `Trees`;
/*!40101 SET @saved_cs_client     = @@character_set_client */;
/*!40101 SET character_set_client = utf8 */;
CREATE TABLE `Trees` (
  `treeID` int(10) unsigned NOT NULL AUTO_INCREMENT,
  `treeTypeID` int(10) unsigned DEFAULT '0',
  `treeDateAdded` datetime DEFAULT NULL,
  `rootTreeNodeID` int(10) unsigned DEFAULT '0',
  PRIMARY KEY (`treeID`),
  KEY `treeTypeID` (`treeTypeID`)
) ENGINE=InnoDB AUTO_INCREMENT=4 DEFAULT CHARSET=utf8 COLLATE=utf8_unicode_ci;
/*!40101 SET character_set_client = @saved_cs_client */;

--
-- Dumping data for table `Trees`
--

LOCK TABLES `Trees` WRITE;
/*!40000 ALTER TABLE `Trees` DISABLE KEYS */;
INSERT INTO `Trees` VALUES (1,1,'2018-02-07 03:03:00',1),(2,2,'2018-02-07 03:03:01',5),(3,4,'2018-02-07 03:03:24',7);
/*!40000 ALTER TABLE `Trees` ENABLE KEYS */;
UNLOCK TABLES;

--
-- Table structure for table `UserAttributeKeys`
--

DROP TABLE IF EXISTS `UserAttributeKeys`;
/*!40101 SET @saved_cs_client     = @@character_set_client */;
/*!40101 SET character_set_client = utf8 */;
CREATE TABLE `UserAttributeKeys` (
  `uakProfileDisplay` tinyint(1) NOT NULL,
  `uakProfileEdit` tinyint(1) NOT NULL,
  `uakProfileEditRequired` tinyint(1) NOT NULL,
  `uakRegisterEdit` tinyint(1) NOT NULL,
  `uakRegisterEditRequired` tinyint(1) NOT NULL,
  `uakMemberListDisplay` tinyint(1) NOT NULL,
  `akID` int(10) unsigned NOT NULL,
  PRIMARY KEY (`akID`),
  CONSTRAINT `FK_28970033B6561A7E` FOREIGN KEY (`akID`) REFERENCES `AttributeKeys` (`akID`) ON DELETE CASCADE
) ENGINE=InnoDB DEFAULT CHARSET=utf8 COLLATE=utf8_unicode_ci;
/*!40101 SET character_set_client = @saved_cs_client */;

--
-- Dumping data for table `UserAttributeKeys`
--

LOCK TABLES `UserAttributeKeys` WRITE;
/*!40000 ALTER TABLE `UserAttributeKeys` DISABLE KEYS */;
INSERT INTO `UserAttributeKeys` VALUES (0,1,0,1,0,0,14),(0,1,0,1,0,0,15),(0,0,0,0,0,0,18);
/*!40000 ALTER TABLE `UserAttributeKeys` ENABLE KEYS */;
UNLOCK TABLES;

--
-- Table structure for table `UserAttributeValues`
--

DROP TABLE IF EXISTS `UserAttributeValues`;
/*!40101 SET @saved_cs_client     = @@character_set_client */;
/*!40101 SET character_set_client = utf8 */;
CREATE TABLE `UserAttributeValues` (
  `uID` int(10) unsigned NOT NULL,
  `akID` int(10) unsigned NOT NULL,
  `avID` int(10) unsigned DEFAULT NULL,
  PRIMARY KEY (`uID`,`akID`),
  KEY `IDX_4DB68CA6FD71026C` (`uID`),
  KEY `IDX_4DB68CA6B6561A7E` (`akID`),
  KEY `IDX_4DB68CA6A2A82A5D` (`avID`),
  CONSTRAINT `FK_4DB68CA6A2A82A5D` FOREIGN KEY (`avID`) REFERENCES `AttributeValues` (`avID`),
  CONSTRAINT `FK_4DB68CA6B6561A7E` FOREIGN KEY (`akID`) REFERENCES `AttributeKeys` (`akID`),
  CONSTRAINT `FK_4DB68CA6FD71026C` FOREIGN KEY (`uID`) REFERENCES `Users` (`uID`)
) ENGINE=InnoDB DEFAULT CHARSET=utf8 COLLATE=utf8_unicode_ci;
/*!40101 SET character_set_client = @saved_cs_client */;

--
-- Dumping data for table `UserAttributeValues`
--

LOCK TABLES `UserAttributeValues` WRITE;
/*!40000 ALTER TABLE `UserAttributeValues` DISABLE KEYS */;
/*!40000 ALTER TABLE `UserAttributeValues` ENABLE KEYS */;
UNLOCK TABLES;

--
-- Table structure for table `UserGroups`
--

DROP TABLE IF EXISTS `UserGroups`;
/*!40101 SET @saved_cs_client     = @@character_set_client */;
/*!40101 SET character_set_client = utf8 */;
CREATE TABLE `UserGroups` (
  `uID` int(10) unsigned NOT NULL DEFAULT '0',
  `gID` int(10) unsigned NOT NULL DEFAULT '0',
  `ugEntered` datetime NOT NULL DEFAULT '1000-01-01 00:00:00',
  PRIMARY KEY (`uID`,`gID`),
  KEY `uID` (`uID`),
  KEY `gID` (`gID`)
) ENGINE=InnoDB DEFAULT CHARSET=utf8 COLLATE=utf8_unicode_ci;
/*!40101 SET character_set_client = @saved_cs_client */;

--
-- Dumping data for table `UserGroups`
--

LOCK TABLES `UserGroups` WRITE;
/*!40000 ALTER TABLE `UserGroups` DISABLE KEYS */;
/*!40000 ALTER TABLE `UserGroups` ENABLE KEYS */;
UNLOCK TABLES;

--
-- Table structure for table `UserPermissionEditPropertyAccessList`
--

DROP TABLE IF EXISTS `UserPermissionEditPropertyAccessList`;
/*!40101 SET @saved_cs_client     = @@character_set_client */;
/*!40101 SET character_set_client = utf8 */;
CREATE TABLE `UserPermissionEditPropertyAccessList` (
  `paID` int(10) unsigned NOT NULL DEFAULT '0',
  `peID` int(10) unsigned NOT NULL DEFAULT '0',
  `uName` tinyint(1) DEFAULT '0',
  `uEmail` tinyint(1) DEFAULT '0',
  `uPassword` tinyint(1) DEFAULT '0',
  `uAvatar` tinyint(1) DEFAULT '0',
  `uTimezone` tinyint(1) DEFAULT '0',
  `uDefaultLanguage` tinyint(1) DEFAULT '0',
  `attributePermission` varchar(1) COLLATE utf8_unicode_ci NOT NULL DEFAULT '1',
  PRIMARY KEY (`paID`,`peID`)
) ENGINE=InnoDB DEFAULT CHARSET=utf8 COLLATE=utf8_unicode_ci;
/*!40101 SET character_set_client = @saved_cs_client */;

--
-- Dumping data for table `UserPermissionEditPropertyAccessList`
--

LOCK TABLES `UserPermissionEditPropertyAccessList` WRITE;
/*!40000 ALTER TABLE `UserPermissionEditPropertyAccessList` DISABLE KEYS */;
/*!40000 ALTER TABLE `UserPermissionEditPropertyAccessList` ENABLE KEYS */;
UNLOCK TABLES;

--
-- Table structure for table `UserPermissionEditPropertyAttributeAccessListCustom`
--

DROP TABLE IF EXISTS `UserPermissionEditPropertyAttributeAccessListCustom`;
/*!40101 SET @saved_cs_client     = @@character_set_client */;
/*!40101 SET character_set_client = utf8 */;
CREATE TABLE `UserPermissionEditPropertyAttributeAccessListCustom` (
  `paID` int(10) unsigned NOT NULL DEFAULT '0',
  `peID` int(10) unsigned NOT NULL DEFAULT '0',
  `akID` int(10) unsigned NOT NULL DEFAULT '0',
  PRIMARY KEY (`paID`,`peID`,`akID`),
  KEY `peID` (`peID`),
  KEY `akID` (`akID`)
) ENGINE=InnoDB DEFAULT CHARSET=utf8 COLLATE=utf8_unicode_ci;
/*!40101 SET character_set_client = @saved_cs_client */;

--
-- Dumping data for table `UserPermissionEditPropertyAttributeAccessListCustom`
--

LOCK TABLES `UserPermissionEditPropertyAttributeAccessListCustom` WRITE;
/*!40000 ALTER TABLE `UserPermissionEditPropertyAttributeAccessListCustom` DISABLE KEYS */;
/*!40000 ALTER TABLE `UserPermissionEditPropertyAttributeAccessListCustom` ENABLE KEYS */;
UNLOCK TABLES;

--
-- Table structure for table `UserPermissionViewAttributeAccessList`
--

DROP TABLE IF EXISTS `UserPermissionViewAttributeAccessList`;
/*!40101 SET @saved_cs_client     = @@character_set_client */;
/*!40101 SET character_set_client = utf8 */;
CREATE TABLE `UserPermissionViewAttributeAccessList` (
  `paID` int(10) unsigned NOT NULL DEFAULT '0',
  `peID` int(10) unsigned NOT NULL DEFAULT '0',
  `permission` varchar(1) COLLATE utf8_unicode_ci NOT NULL DEFAULT '1',
  PRIMARY KEY (`paID`,`peID`),
  KEY `peID` (`peID`)
) ENGINE=InnoDB DEFAULT CHARSET=utf8 COLLATE=utf8_unicode_ci;
/*!40101 SET character_set_client = @saved_cs_client */;

--
-- Dumping data for table `UserPermissionViewAttributeAccessList`
--

LOCK TABLES `UserPermissionViewAttributeAccessList` WRITE;
/*!40000 ALTER TABLE `UserPermissionViewAttributeAccessList` DISABLE KEYS */;
/*!40000 ALTER TABLE `UserPermissionViewAttributeAccessList` ENABLE KEYS */;
UNLOCK TABLES;

--
-- Table structure for table `UserPermissionViewAttributeAccessListCustom`
--

DROP TABLE IF EXISTS `UserPermissionViewAttributeAccessListCustom`;
/*!40101 SET @saved_cs_client     = @@character_set_client */;
/*!40101 SET character_set_client = utf8 */;
CREATE TABLE `UserPermissionViewAttributeAccessListCustom` (
  `paID` int(10) unsigned NOT NULL DEFAULT '0',
  `peID` int(10) unsigned NOT NULL DEFAULT '0',
  `akID` int(10) unsigned NOT NULL DEFAULT '0',
  PRIMARY KEY (`paID`,`peID`,`akID`),
  KEY `peID` (`peID`),
  KEY `akID` (`akID`)
) ENGINE=InnoDB DEFAULT CHARSET=utf8 COLLATE=utf8_unicode_ci;
/*!40101 SET character_set_client = @saved_cs_client */;

--
-- Dumping data for table `UserPermissionViewAttributeAccessListCustom`
--

LOCK TABLES `UserPermissionViewAttributeAccessListCustom` WRITE;
/*!40000 ALTER TABLE `UserPermissionViewAttributeAccessListCustom` DISABLE KEYS */;
/*!40000 ALTER TABLE `UserPermissionViewAttributeAccessListCustom` ENABLE KEYS */;
UNLOCK TABLES;

--
-- Table structure for table `UserPointActions`
--

DROP TABLE IF EXISTS `UserPointActions`;
/*!40101 SET @saved_cs_client     = @@character_set_client */;
/*!40101 SET character_set_client = utf8 */;
CREATE TABLE `UserPointActions` (
  `upaID` int(11) NOT NULL AUTO_INCREMENT,
  `upaHandle` varchar(255) COLLATE utf8_unicode_ci DEFAULT NULL,
  `upaName` varchar(255) COLLATE utf8_unicode_ci DEFAULT NULL,
  `upaDefaultPoints` int(11) NOT NULL DEFAULT '0',
  `pkgID` int(10) unsigned NOT NULL DEFAULT '0',
  `upaHasCustomClass` tinyint(1) NOT NULL DEFAULT '0',
  `upaIsActive` tinyint(1) NOT NULL DEFAULT '1',
  `gBadgeID` int(11) NOT NULL DEFAULT '0',
  PRIMARY KEY (`upaID`),
  UNIQUE KEY `upaHandle` (`upaHandle`),
  KEY `pkgID` (`pkgID`),
  KEY `gBBadgeID` (`gBadgeID`)
) ENGINE=InnoDB AUTO_INCREMENT=2 DEFAULT CHARSET=utf8 COLLATE=utf8_unicode_ci;
/*!40101 SET character_set_client = @saved_cs_client */;

--
-- Dumping data for table `UserPointActions`
--

LOCK TABLES `UserPointActions` WRITE;
/*!40000 ALTER TABLE `UserPointActions` DISABLE KEYS */;
INSERT INTO `UserPointActions` VALUES (1,'won_badge','Won a Badge',5,0,1,1,0);
/*!40000 ALTER TABLE `UserPointActions` ENABLE KEYS */;
UNLOCK TABLES;

--
-- Table structure for table `UserPointHistory`
--

DROP TABLE IF EXISTS `UserPointHistory`;
/*!40101 SET @saved_cs_client     = @@character_set_client */;
/*!40101 SET character_set_client = utf8 */;
CREATE TABLE `UserPointHistory` (
  `upID` int(11) NOT NULL AUTO_INCREMENT,
  `upuID` int(11) NOT NULL DEFAULT '0',
  `upaID` int(11) DEFAULT '0',
  `upPoints` int(11) DEFAULT '0',
  `object` longtext COLLATE utf8_unicode_ci,
  `timestamp` timestamp NOT NULL DEFAULT CURRENT_TIMESTAMP,
  PRIMARY KEY (`upID`),
  KEY `upuID` (`upuID`),
  KEY `upaID` (`upaID`)
) ENGINE=InnoDB DEFAULT CHARSET=utf8 COLLATE=utf8_unicode_ci;
/*!40101 SET character_set_client = @saved_cs_client */;

--
-- Dumping data for table `UserPointHistory`
--

LOCK TABLES `UserPointHistory` WRITE;
/*!40000 ALTER TABLE `UserPointHistory` DISABLE KEYS */;
/*!40000 ALTER TABLE `UserPointHistory` ENABLE KEYS */;
UNLOCK TABLES;

--
-- Table structure for table `UserPrivateMessages`
--

DROP TABLE IF EXISTS `UserPrivateMessages`;
/*!40101 SET @saved_cs_client     = @@character_set_client */;
/*!40101 SET character_set_client = utf8 */;
CREATE TABLE `UserPrivateMessages` (
  `msgID` int(10) unsigned NOT NULL AUTO_INCREMENT,
  `uAuthorID` int(10) unsigned NOT NULL DEFAULT '0',
  `msgDateCreated` datetime NOT NULL,
  `msgSubject` varchar(255) COLLATE utf8_unicode_ci NOT NULL,
  `msgBody` text COLLATE utf8_unicode_ci,
  `uToID` int(10) unsigned NOT NULL DEFAULT '0',
  PRIMARY KEY (`msgID`),
  KEY `uAuthorID` (`uAuthorID`,`msgDateCreated`)
) ENGINE=InnoDB DEFAULT CHARSET=utf8 COLLATE=utf8_unicode_ci;
/*!40101 SET character_set_client = @saved_cs_client */;

--
-- Dumping data for table `UserPrivateMessages`
--

LOCK TABLES `UserPrivateMessages` WRITE;
/*!40000 ALTER TABLE `UserPrivateMessages` DISABLE KEYS */;
/*!40000 ALTER TABLE `UserPrivateMessages` ENABLE KEYS */;
UNLOCK TABLES;

--
-- Table structure for table `UserPrivateMessagesTo`
--

DROP TABLE IF EXISTS `UserPrivateMessagesTo`;
/*!40101 SET @saved_cs_client     = @@character_set_client */;
/*!40101 SET character_set_client = utf8 */;
CREATE TABLE `UserPrivateMessagesTo` (
  `msgID` int(10) unsigned NOT NULL DEFAULT '0',
  `uID` int(10) unsigned NOT NULL DEFAULT '0',
  `uAuthorID` int(10) unsigned NOT NULL DEFAULT '0',
  `msgMailboxID` int(11) NOT NULL,
  `msgIsNew` tinyint(1) NOT NULL DEFAULT '0',
  `msgIsUnread` tinyint(1) NOT NULL DEFAULT '0',
  `msgIsReplied` tinyint(1) NOT NULL DEFAULT '0',
  PRIMARY KEY (`msgID`,`uID`,`uAuthorID`,`msgMailboxID`),
  KEY `uID` (`uID`),
  KEY `uAuthorID` (`uAuthorID`),
  KEY `msgFolderID` (`msgMailboxID`),
  KEY `msgIsNew` (`msgIsNew`)
) ENGINE=InnoDB DEFAULT CHARSET=utf8 COLLATE=utf8_unicode_ci;
/*!40101 SET character_set_client = @saved_cs_client */;

--
-- Dumping data for table `UserPrivateMessagesTo`
--

LOCK TABLES `UserPrivateMessagesTo` WRITE;
/*!40000 ALTER TABLE `UserPrivateMessagesTo` DISABLE KEYS */;
/*!40000 ALTER TABLE `UserPrivateMessagesTo` ENABLE KEYS */;
UNLOCK TABLES;

--
-- Table structure for table `UserSearchIndexAttributes`
--

DROP TABLE IF EXISTS `UserSearchIndexAttributes`;
/*!40101 SET @saved_cs_client     = @@character_set_client */;
/*!40101 SET character_set_client = utf8 */;
CREATE TABLE `UserSearchIndexAttributes` (
  `uID` int(10) unsigned NOT NULL DEFAULT '0',
  `ak_profile_private_messages_enabled` tinyint(1) DEFAULT '0',
  `ak_profile_private_messages_notification_enabled` tinyint(1) DEFAULT '0',
  PRIMARY KEY (`uID`)
) ENGINE=InnoDB DEFAULT CHARSET=utf8 COLLATE=utf8_unicode_ci;
/*!40101 SET character_set_client = @saved_cs_client */;

--
-- Dumping data for table `UserSearchIndexAttributes`
--

LOCK TABLES `UserSearchIndexAttributes` WRITE;
/*!40000 ALTER TABLE `UserSearchIndexAttributes` DISABLE KEYS */;
/*!40000 ALTER TABLE `UserSearchIndexAttributes` ENABLE KEYS */;
UNLOCK TABLES;

--
-- Table structure for table `UserSignupNotifications`
--

DROP TABLE IF EXISTS `UserSignupNotifications`;
/*!40101 SET @saved_cs_client     = @@character_set_client */;
/*!40101 SET character_set_client = utf8 */;
CREATE TABLE `UserSignupNotifications` (
  `usID` int(10) unsigned DEFAULT NULL,
  `nID` int(10) unsigned NOT NULL,
  PRIMARY KEY (`nID`),
  KEY `IDX_7FB1DF5B7B18287E` (`usID`),
  CONSTRAINT `FK_7FB1DF5B7B18287E` FOREIGN KEY (`usID`) REFERENCES `UserSignups` (`usID`),
  CONSTRAINT `FK_7FB1DF5BED024EFD` FOREIGN KEY (`nID`) REFERENCES `Notifications` (`nID`) ON DELETE CASCADE
) ENGINE=InnoDB DEFAULT CHARSET=utf8 COLLATE=utf8_unicode_ci;
/*!40101 SET character_set_client = @saved_cs_client */;

--
-- Dumping data for table `UserSignupNotifications`
--

LOCK TABLES `UserSignupNotifications` WRITE;
/*!40000 ALTER TABLE `UserSignupNotifications` DISABLE KEYS */;
/*!40000 ALTER TABLE `UserSignupNotifications` ENABLE KEYS */;
UNLOCK TABLES;

--
-- Table structure for table `UserSignups`
--

DROP TABLE IF EXISTS `UserSignups`;
/*!40101 SET @saved_cs_client     = @@character_set_client */;
/*!40101 SET character_set_client = utf8 */;
CREATE TABLE `UserSignups` (
  `usID` int(10) unsigned NOT NULL AUTO_INCREMENT,
  `uID` int(10) unsigned DEFAULT NULL,
  `createdBy` int(10) unsigned DEFAULT NULL,
  PRIMARY KEY (`usID`),
  UNIQUE KEY `UNIQ_FEB5D909FD71026C` (`uID`),
  KEY `IDX_FEB5D909D3564642` (`createdBy`),
  CONSTRAINT `FK_FEB5D909D3564642` FOREIGN KEY (`createdBy`) REFERENCES `Users` (`uID`),
  CONSTRAINT `FK_FEB5D909FD71026C` FOREIGN KEY (`uID`) REFERENCES `Users` (`uID`)
) ENGINE=InnoDB DEFAULT CHARSET=utf8 COLLATE=utf8_unicode_ci;
/*!40101 SET character_set_client = @saved_cs_client */;

--
-- Dumping data for table `UserSignups`
--

LOCK TABLES `UserSignups` WRITE;
/*!40000 ALTER TABLE `UserSignups` DISABLE KEYS */;
/*!40000 ALTER TABLE `UserSignups` ENABLE KEYS */;
UNLOCK TABLES;

--
-- Table structure for table `UserValidationHashes`
--

DROP TABLE IF EXISTS `UserValidationHashes`;
/*!40101 SET @saved_cs_client     = @@character_set_client */;
/*!40101 SET character_set_client = utf8 */;
CREATE TABLE `UserValidationHashes` (
  `uvhID` int(10) unsigned NOT NULL AUTO_INCREMENT,
  `uID` int(10) unsigned DEFAULT NULL,
  `uHash` varchar(64) COLLATE utf8_unicode_ci NOT NULL,
  `type` smallint(5) unsigned NOT NULL DEFAULT '0',
  `uDateGenerated` int(10) unsigned NOT NULL DEFAULT '0',
  `uDateRedeemed` int(10) unsigned NOT NULL DEFAULT '0',
  PRIMARY KEY (`uvhID`),
  KEY `uID` (`uID`,`type`),
  KEY `uHash` (`uHash`,`type`),
  KEY `uDateGenerated` (`uDateGenerated`,`type`)
) ENGINE=InnoDB DEFAULT CHARSET=utf8 COLLATE=utf8_unicode_ci;
/*!40101 SET character_set_client = @saved_cs_client */;

--
-- Dumping data for table `UserValidationHashes`
--

LOCK TABLES `UserValidationHashes` WRITE;
/*!40000 ALTER TABLE `UserValidationHashes` DISABLE KEYS */;
/*!40000 ALTER TABLE `UserValidationHashes` ENABLE KEYS */;
UNLOCK TABLES;

--
-- Table structure for table `UserWorkflowProgress`
--

DROP TABLE IF EXISTS `UserWorkflowProgress`;
/*!40101 SET @saved_cs_client     = @@character_set_client */;
/*!40101 SET character_set_client = utf8 */;
CREATE TABLE `UserWorkflowProgress` (
  `uID` int(10) unsigned NOT NULL DEFAULT '0',
  `wpID` int(10) unsigned NOT NULL DEFAULT '0',
  PRIMARY KEY (`uID`,`wpID`)
) ENGINE=InnoDB DEFAULT CHARSET=utf8 COLLATE=utf8_unicode_ci;
/*!40101 SET character_set_client = @saved_cs_client */;

--
-- Dumping data for table `UserWorkflowProgress`
--

LOCK TABLES `UserWorkflowProgress` WRITE;
/*!40000 ALTER TABLE `UserWorkflowProgress` DISABLE KEYS */;
/*!40000 ALTER TABLE `UserWorkflowProgress` ENABLE KEYS */;
UNLOCK TABLES;

--
-- Table structure for table `Users`
--

DROP TABLE IF EXISTS `Users`;
/*!40101 SET @saved_cs_client     = @@character_set_client */;
/*!40101 SET character_set_client = utf8 */;
CREATE TABLE `Users` (
  `uID` int(10) unsigned NOT NULL AUTO_INCREMENT,
  `uName` varchar(64) COLLATE utf8_unicode_ci NOT NULL,
  `uEmail` varchar(254) COLLATE utf8_unicode_ci NOT NULL,
  `uPassword` varchar(255) COLLATE utf8_unicode_ci NOT NULL,
  `uIsActive` tinyint(1) NOT NULL,
  `uIsFullRecord` tinyint(1) NOT NULL,
  `uIsValidated` tinyint(1) NOT NULL DEFAULT '-1',
  `uDateAdded` datetime NOT NULL,
  `uLastPasswordChange` datetime NOT NULL,
  `uHasAvatar` tinyint(1) NOT NULL,
  `uLastOnline` int(10) unsigned NOT NULL DEFAULT '0',
  `uLastLogin` int(10) unsigned NOT NULL DEFAULT '0',
  `uPreviousLogin` int(10) unsigned DEFAULT '0',
  `uNumLogins` int(10) unsigned NOT NULL DEFAULT '0',
  `uLastAuthTypeID` int(10) unsigned NOT NULL DEFAULT '0',
  `uLastIP` longtext COLLATE utf8_unicode_ci,
  `uTimezone` varchar(255) COLLATE utf8_unicode_ci DEFAULT NULL,
  `uDefaultLanguage` varchar(32) COLLATE utf8_unicode_ci DEFAULT NULL,
  `uIsPasswordReset` tinyint(1) NOT NULL,
  PRIMARY KEY (`uID`),
  UNIQUE KEY `UNIQ_D5428AED28459686` (`uName`),
  KEY `uEmail` (`uEmail`)
) ENGINE=InnoDB AUTO_INCREMENT=2 DEFAULT CHARSET=utf8 COLLATE=utf8_unicode_ci;
/*!40101 SET character_set_client = @saved_cs_client */;

--
-- Dumping data for table `Users`
--

LOCK TABLES `Users` WRITE;
/*!40000 ALTER TABLE `Users` DISABLE KEYS */;
INSERT INTO `Users` VALUES (1,'admin','abaum@gmail.com','$2a$12$TzpxBOX/FzcEzzRWEf9JWe13FJLMk3NIikTpaSoc3xRVDjw/OcmYe',1,1,1,'2018-02-07 03:03:00','2018-02-07 03:03:00',0,1530733668,1530732590,1530731376,32,1,'c0a82101',NULL,NULL,0);
/*!40000 ALTER TABLE `Users` ENABLE KEYS */;
UNLOCK TABLES;

--
-- Table structure for table `WorkflowProgress`
--

DROP TABLE IF EXISTS `WorkflowProgress`;
/*!40101 SET @saved_cs_client     = @@character_set_client */;
/*!40101 SET character_set_client = utf8 */;
CREATE TABLE `WorkflowProgress` (
  `wpID` int(10) unsigned NOT NULL AUTO_INCREMENT,
  `wpCategoryID` int(10) unsigned DEFAULT NULL,
  `wfID` int(10) unsigned NOT NULL DEFAULT '0',
  `wpApproved` tinyint(1) NOT NULL DEFAULT '0',
  `wpDateAdded` datetime DEFAULT NULL,
  `wpDateLastAction` datetime DEFAULT NULL,
  `wpCurrentStatus` int(11) NOT NULL DEFAULT '0',
  `wrID` int(11) NOT NULL DEFAULT '0',
  `wpIsCompleted` tinyint(1) NOT NULL DEFAULT '0',
  PRIMARY KEY (`wpID`),
  KEY `wpCategoryID` (`wpCategoryID`),
  KEY `wfID` (`wfID`),
  KEY `wrID` (`wrID`,`wpID`,`wpIsCompleted`)
) ENGINE=InnoDB AUTO_INCREMENT=11 DEFAULT CHARSET=utf8 COLLATE=utf8_unicode_ci;
/*!40101 SET character_set_client = @saved_cs_client */;

--
-- Dumping data for table `WorkflowProgress`
--

LOCK TABLES `WorkflowProgress` WRITE;
/*!40000 ALTER TABLE `WorkflowProgress` DISABLE KEYS */;
/*!40000 ALTER TABLE `WorkflowProgress` ENABLE KEYS */;
UNLOCK TABLES;

--
-- Table structure for table `WorkflowProgressCategories`
--

DROP TABLE IF EXISTS `WorkflowProgressCategories`;
/*!40101 SET @saved_cs_client     = @@character_set_client */;
/*!40101 SET character_set_client = utf8 */;
CREATE TABLE `WorkflowProgressCategories` (
  `wpCategoryID` int(10) unsigned NOT NULL AUTO_INCREMENT,
  `wpCategoryHandle` varchar(255) COLLATE utf8_unicode_ci NOT NULL,
  `pkgID` int(10) unsigned DEFAULT NULL,
  PRIMARY KEY (`wpCategoryID`),
  UNIQUE KEY `wpCategoryHandle` (`wpCategoryHandle`),
  KEY `pkgID` (`pkgID`)
) ENGINE=InnoDB AUTO_INCREMENT=5 DEFAULT CHARSET=utf8 COLLATE=utf8_unicode_ci;
/*!40101 SET character_set_client = @saved_cs_client */;

--
-- Dumping data for table `WorkflowProgressCategories`
--

LOCK TABLES `WorkflowProgressCategories` WRITE;
/*!40000 ALTER TABLE `WorkflowProgressCategories` DISABLE KEYS */;
INSERT INTO `WorkflowProgressCategories` VALUES (1,'page',NULL),(2,'file',NULL),(3,'user',NULL),(4,'calendar_event',NULL);
/*!40000 ALTER TABLE `WorkflowProgressCategories` ENABLE KEYS */;
UNLOCK TABLES;

--
-- Table structure for table `WorkflowProgressHistory`
--

DROP TABLE IF EXISTS `WorkflowProgressHistory`;
/*!40101 SET @saved_cs_client     = @@character_set_client */;
/*!40101 SET character_set_client = utf8 */;
CREATE TABLE `WorkflowProgressHistory` (
  `wphID` int(10) unsigned NOT NULL AUTO_INCREMENT,
  `wpID` int(10) unsigned NOT NULL DEFAULT '0',
  `timestamp` timestamp NOT NULL DEFAULT CURRENT_TIMESTAMP,
  `object` text COLLATE utf8_unicode_ci,
  PRIMARY KEY (`wphID`),
  KEY `wpID` (`wpID`,`timestamp`)
) ENGINE=InnoDB AUTO_INCREMENT=57 DEFAULT CHARSET=utf8 COLLATE=utf8_unicode_ci;
/*!40101 SET character_set_client = @saved_cs_client */;

--
-- Dumping data for table `WorkflowProgressHistory`
--

LOCK TABLES `WorkflowProgressHistory` WRITE;
/*!40000 ALTER TABLE `WorkflowProgressHistory` DISABLE KEYS */;
INSERT INTO `WorkflowProgressHistory` VALUES (1,1,'2018-02-07 03:10:03','O:49:\"Concrete\\Core\\Workflow\\Request\\ApprovePageRequest\":10:{s:14:\"\0*\0wrStatusNum\";i:30;s:62:\"\0Concrete\\Core\\Workflow\\Request\\ApprovePageRequest\0isScheduled\";b:0;s:67:\"\0Concrete\\Core\\Workflow\\Request\\ApprovePageRequest\0scheduleDatetime\";N;s:12:\"\0*\0currentWP\";N;s:6:\"\0*\0uID\";s:1:\"1\";s:7:\"\0*\0wrID\";s:1:\"1\";s:5:\"error\";s:0:\"\";s:4:\"pkID\";s:2:\"14\";s:3:\"cID\";s:3:\"176\";s:4:\"cvID\";s:1:\"1\";}'),(2,2,'2018-02-07 03:10:14','O:49:\"Concrete\\Core\\Workflow\\Request\\ApprovePageRequest\":10:{s:14:\"\0*\0wrStatusNum\";i:30;s:62:\"\0Concrete\\Core\\Workflow\\Request\\ApprovePageRequest\0isScheduled\";b:0;s:67:\"\0Concrete\\Core\\Workflow\\Request\\ApprovePageRequest\0scheduleDatetime\";N;s:12:\"\0*\0currentWP\";N;s:6:\"\0*\0uID\";s:1:\"1\";s:7:\"\0*\0wrID\";s:1:\"2\";s:5:\"error\";s:0:\"\";s:4:\"pkID\";s:2:\"14\";s:3:\"cID\";s:3:\"177\";s:4:\"cvID\";s:1:\"1\";}'),(3,3,'2018-02-07 03:10:26','O:49:\"Concrete\\Core\\Workflow\\Request\\ApprovePageRequest\":10:{s:14:\"\0*\0wrStatusNum\";i:30;s:62:\"\0Concrete\\Core\\Workflow\\Request\\ApprovePageRequest\0isScheduled\";b:0;s:67:\"\0Concrete\\Core\\Workflow\\Request\\ApprovePageRequest\0scheduleDatetime\";N;s:12:\"\0*\0currentWP\";N;s:6:\"\0*\0uID\";s:1:\"1\";s:7:\"\0*\0wrID\";s:1:\"3\";s:5:\"error\";s:0:\"\";s:4:\"pkID\";s:2:\"14\";s:3:\"cID\";s:3:\"178\";s:4:\"cvID\";s:1:\"1\";}'),(4,4,'2018-02-07 03:10:39','O:49:\"Concrete\\Core\\Workflow\\Request\\ApprovePageRequest\":10:{s:14:\"\0*\0wrStatusNum\";i:30;s:62:\"\0Concrete\\Core\\Workflow\\Request\\ApprovePageRequest\0isScheduled\";b:0;s:67:\"\0Concrete\\Core\\Workflow\\Request\\ApprovePageRequest\0scheduleDatetime\";N;s:12:\"\0*\0currentWP\";N;s:6:\"\0*\0uID\";s:1:\"1\";s:7:\"\0*\0wrID\";s:1:\"4\";s:5:\"error\";s:0:\"\";s:4:\"pkID\";s:2:\"14\";s:3:\"cID\";s:3:\"179\";s:4:\"cvID\";s:1:\"1\";}'),(5,5,'2018-02-07 03:10:55','O:49:\"Concrete\\Core\\Workflow\\Request\\ApprovePageRequest\":10:{s:14:\"\0*\0wrStatusNum\";i:30;s:62:\"\0Concrete\\Core\\Workflow\\Request\\ApprovePageRequest\0isScheduled\";b:0;s:67:\"\0Concrete\\Core\\Workflow\\Request\\ApprovePageRequest\0scheduleDatetime\";N;s:12:\"\0*\0currentWP\";N;s:6:\"\0*\0uID\";s:1:\"1\";s:7:\"\0*\0wrID\";s:1:\"5\";s:5:\"error\";s:0:\"\";s:4:\"pkID\";s:2:\"14\";s:3:\"cID\";s:3:\"180\";s:4:\"cvID\";s:1:\"1\";}'),(6,6,'2018-02-07 03:11:04','O:49:\"Concrete\\Core\\Workflow\\Request\\ApprovePageRequest\":10:{s:14:\"\0*\0wrStatusNum\";i:30;s:62:\"\0Concrete\\Core\\Workflow\\Request\\ApprovePageRequest\0isScheduled\";b:0;s:67:\"\0Concrete\\Core\\Workflow\\Request\\ApprovePageRequest\0scheduleDatetime\";N;s:12:\"\0*\0currentWP\";N;s:6:\"\0*\0uID\";s:1:\"1\";s:7:\"\0*\0wrID\";s:1:\"6\";s:5:\"error\";s:0:\"\";s:4:\"pkID\";s:2:\"14\";s:3:\"cID\";s:3:\"181\";s:4:\"cvID\";s:1:\"1\";}'),(7,7,'2018-02-07 03:11:46','O:49:\"Concrete\\Core\\Workflow\\Request\\ApprovePageRequest\":10:{s:14:\"\0*\0wrStatusNum\";i:30;s:62:\"\0Concrete\\Core\\Workflow\\Request\\ApprovePageRequest\0isScheduled\";b:0;s:67:\"\0Concrete\\Core\\Workflow\\Request\\ApprovePageRequest\0scheduleDatetime\";N;s:12:\"\0*\0currentWP\";N;s:6:\"\0*\0uID\";s:1:\"1\";s:7:\"\0*\0wrID\";s:1:\"7\";s:5:\"error\";s:0:\"\";s:4:\"pkID\";s:2:\"14\";s:3:\"cID\";s:3:\"182\";s:4:\"cvID\";s:1:\"1\";}'),(8,8,'2018-02-07 03:14:12','O:49:\"Concrete\\Core\\Workflow\\Request\\ApprovePageRequest\":10:{s:14:\"\0*\0wrStatusNum\";i:30;s:62:\"\0Concrete\\Core\\Workflow\\Request\\ApprovePageRequest\0isScheduled\";b:0;s:67:\"\0Concrete\\Core\\Workflow\\Request\\ApprovePageRequest\0scheduleDatetime\";N;s:12:\"\0*\0currentWP\";N;s:6:\"\0*\0uID\";s:1:\"1\";s:7:\"\0*\0wrID\";s:1:\"8\";s:5:\"error\";s:0:\"\";s:4:\"pkID\";s:2:\"14\";s:3:\"cID\";s:3:\"183\";s:4:\"cvID\";s:1:\"1\";}'),(9,9,'2018-02-07 03:14:24','O:49:\"Concrete\\Core\\Workflow\\Request\\ApprovePageRequest\":10:{s:14:\"\0*\0wrStatusNum\";i:30;s:62:\"\0Concrete\\Core\\Workflow\\Request\\ApprovePageRequest\0isScheduled\";b:0;s:67:\"\0Concrete\\Core\\Workflow\\Request\\ApprovePageRequest\0scheduleDatetime\";N;s:12:\"\0*\0currentWP\";N;s:6:\"\0*\0uID\";s:1:\"1\";s:7:\"\0*\0wrID\";s:1:\"9\";s:5:\"error\";s:0:\"\";s:4:\"pkID\";s:2:\"14\";s:3:\"cID\";s:3:\"184\";s:4:\"cvID\";s:1:\"1\";}'),(10,10,'2018-02-07 03:14:48','O:49:\"Concrete\\Core\\Workflow\\Request\\ApprovePageRequest\":10:{s:14:\"\0*\0wrStatusNum\";i:30;s:62:\"\0Concrete\\Core\\Workflow\\Request\\ApprovePageRequest\0isScheduled\";b:0;s:67:\"\0Concrete\\Core\\Workflow\\Request\\ApprovePageRequest\0scheduleDatetime\";N;s:12:\"\0*\0currentWP\";N;s:6:\"\0*\0uID\";s:1:\"1\";s:7:\"\0*\0wrID\";s:2:\"10\";s:5:\"error\";s:0:\"\";s:4:\"pkID\";s:2:\"14\";s:3:\"cID\";s:3:\"185\";s:4:\"cvID\";s:1:\"1\";}'),(11,11,'2018-02-07 03:18:10','O:49:\"Concrete\\Core\\Workflow\\Request\\ApprovePageRequest\":10:{s:14:\"\0*\0wrStatusNum\";i:30;s:62:\"\0Concrete\\Core\\Workflow\\Request\\ApprovePageRequest\0isScheduled\";b:0;s:67:\"\0Concrete\\Core\\Workflow\\Request\\ApprovePageRequest\0scheduleDatetime\";N;s:12:\"\0*\0currentWP\";N;s:6:\"\0*\0uID\";s:1:\"1\";s:7:\"\0*\0wrID\";s:2:\"11\";s:5:\"error\";s:0:\"\";s:4:\"pkID\";s:2:\"14\";s:3:\"cID\";s:1:\"1\";s:4:\"cvID\";s:1:\"2\";}'),(12,1,'2018-02-10 17:23:35','O:49:\"Concrete\\Core\\Workflow\\Request\\ApprovePageRequest\":10:{s:14:\"\0*\0wrStatusNum\";i:30;s:62:\"\0Concrete\\Core\\Workflow\\Request\\ApprovePageRequest\0isScheduled\";b:0;s:67:\"\0Concrete\\Core\\Workflow\\Request\\ApprovePageRequest\0scheduleDatetime\";N;s:12:\"\0*\0currentWP\";N;s:6:\"\0*\0uID\";s:1:\"1\";s:7:\"\0*\0wrID\";s:1:\"1\";s:5:\"error\";s:0:\"\";s:4:\"pkID\";s:2:\"14\";s:3:\"cID\";s:1:\"1\";s:4:\"cvID\";s:1:\"3\";}'),(13,2,'2018-02-10 18:02:01','O:49:\"Concrete\\Core\\Workflow\\Request\\ApprovePageRequest\":10:{s:14:\"\0*\0wrStatusNum\";i:30;s:62:\"\0Concrete\\Core\\Workflow\\Request\\ApprovePageRequest\0isScheduled\";b:0;s:67:\"\0Concrete\\Core\\Workflow\\Request\\ApprovePageRequest\0scheduleDatetime\";N;s:12:\"\0*\0currentWP\";N;s:6:\"\0*\0uID\";s:1:\"1\";s:7:\"\0*\0wrID\";s:1:\"2\";s:5:\"error\";s:0:\"\";s:4:\"pkID\";s:2:\"14\";s:3:\"cID\";s:1:\"1\";s:4:\"cvID\";s:1:\"4\";}'),(14,3,'2018-02-11 20:29:07','O:49:\"Concrete\\Core\\Workflow\\Request\\ApprovePageRequest\":10:{s:14:\"\0*\0wrStatusNum\";i:30;s:62:\"\0Concrete\\Core\\Workflow\\Request\\ApprovePageRequest\0isScheduled\";b:0;s:67:\"\0Concrete\\Core\\Workflow\\Request\\ApprovePageRequest\0scheduleDatetime\";N;s:12:\"\0*\0currentWP\";N;s:6:\"\0*\0uID\";s:1:\"1\";s:7:\"\0*\0wrID\";s:1:\"3\";s:5:\"error\";s:0:\"\";s:4:\"pkID\";s:2:\"14\";s:3:\"cID\";s:3:\"186\";s:4:\"cvID\";s:1:\"1\";}'),(15,4,'2018-02-11 20:31:32','O:48:\"Concrete\\Core\\Workflow\\Request\\DeletePageRequest\":7:{s:14:\"\0*\0wrStatusNum\";i:100;s:12:\"\0*\0currentWP\";N;s:6:\"\0*\0uID\";s:1:\"1\";s:7:\"\0*\0wrID\";s:1:\"4\";s:5:\"error\";s:0:\"\";s:4:\"pkID\";s:2:\"12\";s:3:\"cID\";s:3:\"186\";}'),(16,5,'2018-02-24 14:58:38','O:49:\"Concrete\\Core\\Workflow\\Request\\ApprovePageRequest\":10:{s:14:\"\0*\0wrStatusNum\";i:30;s:62:\"\0Concrete\\Core\\Workflow\\Request\\ApprovePageRequest\0isScheduled\";b:0;s:67:\"\0Concrete\\Core\\Workflow\\Request\\ApprovePageRequest\0scheduleDatetime\";N;s:12:\"\0*\0currentWP\";N;s:6:\"\0*\0uID\";s:1:\"1\";s:7:\"\0*\0wrID\";s:1:\"5\";s:5:\"error\";s:0:\"\";s:4:\"pkID\";s:2:\"14\";s:3:\"cID\";s:1:\"1\";s:4:\"cvID\";s:1:\"5\";}'),(17,6,'2018-02-24 15:05:14','O:49:\"Concrete\\Core\\Workflow\\Request\\ApprovePageRequest\":10:{s:14:\"\0*\0wrStatusNum\";i:30;s:62:\"\0Concrete\\Core\\Workflow\\Request\\ApprovePageRequest\0isScheduled\";b:0;s:67:\"\0Concrete\\Core\\Workflow\\Request\\ApprovePageRequest\0scheduleDatetime\";N;s:12:\"\0*\0currentWP\";N;s:6:\"\0*\0uID\";s:1:\"1\";s:7:\"\0*\0wrID\";s:1:\"6\";s:5:\"error\";s:0:\"\";s:4:\"pkID\";s:2:\"14\";s:3:\"cID\";s:1:\"1\";s:4:\"cvID\";s:1:\"6\";}'),(18,7,'2018-02-24 15:05:34','O:49:\"Concrete\\Core\\Workflow\\Request\\ApprovePageRequest\":10:{s:14:\"\0*\0wrStatusNum\";i:30;s:62:\"\0Concrete\\Core\\Workflow\\Request\\ApprovePageRequest\0isScheduled\";b:0;s:67:\"\0Concrete\\Core\\Workflow\\Request\\ApprovePageRequest\0scheduleDatetime\";N;s:12:\"\0*\0currentWP\";N;s:6:\"\0*\0uID\";s:1:\"1\";s:7:\"\0*\0wrID\";s:1:\"7\";s:5:\"error\";s:0:\"\";s:4:\"pkID\";s:2:\"14\";s:3:\"cID\";s:1:\"1\";s:4:\"cvID\";s:1:\"7\";}'),(19,8,'2018-02-24 16:06:29','O:49:\"Concrete\\Core\\Workflow\\Request\\ApprovePageRequest\":10:{s:14:\"\0*\0wrStatusNum\";i:30;s:62:\"\0Concrete\\Core\\Workflow\\Request\\ApprovePageRequest\0isScheduled\";b:0;s:67:\"\0Concrete\\Core\\Workflow\\Request\\ApprovePageRequest\0scheduleDatetime\";N;s:12:\"\0*\0currentWP\";N;s:6:\"\0*\0uID\";s:1:\"1\";s:7:\"\0*\0wrID\";s:1:\"8\";s:5:\"error\";s:0:\"\";s:4:\"pkID\";s:2:\"14\";s:3:\"cID\";s:1:\"1\";s:4:\"cvID\";s:1:\"8\";}'),(20,9,'2018-02-24 16:31:17','O:49:\"Concrete\\Core\\Workflow\\Request\\ApprovePageRequest\":10:{s:14:\"\0*\0wrStatusNum\";i:30;s:62:\"\0Concrete\\Core\\Workflow\\Request\\ApprovePageRequest\0isScheduled\";b:0;s:67:\"\0Concrete\\Core\\Workflow\\Request\\ApprovePageRequest\0scheduleDatetime\";N;s:12:\"\0*\0currentWP\";N;s:6:\"\0*\0uID\";s:1:\"1\";s:7:\"\0*\0wrID\";s:1:\"9\";s:5:\"error\";s:0:\"\";s:4:\"pkID\";s:2:\"14\";s:3:\"cID\";s:1:\"1\";s:4:\"cvID\";s:1:\"9\";}'),(21,10,'2018-03-02 01:41:57','O:49:\"Concrete\\Core\\Workflow\\Request\\ApprovePageRequest\":10:{s:14:\"\0*\0wrStatusNum\";i:30;s:62:\"\0Concrete\\Core\\Workflow\\Request\\ApprovePageRequest\0isScheduled\";b:0;s:67:\"\0Concrete\\Core\\Workflow\\Request\\ApprovePageRequest\0scheduleDatetime\";N;s:12:\"\0*\0currentWP\";N;s:6:\"\0*\0uID\";s:1:\"1\";s:7:\"\0*\0wrID\";s:2:\"10\";s:5:\"error\";s:0:\"\";s:4:\"pkID\";s:2:\"14\";s:3:\"cID\";s:1:\"1\";s:4:\"cvID\";s:2:\"10\";}'),(22,11,'2018-03-02 02:35:57','O:49:\"Concrete\\Core\\Workflow\\Request\\ApprovePageRequest\":10:{s:14:\"\0*\0wrStatusNum\";i:30;s:62:\"\0Concrete\\Core\\Workflow\\Request\\ApprovePageRequest\0isScheduled\";b:0;s:67:\"\0Concrete\\Core\\Workflow\\Request\\ApprovePageRequest\0scheduleDatetime\";N;s:12:\"\0*\0currentWP\";N;s:6:\"\0*\0uID\";s:1:\"1\";s:7:\"\0*\0wrID\";s:2:\"11\";s:5:\"error\";s:0:\"\";s:4:\"pkID\";s:2:\"14\";s:3:\"cID\";s:1:\"1\";s:4:\"cvID\";s:2:\"11\";}'),(23,12,'2018-03-03 20:04:10','O:49:\"Concrete\\Core\\Workflow\\Request\\ApprovePageRequest\":10:{s:14:\"\0*\0wrStatusNum\";i:30;s:62:\"\0Concrete\\Core\\Workflow\\Request\\ApprovePageRequest\0isScheduled\";b:0;s:67:\"\0Concrete\\Core\\Workflow\\Request\\ApprovePageRequest\0scheduleDatetime\";N;s:12:\"\0*\0currentWP\";N;s:6:\"\0*\0uID\";s:1:\"1\";s:7:\"\0*\0wrID\";s:2:\"12\";s:5:\"error\";s:0:\"\";s:4:\"pkID\";s:2:\"14\";s:3:\"cID\";s:3:\"178\";s:4:\"cvID\";s:1:\"2\";}'),(24,13,'2018-03-03 20:14:20','O:49:\"Concrete\\Core\\Workflow\\Request\\ApprovePageRequest\":10:{s:14:\"\0*\0wrStatusNum\";i:30;s:62:\"\0Concrete\\Core\\Workflow\\Request\\ApprovePageRequest\0isScheduled\";b:0;s:67:\"\0Concrete\\Core\\Workflow\\Request\\ApprovePageRequest\0scheduleDatetime\";N;s:12:\"\0*\0currentWP\";N;s:6:\"\0*\0uID\";s:1:\"1\";s:7:\"\0*\0wrID\";s:2:\"13\";s:5:\"error\";s:0:\"\";s:4:\"pkID\";s:2:\"14\";s:3:\"cID\";s:3:\"178\";s:4:\"cvID\";s:1:\"3\";}'),(25,14,'2018-03-03 20:37:17','O:49:\"Concrete\\Core\\Workflow\\Request\\ApprovePageRequest\":10:{s:14:\"\0*\0wrStatusNum\";i:30;s:62:\"\0Concrete\\Core\\Workflow\\Request\\ApprovePageRequest\0isScheduled\";b:0;s:67:\"\0Concrete\\Core\\Workflow\\Request\\ApprovePageRequest\0scheduleDatetime\";N;s:12:\"\0*\0currentWP\";N;s:6:\"\0*\0uID\";s:1:\"1\";s:7:\"\0*\0wrID\";s:2:\"14\";s:5:\"error\";s:0:\"\";s:4:\"pkID\";s:2:\"14\";s:3:\"cID\";s:3:\"178\";s:4:\"cvID\";s:1:\"4\";}'),(26,15,'2018-03-03 21:19:19','O:49:\"Concrete\\Core\\Workflow\\Request\\ApprovePageRequest\":10:{s:14:\"\0*\0wrStatusNum\";i:30;s:62:\"\0Concrete\\Core\\Workflow\\Request\\ApprovePageRequest\0isScheduled\";b:0;s:67:\"\0Concrete\\Core\\Workflow\\Request\\ApprovePageRequest\0scheduleDatetime\";N;s:12:\"\0*\0currentWP\";N;s:6:\"\0*\0uID\";s:1:\"1\";s:7:\"\0*\0wrID\";s:2:\"15\";s:5:\"error\";s:0:\"\";s:4:\"pkID\";s:2:\"14\";s:3:\"cID\";s:3:\"178\";s:4:\"cvID\";s:1:\"5\";}'),(27,16,'2018-03-03 21:31:57','O:49:\"Concrete\\Core\\Workflow\\Request\\ApprovePageRequest\":10:{s:14:\"\0*\0wrStatusNum\";i:30;s:62:\"\0Concrete\\Core\\Workflow\\Request\\ApprovePageRequest\0isScheduled\";b:0;s:67:\"\0Concrete\\Core\\Workflow\\Request\\ApprovePageRequest\0scheduleDatetime\";N;s:12:\"\0*\0currentWP\";N;s:6:\"\0*\0uID\";s:1:\"1\";s:7:\"\0*\0wrID\";s:2:\"16\";s:5:\"error\";s:0:\"\";s:4:\"pkID\";s:2:\"14\";s:3:\"cID\";s:3:\"183\";s:4:\"cvID\";s:1:\"2\";}'),(28,17,'2018-03-24 18:21:39','O:48:\"Concrete\\Core\\Workflow\\Request\\DeletePageRequest\":7:{s:14:\"\0*\0wrStatusNum\";i:100;s:12:\"\0*\0currentWP\";N;s:6:\"\0*\0uID\";s:1:\"1\";s:7:\"\0*\0wrID\";s:2:\"17\";s:5:\"error\";s:0:\"\";s:4:\"pkID\";s:2:\"12\";s:3:\"cID\";s:3:\"183\";}'),(29,18,'2018-03-24 18:21:49','O:48:\"Concrete\\Core\\Workflow\\Request\\DeletePageRequest\":7:{s:14:\"\0*\0wrStatusNum\";i:100;s:12:\"\0*\0currentWP\";N;s:6:\"\0*\0uID\";s:1:\"1\";s:7:\"\0*\0wrID\";s:2:\"18\";s:5:\"error\";s:0:\"\";s:4:\"pkID\";s:2:\"12\";s:3:\"cID\";s:3:\"196\";}'),(30,19,'2018-03-24 18:24:07','O:49:\"Concrete\\Core\\Workflow\\Request\\ApprovePageRequest\":10:{s:14:\"\0*\0wrStatusNum\";i:30;s:62:\"\0Concrete\\Core\\Workflow\\Request\\ApprovePageRequest\0isScheduled\";b:0;s:67:\"\0Concrete\\Core\\Workflow\\Request\\ApprovePageRequest\0scheduleDatetime\";N;s:12:\"\0*\0currentWP\";N;s:6:\"\0*\0uID\";s:1:\"1\";s:7:\"\0*\0wrID\";s:2:\"19\";s:5:\"error\";s:0:\"\";s:4:\"pkID\";s:2:\"14\";s:3:\"cID\";s:3:\"198\";s:4:\"cvID\";s:1:\"2\";}'),(31,20,'2018-03-24 22:38:37','O:48:\"Concrete\\Core\\Workflow\\Request\\DeletePageRequest\":7:{s:14:\"\0*\0wrStatusNum\";i:100;s:12:\"\0*\0currentWP\";N;s:6:\"\0*\0uID\";s:1:\"1\";s:7:\"\0*\0wrID\";s:2:\"20\";s:5:\"error\";s:0:\"\";s:4:\"pkID\";s:2:\"12\";s:3:\"cID\";s:3:\"197\";}'),(32,21,'2018-03-24 22:42:34','O:48:\"Concrete\\Core\\Workflow\\Request\\DeletePageRequest\":7:{s:14:\"\0*\0wrStatusNum\";i:100;s:12:\"\0*\0currentWP\";N;s:6:\"\0*\0uID\";s:1:\"1\";s:7:\"\0*\0wrID\";s:2:\"21\";s:5:\"error\";s:0:\"\";s:4:\"pkID\";s:2:\"12\";s:3:\"cID\";s:3:\"201\";}'),(33,22,'2018-03-24 22:42:36','O:48:\"Concrete\\Core\\Workflow\\Request\\DeletePageRequest\":7:{s:14:\"\0*\0wrStatusNum\";i:100;s:12:\"\0*\0currentWP\";N;s:6:\"\0*\0uID\";s:1:\"1\";s:7:\"\0*\0wrID\";s:2:\"22\";s:5:\"error\";s:0:\"\";s:4:\"pkID\";s:2:\"12\";s:3:\"cID\";s:3:\"200\";}'),(34,23,'2018-03-24 22:42:39','O:48:\"Concrete\\Core\\Workflow\\Request\\DeletePageRequest\":7:{s:14:\"\0*\0wrStatusNum\";i:100;s:12:\"\0*\0currentWP\";N;s:6:\"\0*\0uID\";s:1:\"1\";s:7:\"\0*\0wrID\";s:2:\"23\";s:5:\"error\";s:0:\"\";s:4:\"pkID\";s:2:\"12\";s:3:\"cID\";s:3:\"199\";}'),(35,24,'2018-03-25 01:53:09','O:48:\"Concrete\\Core\\Workflow\\Request\\DeletePageRequest\":7:{s:14:\"\0*\0wrStatusNum\";i:100;s:12:\"\0*\0currentWP\";N;s:6:\"\0*\0uID\";s:1:\"1\";s:7:\"\0*\0wrID\";s:2:\"24\";s:5:\"error\";s:0:\"\";s:4:\"pkID\";s:2:\"12\";s:3:\"cID\";s:3:\"203\";}'),(36,25,'2018-03-25 01:53:11','O:48:\"Concrete\\Core\\Workflow\\Request\\DeletePageRequest\":7:{s:14:\"\0*\0wrStatusNum\";i:100;s:12:\"\0*\0currentWP\";N;s:6:\"\0*\0uID\";s:1:\"1\";s:7:\"\0*\0wrID\";s:2:\"25\";s:5:\"error\";s:0:\"\";s:4:\"pkID\";s:2:\"12\";s:3:\"cID\";s:3:\"202\";}'),(37,26,'2018-03-25 01:55:10','O:48:\"Concrete\\Core\\Workflow\\Request\\DeletePageRequest\":7:{s:14:\"\0*\0wrStatusNum\";i:100;s:12:\"\0*\0currentWP\";N;s:6:\"\0*\0uID\";s:1:\"1\";s:7:\"\0*\0wrID\";s:2:\"26\";s:5:\"error\";s:0:\"\";s:4:\"pkID\";s:2:\"12\";s:3:\"cID\";s:3:\"204\";}'),(38,27,'2018-03-25 19:27:29','O:49:\"Concrete\\Core\\Workflow\\Request\\ApprovePageRequest\":10:{s:14:\"\0*\0wrStatusNum\";i:30;s:62:\"\0Concrete\\Core\\Workflow\\Request\\ApprovePageRequest\0isScheduled\";b:0;s:67:\"\0Concrete\\Core\\Workflow\\Request\\ApprovePageRequest\0scheduleDatetime\";N;s:12:\"\0*\0currentWP\";N;s:6:\"\0*\0uID\";s:1:\"1\";s:7:\"\0*\0wrID\";s:2:\"27\";s:5:\"error\";s:0:\"\";s:4:\"pkID\";s:2:\"14\";s:3:\"cID\";s:1:\"1\";s:4:\"cvID\";s:2:\"12\";}'),(39,28,'2018-03-25 19:41:11','O:49:\"Concrete\\Core\\Workflow\\Request\\ApprovePageRequest\":10:{s:14:\"\0*\0wrStatusNum\";i:30;s:62:\"\0Concrete\\Core\\Workflow\\Request\\ApprovePageRequest\0isScheduled\";b:0;s:67:\"\0Concrete\\Core\\Workflow\\Request\\ApprovePageRequest\0scheduleDatetime\";N;s:12:\"\0*\0currentWP\";N;s:6:\"\0*\0uID\";s:1:\"1\";s:7:\"\0*\0wrID\";s:2:\"28\";s:5:\"error\";s:0:\"\";s:4:\"pkID\";s:2:\"14\";s:3:\"cID\";s:3:\"178\";s:4:\"cvID\";s:1:\"6\";}'),(40,29,'2018-03-25 19:48:19','O:49:\"Concrete\\Core\\Workflow\\Request\\ApprovePageRequest\":10:{s:14:\"\0*\0wrStatusNum\";i:30;s:62:\"\0Concrete\\Core\\Workflow\\Request\\ApprovePageRequest\0isScheduled\";b:0;s:67:\"\0Concrete\\Core\\Workflow\\Request\\ApprovePageRequest\0scheduleDatetime\";N;s:12:\"\0*\0currentWP\";N;s:6:\"\0*\0uID\";s:1:\"1\";s:7:\"\0*\0wrID\";s:2:\"29\";s:5:\"error\";s:0:\"\";s:4:\"pkID\";s:2:\"14\";s:3:\"cID\";s:3:\"206\";s:4:\"cvID\";s:1:\"1\";}'),(41,30,'2018-03-25 19:48:41','O:49:\"Concrete\\Core\\Workflow\\Request\\ApprovePageRequest\":10:{s:14:\"\0*\0wrStatusNum\";i:30;s:62:\"\0Concrete\\Core\\Workflow\\Request\\ApprovePageRequest\0isScheduled\";b:0;s:67:\"\0Concrete\\Core\\Workflow\\Request\\ApprovePageRequest\0scheduleDatetime\";N;s:12:\"\0*\0currentWP\";N;s:6:\"\0*\0uID\";s:1:\"1\";s:7:\"\0*\0wrID\";s:2:\"30\";s:5:\"error\";s:0:\"\";s:4:\"pkID\";s:2:\"14\";s:3:\"cID\";s:3:\"206\";s:4:\"cvID\";s:1:\"2\";}'),(42,31,'2018-03-25 19:48:51','O:49:\"Concrete\\Core\\Workflow\\Request\\ApprovePageRequest\":10:{s:14:\"\0*\0wrStatusNum\";i:30;s:62:\"\0Concrete\\Core\\Workflow\\Request\\ApprovePageRequest\0isScheduled\";b:0;s:67:\"\0Concrete\\Core\\Workflow\\Request\\ApprovePageRequest\0scheduleDatetime\";N;s:12:\"\0*\0currentWP\";N;s:6:\"\0*\0uID\";s:1:\"1\";s:7:\"\0*\0wrID\";s:2:\"31\";s:5:\"error\";s:0:\"\";s:4:\"pkID\";s:2:\"14\";s:3:\"cID\";s:3:\"207\";s:4:\"cvID\";s:1:\"1\";}'),(43,32,'2018-03-25 19:49:04','O:49:\"Concrete\\Core\\Workflow\\Request\\ApprovePageRequest\":10:{s:14:\"\0*\0wrStatusNum\";i:30;s:62:\"\0Concrete\\Core\\Workflow\\Request\\ApprovePageRequest\0isScheduled\";b:0;s:67:\"\0Concrete\\Core\\Workflow\\Request\\ApprovePageRequest\0scheduleDatetime\";N;s:12:\"\0*\0currentWP\";N;s:6:\"\0*\0uID\";s:1:\"1\";s:7:\"\0*\0wrID\";s:2:\"32\";s:5:\"error\";s:0:\"\";s:4:\"pkID\";s:2:\"14\";s:3:\"cID\";s:3:\"208\";s:4:\"cvID\";s:1:\"1\";}'),(44,33,'2018-03-25 19:49:18','O:49:\"Concrete\\Core\\Workflow\\Request\\ApprovePageRequest\":10:{s:14:\"\0*\0wrStatusNum\";i:30;s:62:\"\0Concrete\\Core\\Workflow\\Request\\ApprovePageRequest\0isScheduled\";b:0;s:67:\"\0Concrete\\Core\\Workflow\\Request\\ApprovePageRequest\0scheduleDatetime\";N;s:12:\"\0*\0currentWP\";N;s:6:\"\0*\0uID\";s:1:\"1\";s:7:\"\0*\0wrID\";s:2:\"33\";s:5:\"error\";s:0:\"\";s:4:\"pkID\";s:2:\"14\";s:3:\"cID\";s:3:\"209\";s:4:\"cvID\";s:1:\"1\";}'),(45,34,'2018-03-25 19:51:49','O:49:\"Concrete\\Core\\Workflow\\Request\\ApprovePageRequest\":10:{s:14:\"\0*\0wrStatusNum\";i:30;s:62:\"\0Concrete\\Core\\Workflow\\Request\\ApprovePageRequest\0isScheduled\";b:0;s:67:\"\0Concrete\\Core\\Workflow\\Request\\ApprovePageRequest\0scheduleDatetime\";N;s:12:\"\0*\0currentWP\";N;s:6:\"\0*\0uID\";s:1:\"1\";s:7:\"\0*\0wrID\";s:2:\"34\";s:5:\"error\";s:0:\"\";s:4:\"pkID\";s:2:\"14\";s:3:\"cID\";s:3:\"178\";s:4:\"cvID\";s:1:\"7\";}'),(46,35,'2018-03-25 19:59:53','O:49:\"Concrete\\Core\\Workflow\\Request\\ApprovePageRequest\":10:{s:14:\"\0*\0wrStatusNum\";i:30;s:62:\"\0Concrete\\Core\\Workflow\\Request\\ApprovePageRequest\0isScheduled\";b:0;s:67:\"\0Concrete\\Core\\Workflow\\Request\\ApprovePageRequest\0scheduleDatetime\";N;s:12:\"\0*\0currentWP\";N;s:6:\"\0*\0uID\";s:1:\"1\";s:7:\"\0*\0wrID\";s:2:\"35\";s:5:\"error\";s:0:\"\";s:4:\"pkID\";s:2:\"14\";s:3:\"cID\";s:1:\"1\";s:4:\"cvID\";s:2:\"13\";}'),(47,1,'2018-07-04 17:47:24','O:49:\"Concrete\\Core\\Workflow\\Request\\ApprovePageRequest\":10:{s:14:\"\0*\0wrStatusNum\";i:30;s:62:\"\0Concrete\\Core\\Workflow\\Request\\ApprovePageRequest\0isScheduled\";b:0;s:67:\"\0Concrete\\Core\\Workflow\\Request\\ApprovePageRequest\0scheduleDatetime\";N;s:12:\"\0*\0currentWP\";N;s:6:\"\0*\0uID\";s:1:\"1\";s:7:\"\0*\0wrID\";s:1:\"1\";s:5:\"error\";s:0:\"\";s:4:\"pkID\";s:2:\"14\";s:3:\"cID\";s:1:\"1\";s:4:\"cvID\";s:2:\"14\";}'),(48,2,'2018-07-04 17:47:41','O:49:\"Concrete\\Core\\Workflow\\Request\\ApprovePageRequest\":10:{s:14:\"\0*\0wrStatusNum\";i:30;s:62:\"\0Concrete\\Core\\Workflow\\Request\\ApprovePageRequest\0isScheduled\";b:0;s:67:\"\0Concrete\\Core\\Workflow\\Request\\ApprovePageRequest\0scheduleDatetime\";N;s:12:\"\0*\0currentWP\";N;s:6:\"\0*\0uID\";s:1:\"1\";s:7:\"\0*\0wrID\";s:1:\"2\";s:5:\"error\";s:0:\"\";s:4:\"pkID\";s:2:\"14\";s:3:\"cID\";s:1:\"1\";s:4:\"cvID\";s:2:\"15\";}'),(49,3,'2018-07-04 17:48:15','O:49:\"Concrete\\Core\\Workflow\\Request\\ApprovePageRequest\":10:{s:14:\"\0*\0wrStatusNum\";i:30;s:62:\"\0Concrete\\Core\\Workflow\\Request\\ApprovePageRequest\0isScheduled\";b:0;s:67:\"\0Concrete\\Core\\Workflow\\Request\\ApprovePageRequest\0scheduleDatetime\";N;s:12:\"\0*\0currentWP\";N;s:6:\"\0*\0uID\";s:1:\"1\";s:7:\"\0*\0wrID\";s:1:\"3\";s:5:\"error\";s:0:\"\";s:4:\"pkID\";s:2:\"14\";s:3:\"cID\";s:1:\"1\";s:4:\"cvID\";s:2:\"16\";}'),(50,4,'2018-07-04 17:48:29','O:49:\"Concrete\\Core\\Workflow\\Request\\ApprovePageRequest\":10:{s:14:\"\0*\0wrStatusNum\";i:30;s:62:\"\0Concrete\\Core\\Workflow\\Request\\ApprovePageRequest\0isScheduled\";b:0;s:67:\"\0Concrete\\Core\\Workflow\\Request\\ApprovePageRequest\0scheduleDatetime\";N;s:12:\"\0*\0currentWP\";N;s:6:\"\0*\0uID\";s:1:\"1\";s:7:\"\0*\0wrID\";s:1:\"4\";s:5:\"error\";s:0:\"\";s:4:\"pkID\";s:2:\"14\";s:3:\"cID\";s:1:\"1\";s:4:\"cvID\";s:2:\"17\";}'),(51,5,'2018-07-04 17:54:00','O:49:\"Concrete\\Core\\Workflow\\Request\\ApprovePageRequest\":10:{s:14:\"\0*\0wrStatusNum\";i:30;s:62:\"\0Concrete\\Core\\Workflow\\Request\\ApprovePageRequest\0isScheduled\";b:0;s:67:\"\0Concrete\\Core\\Workflow\\Request\\ApprovePageRequest\0scheduleDatetime\";N;s:12:\"\0*\0currentWP\";N;s:6:\"\0*\0uID\";s:1:\"1\";s:7:\"\0*\0wrID\";s:1:\"5\";s:5:\"error\";s:0:\"\";s:4:\"pkID\";s:2:\"14\";s:3:\"cID\";s:3:\"208\";s:4:\"cvID\";s:1:\"2\";}'),(52,6,'2018-07-04 17:54:36','O:49:\"Concrete\\Core\\Workflow\\Request\\ApprovePageRequest\":10:{s:14:\"\0*\0wrStatusNum\";i:30;s:62:\"\0Concrete\\Core\\Workflow\\Request\\ApprovePageRequest\0isScheduled\";b:0;s:67:\"\0Concrete\\Core\\Workflow\\Request\\ApprovePageRequest\0scheduleDatetime\";N;s:12:\"\0*\0currentWP\";N;s:6:\"\0*\0uID\";s:1:\"1\";s:7:\"\0*\0wrID\";s:1:\"6\";s:5:\"error\";s:0:\"\";s:4:\"pkID\";s:2:\"14\";s:3:\"cID\";s:3:\"208\";s:4:\"cvID\";s:1:\"3\";}'),(53,7,'2018-07-04 17:59:53','O:49:\"Concrete\\Core\\Workflow\\Request\\ApprovePageRequest\":10:{s:14:\"\0*\0wrStatusNum\";i:30;s:62:\"\0Concrete\\Core\\Workflow\\Request\\ApprovePageRequest\0isScheduled\";b:0;s:67:\"\0Concrete\\Core\\Workflow\\Request\\ApprovePageRequest\0scheduleDatetime\";N;s:12:\"\0*\0currentWP\";N;s:6:\"\0*\0uID\";s:1:\"1\";s:7:\"\0*\0wrID\";s:1:\"7\";s:5:\"error\";s:0:\"\";s:4:\"pkID\";s:2:\"14\";s:3:\"cID\";s:1:\"1\";s:4:\"cvID\";s:2:\"18\";}'),(54,8,'2018-07-04 19:09:58','O:49:\"Concrete\\Core\\Workflow\\Request\\ApprovePageRequest\":10:{s:14:\"\0*\0wrStatusNum\";i:30;s:62:\"\0Concrete\\Core\\Workflow\\Request\\ApprovePageRequest\0isScheduled\";b:0;s:67:\"\0Concrete\\Core\\Workflow\\Request\\ApprovePageRequest\0scheduleDatetime\";N;s:12:\"\0*\0currentWP\";N;s:6:\"\0*\0uID\";s:1:\"1\";s:7:\"\0*\0wrID\";s:1:\"8\";s:5:\"error\";s:0:\"\";s:4:\"pkID\";s:2:\"14\";s:3:\"cID\";s:3:\"178\";s:4:\"cvID\";s:1:\"8\";}'),(55,9,'2018-07-04 19:10:05','O:49:\"Concrete\\Core\\Workflow\\Request\\ApprovePageRequest\":10:{s:14:\"\0*\0wrStatusNum\";i:30;s:62:\"\0Concrete\\Core\\Workflow\\Request\\ApprovePageRequest\0isScheduled\";b:0;s:67:\"\0Concrete\\Core\\Workflow\\Request\\ApprovePageRequest\0scheduleDatetime\";N;s:12:\"\0*\0currentWP\";N;s:6:\"\0*\0uID\";s:1:\"1\";s:7:\"\0*\0wrID\";s:1:\"9\";s:5:\"error\";s:0:\"\";s:4:\"pkID\";s:2:\"14\";s:3:\"cID\";s:3:\"178\";s:4:\"cvID\";s:1:\"9\";}'),(56,10,'2018-07-04 19:42:13','O:49:\"Concrete\\Core\\Workflow\\Request\\ApprovePageRequest\":10:{s:14:\"\0*\0wrStatusNum\";i:30;s:62:\"\0Concrete\\Core\\Workflow\\Request\\ApprovePageRequest\0isScheduled\";b:0;s:67:\"\0Concrete\\Core\\Workflow\\Request\\ApprovePageRequest\0scheduleDatetime\";N;s:12:\"\0*\0currentWP\";N;s:6:\"\0*\0uID\";s:1:\"1\";s:7:\"\0*\0wrID\";s:2:\"10\";s:5:\"error\";s:0:\"\";s:4:\"pkID\";s:2:\"14\";s:3:\"cID\";s:3:\"208\";s:4:\"cvID\";s:1:\"4\";}');
/*!40000 ALTER TABLE `WorkflowProgressHistory` ENABLE KEYS */;
UNLOCK TABLES;

--
-- Table structure for table `WorkflowProgressNotifications`
--

DROP TABLE IF EXISTS `WorkflowProgressNotifications`;
/*!40101 SET @saved_cs_client     = @@character_set_client */;
/*!40101 SET character_set_client = utf8 */;
CREATE TABLE `WorkflowProgressNotifications` (
  `wpID` int(10) unsigned NOT NULL,
  `nID` int(10) unsigned NOT NULL,
  PRIMARY KEY (`nID`),
  CONSTRAINT `FK_EC39CA81ED024EFD` FOREIGN KEY (`nID`) REFERENCES `Notifications` (`nID`) ON DELETE CASCADE
) ENGINE=InnoDB DEFAULT CHARSET=utf8 COLLATE=utf8_unicode_ci;
/*!40101 SET character_set_client = @saved_cs_client */;

--
-- Dumping data for table `WorkflowProgressNotifications`
--

LOCK TABLES `WorkflowProgressNotifications` WRITE;
/*!40000 ALTER TABLE `WorkflowProgressNotifications` DISABLE KEYS */;
/*!40000 ALTER TABLE `WorkflowProgressNotifications` ENABLE KEYS */;
UNLOCK TABLES;

--
-- Table structure for table `WorkflowRequestObjects`
--

DROP TABLE IF EXISTS `WorkflowRequestObjects`;
/*!40101 SET @saved_cs_client     = @@character_set_client */;
/*!40101 SET character_set_client = utf8 */;
CREATE TABLE `WorkflowRequestObjects` (
  `wrID` int(10) unsigned NOT NULL AUTO_INCREMENT,
  `wrObject` text COLLATE utf8_unicode_ci,
  PRIMARY KEY (`wrID`)
) ENGINE=InnoDB AUTO_INCREMENT=11 DEFAULT CHARSET=utf8 COLLATE=utf8_unicode_ci;
/*!40101 SET character_set_client = @saved_cs_client */;

--
-- Dumping data for table `WorkflowRequestObjects`
--

LOCK TABLES `WorkflowRequestObjects` WRITE;
/*!40000 ALTER TABLE `WorkflowRequestObjects` DISABLE KEYS */;
/*!40000 ALTER TABLE `WorkflowRequestObjects` ENABLE KEYS */;
UNLOCK TABLES;

--
-- Table structure for table `WorkflowTypes`
--

DROP TABLE IF EXISTS `WorkflowTypes`;
/*!40101 SET @saved_cs_client     = @@character_set_client */;
/*!40101 SET character_set_client = utf8 */;
CREATE TABLE `WorkflowTypes` (
  `wftID` int(10) unsigned NOT NULL AUTO_INCREMENT,
  `wftHandle` varchar(64) COLLATE utf8_unicode_ci NOT NULL,
  `wftName` varchar(128) COLLATE utf8_unicode_ci NOT NULL,
  `pkgID` int(10) unsigned NOT NULL DEFAULT '0',
  PRIMARY KEY (`wftID`),
  UNIQUE KEY `wftHandle` (`wftHandle`),
  KEY `pkgID` (`pkgID`)
) ENGINE=InnoDB AUTO_INCREMENT=2 DEFAULT CHARSET=utf8 COLLATE=utf8_unicode_ci;
/*!40101 SET character_set_client = @saved_cs_client */;

--
-- Dumping data for table `WorkflowTypes`
--

LOCK TABLES `WorkflowTypes` WRITE;
/*!40000 ALTER TABLE `WorkflowTypes` DISABLE KEYS */;
INSERT INTO `WorkflowTypes` VALUES (1,'basic','Basic Workflow',0);
/*!40000 ALTER TABLE `WorkflowTypes` ENABLE KEYS */;
UNLOCK TABLES;

--
-- Table structure for table `Workflows`
--

DROP TABLE IF EXISTS `Workflows`;
/*!40101 SET @saved_cs_client     = @@character_set_client */;
/*!40101 SET character_set_client = utf8 */;
CREATE TABLE `Workflows` (
  `wfID` int(10) unsigned NOT NULL AUTO_INCREMENT,
  `wfName` varchar(255) COLLATE utf8_unicode_ci DEFAULT NULL,
  `wftID` int(10) unsigned NOT NULL DEFAULT '0',
  `pkgID` int(10) unsigned NOT NULL DEFAULT '0',
  PRIMARY KEY (`wfID`),
  UNIQUE KEY `wfName` (`wfName`),
  KEY `wftID` (`wftID`,`wfID`),
  KEY `pkgID` (`pkgID`)
) ENGINE=InnoDB DEFAULT CHARSET=utf8 COLLATE=utf8_unicode_ci;
/*!40101 SET character_set_client = @saved_cs_client */;

--
-- Dumping data for table `Workflows`
--

LOCK TABLES `Workflows` WRITE;
/*!40000 ALTER TABLE `Workflows` DISABLE KEYS */;
/*!40000 ALTER TABLE `Workflows` ENABLE KEYS */;
UNLOCK TABLES;

--
-- Table structure for table `atAddress`
--

DROP TABLE IF EXISTS `atAddress`;
/*!40101 SET @saved_cs_client     = @@character_set_client */;
/*!40101 SET character_set_client = utf8 */;
CREATE TABLE `atAddress` (
  `address1` varchar(255) COLLATE utf8_unicode_ci DEFAULT NULL,
  `address2` varchar(255) COLLATE utf8_unicode_ci DEFAULT NULL,
  `address3` varchar(255) COLLATE utf8_unicode_ci DEFAULT NULL,
  `city` varchar(255) COLLATE utf8_unicode_ci DEFAULT NULL,
  `state_province` varchar(255) COLLATE utf8_unicode_ci DEFAULT NULL,
  `country` varchar(255) COLLATE utf8_unicode_ci DEFAULT NULL,
  `postal_code` varchar(255) COLLATE utf8_unicode_ci DEFAULT NULL,
  `avID` int(10) unsigned NOT NULL,
  PRIMARY KEY (`avID`),
  CONSTRAINT `FK_DA949740A2A82A5D` FOREIGN KEY (`avID`) REFERENCES `AttributeValues` (`avID`) ON DELETE CASCADE
) ENGINE=InnoDB DEFAULT CHARSET=utf8 COLLATE=utf8_unicode_ci;
/*!40101 SET character_set_client = @saved_cs_client */;

--
-- Dumping data for table `atAddress`
--

LOCK TABLES `atAddress` WRITE;
/*!40000 ALTER TABLE `atAddress` DISABLE KEYS */;
/*!40000 ALTER TABLE `atAddress` ENABLE KEYS */;
UNLOCK TABLES;

--
-- Table structure for table `atAddressSettings`
--

DROP TABLE IF EXISTS `atAddressSettings`;
/*!40101 SET @saved_cs_client     = @@character_set_client */;
/*!40101 SET character_set_client = utf8 */;
CREATE TABLE `atAddressSettings` (
  `akDefaultCountry` varchar(255) COLLATE utf8_unicode_ci DEFAULT NULL,
  `akHasCustomCountries` tinyint(1) NOT NULL,
  `customCountries` longtext COLLATE utf8_unicode_ci NOT NULL COMMENT '(DC2Type:json_array)',
  `akGeolocateCountry` tinyint(1) NOT NULL,
  `akID` int(10) unsigned NOT NULL,
  PRIMARY KEY (`akID`),
  CONSTRAINT `FK_5A737B61B6561A7E` FOREIGN KEY (`akID`) REFERENCES `AttributeKeys` (`akID`)
) ENGINE=InnoDB DEFAULT CHARSET=utf8 COLLATE=utf8_unicode_ci;
/*!40101 SET character_set_client = @saved_cs_client */;

--
-- Dumping data for table `atAddressSettings`
--

LOCK TABLES `atAddressSettings` WRITE;
/*!40000 ALTER TABLE `atAddressSettings` DISABLE KEYS */;
/*!40000 ALTER TABLE `atAddressSettings` ENABLE KEYS */;
UNLOCK TABLES;

--
-- Table structure for table `atBoolean`
--

DROP TABLE IF EXISTS `atBoolean`;
/*!40101 SET @saved_cs_client     = @@character_set_client */;
/*!40101 SET character_set_client = utf8 */;
CREATE TABLE `atBoolean` (
  `value` tinyint(1) NOT NULL,
  `avID` int(10) unsigned NOT NULL,
  PRIMARY KEY (`avID`),
  CONSTRAINT `FK_5D5F70A9A2A82A5D` FOREIGN KEY (`avID`) REFERENCES `AttributeValues` (`avID`) ON DELETE CASCADE
) ENGINE=InnoDB DEFAULT CHARSET=utf8 COLLATE=utf8_unicode_ci;
/*!40101 SET character_set_client = @saved_cs_client */;

--
-- Dumping data for table `atBoolean`
--

LOCK TABLES `atBoolean` WRITE;
/*!40000 ALTER TABLE `atBoolean` DISABLE KEYS */;
INSERT INTO `atBoolean` VALUES (1,9),(1,16),(1,18),(1,24),(1,25),(1,30),(1,31),(1,32),(1,33),(1,34),(1,35),(1,36),(1,37),(1,41),(1,42),(1,43),(1,44),(1,47),(1,48),(1,55),(1,66),(1,69),(1,70),(1,71),(1,72),(1,73),(1,74),(1,75),(1,76),(1,77),(1,78),(1,79),(1,80),(1,81),(1,82),(1,92),(0,103),(1,124),(1,133),(0,134),(1,140),(1,141),(1,150);
/*!40000 ALTER TABLE `atBoolean` ENABLE KEYS */;
UNLOCK TABLES;

--
-- Table structure for table `atBooleanSettings`
--

DROP TABLE IF EXISTS `atBooleanSettings`;
/*!40101 SET @saved_cs_client     = @@character_set_client */;
/*!40101 SET character_set_client = utf8 */;
CREATE TABLE `atBooleanSettings` (
  `akCheckedByDefault` tinyint(1) NOT NULL,
  `checkboxLabel` varchar(255) COLLATE utf8_unicode_ci DEFAULT NULL,
  `akID` int(10) unsigned NOT NULL,
  PRIMARY KEY (`akID`),
  CONSTRAINT `FK_78025F47B6561A7E` FOREIGN KEY (`akID`) REFERENCES `AttributeKeys` (`akID`)
) ENGINE=InnoDB DEFAULT CHARSET=utf8 COLLATE=utf8_unicode_ci;
/*!40101 SET character_set_client = @saved_cs_client */;

--
-- Dumping data for table `atBooleanSettings`
--

LOCK TABLES `atBooleanSettings` WRITE;
/*!40000 ALTER TABLE `atBooleanSettings` DISABLE KEYS */;
INSERT INTO `atBooleanSettings` VALUES (0,NULL,5),(0,'Exclude Page from Navigation',7),(0,'Exclude Page from Page List Blocks',8),(0,'Feature this Page',11),(0,NULL,12),(0,NULL,13),(1,NULL,14),(1,NULL,15);
/*!40000 ALTER TABLE `atBooleanSettings` ENABLE KEYS */;
UNLOCK TABLES;

--
-- Table structure for table `atDateTime`
--

DROP TABLE IF EXISTS `atDateTime`;
/*!40101 SET @saved_cs_client     = @@character_set_client */;
/*!40101 SET character_set_client = utf8 */;
CREATE TABLE `atDateTime` (
  `value` datetime DEFAULT NULL,
  `avID` int(10) unsigned NOT NULL,
  PRIMARY KEY (`avID`),
  CONSTRAINT `FK_DF75412AA2A82A5D` FOREIGN KEY (`avID`) REFERENCES `AttributeValues` (`avID`) ON DELETE CASCADE
) ENGINE=InnoDB DEFAULT CHARSET=utf8 COLLATE=utf8_unicode_ci;
/*!40101 SET character_set_client = @saved_cs_client */;

--
-- Dumping data for table `atDateTime`
--

LOCK TABLES `atDateTime` WRITE;
/*!40000 ALTER TABLE `atDateTime` DISABLE KEYS */;
/*!40000 ALTER TABLE `atDateTime` ENABLE KEYS */;
UNLOCK TABLES;

--
-- Table structure for table `atDateTimeSettings`
--

DROP TABLE IF EXISTS `atDateTimeSettings`;
/*!40101 SET @saved_cs_client     = @@character_set_client */;
/*!40101 SET character_set_client = utf8 */;
CREATE TABLE `atDateTimeSettings` (
  `akUseNowIfEmpty` tinyint(1) NOT NULL DEFAULT '0',
  `akDateDisplayMode` varchar(255) COLLATE utf8_unicode_ci NOT NULL,
  `akTextCustomFormat` longtext COLLATE utf8_unicode_ci NOT NULL COMMENT 'Custom format for text inputs',
  `akTimeResolution` int(10) unsigned NOT NULL DEFAULT '60' COMMENT 'Time resolution (in seconds)',
  `akID` int(10) unsigned NOT NULL,
  PRIMARY KEY (`akID`),
  CONSTRAINT `FK_C6B3B63AB6561A7E` FOREIGN KEY (`akID`) REFERENCES `AttributeKeys` (`akID`)
) ENGINE=InnoDB DEFAULT CHARSET=utf8 COLLATE=utf8_unicode_ci;
/*!40101 SET character_set_client = @saved_cs_client */;

--
-- Dumping data for table `atDateTimeSettings`
--

LOCK TABLES `atDateTimeSettings` WRITE;
/*!40000 ALTER TABLE `atDateTimeSettings` DISABLE KEYS */;
/*!40000 ALTER TABLE `atDateTimeSettings` ENABLE KEYS */;
UNLOCK TABLES;

--
-- Table structure for table `atDefault`
--

DROP TABLE IF EXISTS `atDefault`;
/*!40101 SET @saved_cs_client     = @@character_set_client */;
/*!40101 SET character_set_client = utf8 */;
CREATE TABLE `atDefault` (
  `value` longtext COLLATE utf8_unicode_ci,
  `avID` int(10) unsigned NOT NULL,
  PRIMARY KEY (`avID`),
  CONSTRAINT `FK_3484F81EA2A82A5D` FOREIGN KEY (`avID`) REFERENCES `AttributeValues` (`avID`) ON DELETE CASCADE
) ENGINE=InnoDB DEFAULT CHARSET=utf8 COLLATE=utf8_unicode_ci;
/*!40101 SET character_set_client = @saved_cs_client */;

--
-- Dumping data for table `atDefault`
--

LOCK TABLES `atDefault` WRITE;
/*!40000 ALTER TABLE `atDefault` DISABLE KEYS */;
INSERT INTO `atDefault` VALUES ('fa fa-th-large',1),('pages, add page, delete page, copy, move, alias',2),('pages, add page, delete page, copy, move, alias',3),('pages, add page, delete page, copy, move, alias, bulk',4),('find page, search page, search, find, pages, sitemap',5),('add file, delete file, copy, move, alias, resize, crop, rename, images, title, attribute',6),('file, file attributes, title, attribute, description, rename',7),('files, category, categories',8),('new file set',10),('users, groups, people, find, delete user, remove user, change password, password',11),('find, search, people, delete user, remove user, change password, password',12),('user, group, people, permissions, expire, badges',13),('user attributes, user data, gather data, registration data',14),('new user, create',15),('new user group, new group, group, create',17),('group set',19),('community, points, karma',20),('action, community actions',21),('forms, log, error, email, mysql, exception, survey',22),('forms, questions, response, data',23),('questions, quiz, response',26),('forms, log, error, email, mysql, exception, survey, history',27),('new theme, theme, active theme, change theme, template, css',28),('page types',29),('page attributes, custom',38),('single, page, custom, application',39),('atom, rss, feed, syndication',40),('icon-bullhorn',45),('stacks, global areas, reusable content, scrapbook, copy, paste, paste block, copy block, site name, logo',46),('edit stacks, view stacks, all stacks',49),('block, refresh, custom',50),('add-on, addon, add on, package, app, ecommerce, discussions, forums, themes, templates, blocks',51),('add-on, addon, ecommerce, install, discussions, forums, themes, templates, blocks',52),('update, upgrade',53),('concrete5.org, my account, marketplace',54),('buy theme, new theme, marketplace, template',56),('buy addon, buy add on, buy add-on, purchase addon, purchase add on, purchase add-on, find addon, new addon, marketplace',57),('dashboard, configuration',58),('website name, title',59),('accessibility, easy mode',60),('sharing, facebook, twitter',61),('logo, favicon, iphone, icon, bookmark',62),('tinymce, content block, fonts, editor, content, overlay',63),('translate, translation, internationalization, multilingual',64),('languages, update, gettext, translation, translate',65),('timezone, profile, locale',67),('site attributes',68),('multilingual, localization, internationalization, i18n',83),('vanity, pretty url, redirection, hostname, canonical, seo, pageview, view',84),('bulk, seo, change keywords, engine, optimization, search',85),('traffic, statistics, google analytics, quant, pageviews, hits',86),('pretty, slug',87),('configure search, site search, search option',88),('security, files, media, extension, manager, upload',89),('file options, file manager, upload, modify',90),('images, picture, responsive, retina',91),('thumbnail, format, png, jpg, jpeg, quality, compression, gd, imagick, imagemagick, transparency',93),('uploading, upload, images, image, resizing, manager',94),('security, alternate storage, hide files',95),('cache option, change cache, override, turn on cache, turn off cache, no cache, page cache, caching',96),('cache option, turn off cache, no cache, page cache, caching',97),('index search, reindex search, build sitemap, sitemap.xml, clear old versions, page versions, remove old',98),('queries, database, mysql',99),('editors, hide site, offline, private, public, access',100),('security, actions, administrator, admin, package, marketplace, search',101),('security, lock ip, lock out, block ip, address, restrict, access',102),('security, registration',104),('antispam, block spam, security',105),('lock site, under construction, hide, hidden',106),('signup, new user, community, public registration, public, registration',107),('profile, login, redirect, specific, dashboard, administrators',108),('member profile, member page, community, forums, social, avatar',109),('auth, authentication, types, oauth, facebook, login, registration',110),('global, password, reset, change password, force, sign out',111),('smtp, mail settings',112),('email server, mail settings, mail configuration, external, internal',113),('test smtp, test mail',114),('email server, mail settings, mail configuration, private message, message system, import, email, message',115),('conversations',116),('conversations',117),('conversations ratings, ratings, community, community points',118),('conversations bad words, banned words, banned, bad words, bad, words, list',119),('attribute configuration',120),('attributes, types',121),('attributes, sets',122),('topics, tags, taxonomy',123),('overrides, system info, debug, support, help',125),('errors, exceptions, develop, support, help',126),('email, logging, logs, smtp, pop, errors, mysql, log',127),('network, proxy server',128),('database, entities, doctrine, orm',129),('geolocation, ip, address, country, nation, place, locate',130),('upgrade, new version, update',131),('fa fa-th',135),('fa fa-trash-o',136),('fa fa-briefcase',137),('fa fa-edit',138);
/*!40000 ALTER TABLE `atDefault` ENABLE KEYS */;
UNLOCK TABLES;

--
-- Table structure for table `atEmptySettings`
--

DROP TABLE IF EXISTS `atEmptySettings`;
/*!40101 SET @saved_cs_client     = @@character_set_client */;
/*!40101 SET character_set_client = utf8 */;
CREATE TABLE `atEmptySettings` (
  `akID` int(10) unsigned NOT NULL,
  PRIMARY KEY (`akID`),
  CONSTRAINT `FK_ED1BF189B6561A7E` FOREIGN KEY (`akID`) REFERENCES `AttributeKeys` (`akID`)
) ENGINE=InnoDB DEFAULT CHARSET=utf8 COLLATE=utf8_unicode_ci;
/*!40101 SET character_set_client = @saved_cs_client */;

--
-- Dumping data for table `atEmptySettings`
--

LOCK TABLES `atEmptySettings` WRITE;
/*!40000 ALTER TABLE `atEmptySettings` DISABLE KEYS */;
INSERT INTO `atEmptySettings` VALUES (4),(16),(17),(18),(19);
/*!40000 ALTER TABLE `atEmptySettings` ENABLE KEYS */;
UNLOCK TABLES;

--
-- Table structure for table `atExpress`
--

DROP TABLE IF EXISTS `atExpress`;
/*!40101 SET @saved_cs_client     = @@character_set_client */;
/*!40101 SET character_set_client = utf8 */;
CREATE TABLE `atExpress` (
  `avID` int(10) unsigned NOT NULL,
  PRIMARY KEY (`avID`),
  CONSTRAINT `FK_CFAF40F1A2A82A5D` FOREIGN KEY (`avID`) REFERENCES `AttributeValues` (`avID`) ON DELETE CASCADE
) ENGINE=InnoDB DEFAULT CHARSET=utf8 COLLATE=utf8_unicode_ci;
/*!40101 SET character_set_client = @saved_cs_client */;

--
-- Dumping data for table `atExpress`
--

LOCK TABLES `atExpress` WRITE;
/*!40000 ALTER TABLE `atExpress` DISABLE KEYS */;
/*!40000 ALTER TABLE `atExpress` ENABLE KEYS */;
UNLOCK TABLES;

--
-- Table structure for table `atExpressSelectedEntries`
--

DROP TABLE IF EXISTS `atExpressSelectedEntries`;
/*!40101 SET @saved_cs_client     = @@character_set_client */;
/*!40101 SET character_set_client = utf8 */;
CREATE TABLE `atExpressSelectedEntries` (
  `avID` int(10) unsigned NOT NULL,
  `exEntryID` int(11) NOT NULL,
  PRIMARY KEY (`avID`,`exEntryID`),
  KEY `IDX_C9D404BBA2A82A5D` (`avID`),
  KEY `IDX_C9D404BB6DCB6296` (`exEntryID`),
  CONSTRAINT `FK_C9D404BB6DCB6296` FOREIGN KEY (`exEntryID`) REFERENCES `ExpressEntityEntries` (`exEntryID`),
  CONSTRAINT `FK_C9D404BBA2A82A5D` FOREIGN KEY (`avID`) REFERENCES `atExpress` (`avID`)
) ENGINE=InnoDB DEFAULT CHARSET=utf8 COLLATE=utf8_unicode_ci;
/*!40101 SET character_set_client = @saved_cs_client */;

--
-- Dumping data for table `atExpressSelectedEntries`
--

LOCK TABLES `atExpressSelectedEntries` WRITE;
/*!40000 ALTER TABLE `atExpressSelectedEntries` DISABLE KEYS */;
/*!40000 ALTER TABLE `atExpressSelectedEntries` ENABLE KEYS */;
UNLOCK TABLES;

--
-- Table structure for table `atExpressSettings`
--

DROP TABLE IF EXISTS `atExpressSettings`;
/*!40101 SET @saved_cs_client     = @@character_set_client */;
/*!40101 SET character_set_client = utf8 */;
CREATE TABLE `atExpressSettings` (
  `exEntityID` char(36) COLLATE utf8_unicode_ci DEFAULT NULL COMMENT '(DC2Type:guid)',
  `akID` int(10) unsigned NOT NULL,
  PRIMARY KEY (`akID`),
  KEY `IDX_E8F67F0FCE2D7284` (`exEntityID`),
  CONSTRAINT `FK_E8F67F0FB6561A7E` FOREIGN KEY (`akID`) REFERENCES `AttributeKeys` (`akID`),
  CONSTRAINT `FK_E8F67F0FCE2D7284` FOREIGN KEY (`exEntityID`) REFERENCES `ExpressEntities` (`id`)
) ENGINE=InnoDB DEFAULT CHARSET=utf8 COLLATE=utf8_unicode_ci;
/*!40101 SET character_set_client = @saved_cs_client */;

--
-- Dumping data for table `atExpressSettings`
--

LOCK TABLES `atExpressSettings` WRITE;
/*!40000 ALTER TABLE `atExpressSettings` DISABLE KEYS */;
/*!40000 ALTER TABLE `atExpressSettings` ENABLE KEYS */;
UNLOCK TABLES;

--
-- Table structure for table `atFile`
--

DROP TABLE IF EXISTS `atFile`;
/*!40101 SET @saved_cs_client     = @@character_set_client */;
/*!40101 SET character_set_client = utf8 */;
CREATE TABLE `atFile` (
  `fID` int(10) unsigned DEFAULT NULL,
  `avID` int(10) unsigned NOT NULL,
  PRIMARY KEY (`avID`),
  KEY `IDX_73D17D61E3111F45` (`fID`),
  CONSTRAINT `FK_73D17D61A2A82A5D` FOREIGN KEY (`avID`) REFERENCES `AttributeValues` (`avID`) ON DELETE CASCADE,
  CONSTRAINT `FK_73D17D61E3111F45` FOREIGN KEY (`fID`) REFERENCES `Files` (`fID`) ON DELETE CASCADE
) ENGINE=InnoDB DEFAULT CHARSET=utf8 COLLATE=utf8_unicode_ci;
/*!40101 SET character_set_client = @saved_cs_client */;

--
-- Dumping data for table `atFile`
--

LOCK TABLES `atFile` WRITE;
/*!40000 ALTER TABLE `atFile` DISABLE KEYS */;
INSERT INTO `atFile` VALUES (6,177),(7,179),(15,171),(16,174);
/*!40000 ALTER TABLE `atFile` ENABLE KEYS */;
UNLOCK TABLES;

--
-- Table structure for table `atFileSettings`
--

DROP TABLE IF EXISTS `atFileSettings`;
/*!40101 SET @saved_cs_client     = @@character_set_client */;
/*!40101 SET character_set_client = utf8 */;
CREATE TABLE `atFileSettings` (
  `akFileManagerMode` int(11) NOT NULL,
  `akID` int(10) unsigned NOT NULL,
  PRIMARY KEY (`akID`),
  CONSTRAINT `FK_EADD86C8B6561A7E` FOREIGN KEY (`akID`) REFERENCES `AttributeKeys` (`akID`)
) ENGINE=InnoDB DEFAULT CHARSET=utf8 COLLATE=utf8_unicode_ci;
/*!40101 SET character_set_client = @saved_cs_client */;

--
-- Dumping data for table `atFileSettings`
--

LOCK TABLES `atFileSettings` WRITE;
/*!40000 ALTER TABLE `atFileSettings` DISABLE KEYS */;
INSERT INTO `atFileSettings` VALUES (0,20),(0,28);
/*!40000 ALTER TABLE `atFileSettings` ENABLE KEYS */;
UNLOCK TABLES;

--
-- Table structure for table `atNumber`
--

DROP TABLE IF EXISTS `atNumber`;
/*!40101 SET @saved_cs_client     = @@character_set_client */;
/*!40101 SET character_set_client = utf8 */;
CREATE TABLE `atNumber` (
  `value` decimal(14,4) DEFAULT NULL,
  `avID` int(10) unsigned NOT NULL,
  PRIMARY KEY (`avID`),
  CONSTRAINT `FK_41BA30B5A2A82A5D` FOREIGN KEY (`avID`) REFERENCES `AttributeValues` (`avID`) ON DELETE CASCADE
) ENGINE=InnoDB DEFAULT CHARSET=utf8 COLLATE=utf8_unicode_ci;
/*!40101 SET character_set_client = @saved_cs_client */;

--
-- Dumping data for table `atNumber`
--

LOCK TABLES `atNumber` WRITE;
/*!40000 ALTER TABLE `atNumber` DISABLE KEYS */;
INSERT INTO `atNumber` VALUES (2.0000,132),(1.0000,139),(114.0000,142),(114.0000,143),(96.0000,144),(96.0000,145),(16.0000,146),(16.0000,147),(32.0000,148),(32.0000,149),(1500.0000,151),(280.0000,152),(1500.0000,153),(280.0000,154),(1500.0000,155),(280.0000,156),(1500.0000,157),(280.0000,158),(1500.0000,159),(280.0000,160),(1500.0000,161),(280.0000,162),(1500.0000,163),(280.0000,164),(1500.0000,165),(280.0000,166),(1500.0000,167),(280.0000,168),(1500.0000,169),(280.0000,170),(2000.0000,172),(1500.0000,173),(2000.0000,175),(1020.0000,176);
/*!40000 ALTER TABLE `atNumber` ENABLE KEYS */;
UNLOCK TABLES;

--
-- Table structure for table `atSelect`
--

DROP TABLE IF EXISTS `atSelect`;
/*!40101 SET @saved_cs_client     = @@character_set_client */;
/*!40101 SET character_set_client = utf8 */;
CREATE TABLE `atSelect` (
  `avID` int(10) unsigned NOT NULL,
  PRIMARY KEY (`avID`),
  CONSTRAINT `FK_9CD8C521A2A82A5D` FOREIGN KEY (`avID`) REFERENCES `AttributeValues` (`avID`) ON DELETE CASCADE
) ENGINE=InnoDB DEFAULT CHARSET=utf8 COLLATE=utf8_unicode_ci;
/*!40101 SET character_set_client = @saved_cs_client */;

--
-- Dumping data for table `atSelect`
--

LOCK TABLES `atSelect` WRITE;
/*!40000 ALTER TABLE `atSelect` DISABLE KEYS */;
/*!40000 ALTER TABLE `atSelect` ENABLE KEYS */;
UNLOCK TABLES;

--
-- Table structure for table `atSelectOptionLists`
--

DROP TABLE IF EXISTS `atSelectOptionLists`;
/*!40101 SET @saved_cs_client     = @@character_set_client */;
/*!40101 SET character_set_client = utf8 */;
CREATE TABLE `atSelectOptionLists` (
  `avSelectOptionListID` int(10) unsigned NOT NULL AUTO_INCREMENT,
  PRIMARY KEY (`avSelectOptionListID`)
) ENGINE=InnoDB AUTO_INCREMENT=2 DEFAULT CHARSET=utf8 COLLATE=utf8_unicode_ci;
/*!40101 SET character_set_client = @saved_cs_client */;

--
-- Dumping data for table `atSelectOptionLists`
--

LOCK TABLES `atSelectOptionLists` WRITE;
/*!40000 ALTER TABLE `atSelectOptionLists` DISABLE KEYS */;
INSERT INTO `atSelectOptionLists` VALUES (1);
/*!40000 ALTER TABLE `atSelectOptionLists` ENABLE KEYS */;
UNLOCK TABLES;

--
-- Table structure for table `atSelectOptions`
--

DROP TABLE IF EXISTS `atSelectOptions`;
/*!40101 SET @saved_cs_client     = @@character_set_client */;
/*!40101 SET character_set_client = utf8 */;
CREATE TABLE `atSelectOptions` (
  `avSelectOptionID` int(10) unsigned NOT NULL AUTO_INCREMENT,
  `isEndUserAdded` tinyint(1) NOT NULL,
  `isDeleted` tinyint(1) NOT NULL DEFAULT '0',
  `displayOrder` int(11) NOT NULL,
  `value` varchar(255) COLLATE utf8_unicode_ci NOT NULL,
  `avSelectOptionListID` int(10) unsigned DEFAULT NULL,
  PRIMARY KEY (`avSelectOptionID`),
  KEY `IDX_797414B0CB59257C` (`avSelectOptionListID`),
  CONSTRAINT `FK_797414B0CB59257C` FOREIGN KEY (`avSelectOptionListID`) REFERENCES `atSelectOptionLists` (`avSelectOptionListID`)
) ENGINE=InnoDB DEFAULT CHARSET=utf8 COLLATE=utf8_unicode_ci;
/*!40101 SET character_set_client = @saved_cs_client */;

--
-- Dumping data for table `atSelectOptions`
--

LOCK TABLES `atSelectOptions` WRITE;
/*!40000 ALTER TABLE `atSelectOptions` DISABLE KEYS */;
/*!40000 ALTER TABLE `atSelectOptions` ENABLE KEYS */;
UNLOCK TABLES;

--
-- Table structure for table `atSelectOptionsSelected`
--

DROP TABLE IF EXISTS `atSelectOptionsSelected`;
/*!40101 SET @saved_cs_client     = @@character_set_client */;
/*!40101 SET character_set_client = utf8 */;
CREATE TABLE `atSelectOptionsSelected` (
  `avID` int(10) unsigned NOT NULL,
  `avSelectOptionID` int(10) unsigned NOT NULL,
  PRIMARY KEY (`avID`,`avSelectOptionID`),
  KEY `IDX_40C97EC3A2A82A5D` (`avID`),
  KEY `IDX_40C97EC3E584C274` (`avSelectOptionID`),
  CONSTRAINT `FK_40C97EC3A2A82A5D` FOREIGN KEY (`avID`) REFERENCES `atSelect` (`avID`),
  CONSTRAINT `FK_40C97EC3E584C274` FOREIGN KEY (`avSelectOptionID`) REFERENCES `atSelectOptions` (`avSelectOptionID`)
) ENGINE=InnoDB DEFAULT CHARSET=utf8 COLLATE=utf8_unicode_ci;
/*!40101 SET character_set_client = @saved_cs_client */;

--
-- Dumping data for table `atSelectOptionsSelected`
--

LOCK TABLES `atSelectOptionsSelected` WRITE;
/*!40000 ALTER TABLE `atSelectOptionsSelected` DISABLE KEYS */;
/*!40000 ALTER TABLE `atSelectOptionsSelected` ENABLE KEYS */;
UNLOCK TABLES;

--
-- Table structure for table `atSelectSettings`
--

DROP TABLE IF EXISTS `atSelectSettings`;
/*!40101 SET @saved_cs_client     = @@character_set_client */;
/*!40101 SET character_set_client = utf8 */;
CREATE TABLE `atSelectSettings` (
  `akSelectAllowMultipleValues` tinyint(1) NOT NULL,
  `akSelectAllowOtherValues` tinyint(1) NOT NULL,
  `akHideNoneOption` tinyint(1) NOT NULL,
  `akSelectOptionDisplayOrder` varchar(255) COLLATE utf8_unicode_ci NOT NULL,
  `akDisplayMultipleValuesOnSelect` tinyint(1) NOT NULL,
  `avSelectOptionListID` int(10) unsigned DEFAULT NULL,
  `akID` int(10) unsigned NOT NULL,
  PRIMARY KEY (`akID`),
  UNIQUE KEY `UNIQ_5D514424CB59257C` (`avSelectOptionListID`),
  CONSTRAINT `FK_5D514424B6561A7E` FOREIGN KEY (`akID`) REFERENCES `AttributeKeys` (`akID`),
  CONSTRAINT `FK_5D514424CB59257C` FOREIGN KEY (`avSelectOptionListID`) REFERENCES `atSelectOptionLists` (`avSelectOptionListID`)
) ENGINE=InnoDB DEFAULT CHARSET=utf8 COLLATE=utf8_unicode_ci;
/*!40101 SET character_set_client = @saved_cs_client */;

--
-- Dumping data for table `atSelectSettings`
--

LOCK TABLES `atSelectSettings` WRITE;
/*!40000 ALTER TABLE `atSelectSettings` DISABLE KEYS */;
INSERT INTO `atSelectSettings` VALUES (1,1,0,'display_asc',0,1,10);
/*!40000 ALTER TABLE `atSelectSettings` ENABLE KEYS */;
UNLOCK TABLES;

--
-- Table structure for table `atSelectedSocialLinks`
--

DROP TABLE IF EXISTS `atSelectedSocialLinks`;
/*!40101 SET @saved_cs_client     = @@character_set_client */;
/*!40101 SET character_set_client = utf8 */;
CREATE TABLE `atSelectedSocialLinks` (
  `avsID` int(10) unsigned NOT NULL AUTO_INCREMENT,
  `service` varchar(255) COLLATE utf8_unicode_ci NOT NULL,
  `serviceInfo` varchar(255) COLLATE utf8_unicode_ci DEFAULT NULL,
  `avID` int(10) unsigned DEFAULT NULL,
  PRIMARY KEY (`avsID`),
  KEY `IDX_10743709A2A82A5D` (`avID`),
  CONSTRAINT `FK_10743709A2A82A5D` FOREIGN KEY (`avID`) REFERENCES `atSocialLinks` (`avID`)
) ENGINE=InnoDB DEFAULT CHARSET=utf8 COLLATE=utf8_unicode_ci;
/*!40101 SET character_set_client = @saved_cs_client */;

--
-- Dumping data for table `atSelectedSocialLinks`
--

LOCK TABLES `atSelectedSocialLinks` WRITE;
/*!40000 ALTER TABLE `atSelectedSocialLinks` DISABLE KEYS */;
/*!40000 ALTER TABLE `atSelectedSocialLinks` ENABLE KEYS */;
UNLOCK TABLES;

--
-- Table structure for table `atSelectedTopics`
--

DROP TABLE IF EXISTS `atSelectedTopics`;
/*!40101 SET @saved_cs_client     = @@character_set_client */;
/*!40101 SET character_set_client = utf8 */;
CREATE TABLE `atSelectedTopics` (
  `avTreeTopicNodeID` int(10) unsigned NOT NULL AUTO_INCREMENT,
  `treeNodeID` int(10) unsigned NOT NULL,
  `avID` int(10) unsigned DEFAULT NULL,
  PRIMARY KEY (`avTreeTopicNodeID`),
  KEY `IDX_E42A7D5BA2A82A5D` (`avID`),
  CONSTRAINT `FK_E42A7D5BA2A82A5D` FOREIGN KEY (`avID`) REFERENCES `atTopic` (`avID`)
) ENGINE=InnoDB DEFAULT CHARSET=utf8 COLLATE=utf8_unicode_ci;
/*!40101 SET character_set_client = @saved_cs_client */;

--
-- Dumping data for table `atSelectedTopics`
--

LOCK TABLES `atSelectedTopics` WRITE;
/*!40000 ALTER TABLE `atSelectedTopics` DISABLE KEYS */;
/*!40000 ALTER TABLE `atSelectedTopics` ENABLE KEYS */;
UNLOCK TABLES;

--
-- Table structure for table `atSocialLinks`
--

DROP TABLE IF EXISTS `atSocialLinks`;
/*!40101 SET @saved_cs_client     = @@character_set_client */;
/*!40101 SET character_set_client = utf8 */;
CREATE TABLE `atSocialLinks` (
  `avID` int(10) unsigned NOT NULL,
  PRIMARY KEY (`avID`),
  CONSTRAINT `FK_1431EC8AA2A82A5D` FOREIGN KEY (`avID`) REFERENCES `AttributeValues` (`avID`) ON DELETE CASCADE
) ENGINE=InnoDB DEFAULT CHARSET=utf8 COLLATE=utf8_unicode_ci;
/*!40101 SET character_set_client = @saved_cs_client */;

--
-- Dumping data for table `atSocialLinks`
--

LOCK TABLES `atSocialLinks` WRITE;
/*!40000 ALTER TABLE `atSocialLinks` DISABLE KEYS */;
/*!40000 ALTER TABLE `atSocialLinks` ENABLE KEYS */;
UNLOCK TABLES;

--
-- Table structure for table `atTextSettings`
--

DROP TABLE IF EXISTS `atTextSettings`;
/*!40101 SET @saved_cs_client     = @@character_set_client */;
/*!40101 SET character_set_client = utf8 */;
CREATE TABLE `atTextSettings` (
  `akTextPlaceholder` varchar(255) COLLATE utf8_unicode_ci DEFAULT NULL,
  `akID` int(10) unsigned NOT NULL,
  PRIMARY KEY (`akID`),
  CONSTRAINT `FK_951A10CCB6561A7E` FOREIGN KEY (`akID`) REFERENCES `AttributeKeys` (`akID`)
) ENGINE=InnoDB DEFAULT CHARSET=utf8 COLLATE=utf8_unicode_ci;
/*!40101 SET character_set_client = @saved_cs_client */;

--
-- Dumping data for table `atTextSettings`
--

LOCK TABLES `atTextSettings` WRITE;
/*!40000 ALTER TABLE `atTextSettings` DISABLE KEYS */;
INSERT INTO `atTextSettings` VALUES ('',1);
/*!40000 ALTER TABLE `atTextSettings` ENABLE KEYS */;
UNLOCK TABLES;

--
-- Table structure for table `atTextareaSettings`
--

DROP TABLE IF EXISTS `atTextareaSettings`;
/*!40101 SET @saved_cs_client     = @@character_set_client */;
/*!40101 SET character_set_client = utf8 */;
CREATE TABLE `atTextareaSettings` (
  `akTextareaDisplayMode` varchar(255) COLLATE utf8_unicode_ci DEFAULT NULL,
  `akID` int(10) unsigned NOT NULL,
  PRIMARY KEY (`akID`),
  CONSTRAINT `FK_A6EA10D6B6561A7E` FOREIGN KEY (`akID`) REFERENCES `AttributeKeys` (`akID`)
) ENGINE=InnoDB DEFAULT CHARSET=utf8 COLLATE=utf8_unicode_ci;
/*!40101 SET character_set_client = @saved_cs_client */;

--
-- Dumping data for table `atTextareaSettings`
--

LOCK TABLES `atTextareaSettings` WRITE;
/*!40000 ALTER TABLE `atTextareaSettings` DISABLE KEYS */;
INSERT INTO `atTextareaSettings` VALUES ('',2),('',3),('',6),('',9);
/*!40000 ALTER TABLE `atTextareaSettings` ENABLE KEYS */;
UNLOCK TABLES;

--
-- Table structure for table `atTopic`
--

DROP TABLE IF EXISTS `atTopic`;
/*!40101 SET @saved_cs_client     = @@character_set_client */;
/*!40101 SET character_set_client = utf8 */;
CREATE TABLE `atTopic` (
  `avID` int(10) unsigned NOT NULL,
  PRIMARY KEY (`avID`),
  CONSTRAINT `FK_BABDD1FAA2A82A5D` FOREIGN KEY (`avID`) REFERENCES `AttributeValues` (`avID`) ON DELETE CASCADE
) ENGINE=InnoDB DEFAULT CHARSET=utf8 COLLATE=utf8_unicode_ci;
/*!40101 SET character_set_client = @saved_cs_client */;

--
-- Dumping data for table `atTopic`
--

LOCK TABLES `atTopic` WRITE;
/*!40000 ALTER TABLE `atTopic` DISABLE KEYS */;
/*!40000 ALTER TABLE `atTopic` ENABLE KEYS */;
UNLOCK TABLES;

--
-- Table structure for table `atTopicSettings`
--

DROP TABLE IF EXISTS `atTopicSettings`;
/*!40101 SET @saved_cs_client     = @@character_set_client */;
/*!40101 SET character_set_client = utf8 */;
CREATE TABLE `atTopicSettings` (
  `akTopicParentNodeID` int(11) NOT NULL,
  `akTopicTreeID` int(11) NOT NULL,
  `akTopicAllowMultipleValues` tinyint(1) NOT NULL DEFAULT '1',
  `akID` int(10) unsigned NOT NULL,
  PRIMARY KEY (`akID`),
  CONSTRAINT `FK_830FD2FEB6561A7E` FOREIGN KEY (`akID`) REFERENCES `AttributeKeys` (`akID`)
) ENGINE=InnoDB DEFAULT CHARSET=utf8 COLLATE=utf8_unicode_ci;
/*!40101 SET character_set_client = @saved_cs_client */;

--
-- Dumping data for table `atTopicSettings`
--

LOCK TABLES `atTopicSettings` WRITE;
/*!40000 ALTER TABLE `atTopicSettings` DISABLE KEYS */;
/*!40000 ALTER TABLE `atTopicSettings` ENABLE KEYS */;
UNLOCK TABLES;

--
-- Table structure for table `authTypeConcreteCookieMap`
--

DROP TABLE IF EXISTS `authTypeConcreteCookieMap`;
/*!40101 SET @saved_cs_client     = @@character_set_client */;
/*!40101 SET character_set_client = utf8 */;
CREATE TABLE `authTypeConcreteCookieMap` (
  `ID` int(10) unsigned NOT NULL AUTO_INCREMENT,
  `token` varchar(32) COLLATE utf8_unicode_ci DEFAULT NULL,
  `uID` int(11) DEFAULT NULL,
  `validThrough` int(11) DEFAULT NULL,
  PRIMARY KEY (`ID`),
  UNIQUE KEY `token` (`token`),
  KEY `uID` (`uID`)
) ENGINE=InnoDB DEFAULT CHARSET=utf8 COLLATE=utf8_unicode_ci;
/*!40101 SET character_set_client = @saved_cs_client */;

--
-- Dumping data for table `authTypeConcreteCookieMap`
--

LOCK TABLES `authTypeConcreteCookieMap` WRITE;
/*!40000 ALTER TABLE `authTypeConcreteCookieMap` DISABLE KEYS */;
/*!40000 ALTER TABLE `authTypeConcreteCookieMap` ENABLE KEYS */;
UNLOCK TABLES;

--
-- Table structure for table `btCalendar`
--

DROP TABLE IF EXISTS `btCalendar`;
/*!40101 SET @saved_cs_client     = @@character_set_client */;
/*!40101 SET character_set_client = utf8 */;
CREATE TABLE `btCalendar` (
  `bID` int(10) unsigned NOT NULL,
  `caID` int(10) unsigned NOT NULL DEFAULT '0',
  `calendarAttributeKeyHandle` varchar(255) COLLATE utf8_unicode_ci DEFAULT NULL,
  `filterByTopicAttributeKeyID` int(10) unsigned NOT NULL DEFAULT '0',
  `filterByTopicID` int(10) unsigned NOT NULL DEFAULT '0',
  `lightboxProperties` longtext COLLATE utf8_unicode_ci,
  PRIMARY KEY (`bID`)
) ENGINE=InnoDB DEFAULT CHARSET=utf8 COLLATE=utf8_unicode_ci;
/*!40101 SET character_set_client = @saved_cs_client */;

--
-- Dumping data for table `btCalendar`
--

LOCK TABLES `btCalendar` WRITE;
/*!40000 ALTER TABLE `btCalendar` DISABLE KEYS */;
/*!40000 ALTER TABLE `btCalendar` ENABLE KEYS */;
UNLOCK TABLES;

--
-- Table structure for table `btCalendarEvent`
--

DROP TABLE IF EXISTS `btCalendarEvent`;
/*!40101 SET @saved_cs_client     = @@character_set_client */;
/*!40101 SET character_set_client = utf8 */;
CREATE TABLE `btCalendarEvent` (
  `bID` int(10) unsigned NOT NULL,
  `mode` varchar(1) COLLATE utf8_unicode_ci NOT NULL DEFAULT 'S' COMMENT 'S = Specify, P = Page, R = Request',
  `calendarEventAttributeKeyHandle` varchar(255) COLLATE utf8_unicode_ci NOT NULL DEFAULT '',
  `calendarID` int(10) unsigned NOT NULL DEFAULT '0',
  `eventID` int(10) unsigned NOT NULL DEFAULT '0',
  `displayEventAttributes` longtext COLLATE utf8_unicode_ci,
  `enableLinkToPage` tinyint(1) DEFAULT '0',
  `displayEventName` tinyint(1) DEFAULT '0',
  `displayEventDate` tinyint(1) DEFAULT '0',
  `displayEventDescription` tinyint(1) DEFAULT '0',
  PRIMARY KEY (`bID`)
) ENGINE=InnoDB DEFAULT CHARSET=utf8 COLLATE=utf8_unicode_ci;
/*!40101 SET character_set_client = @saved_cs_client */;

--
-- Dumping data for table `btCalendarEvent`
--

LOCK TABLES `btCalendarEvent` WRITE;
/*!40000 ALTER TABLE `btCalendarEvent` DISABLE KEYS */;
/*!40000 ALTER TABLE `btCalendarEvent` ENABLE KEYS */;
UNLOCK TABLES;

--
-- Table structure for table `btContentFile`
--

DROP TABLE IF EXISTS `btContentFile`;
/*!40101 SET @saved_cs_client     = @@character_set_client */;
/*!40101 SET character_set_client = utf8 */;
CREATE TABLE `btContentFile` (
  `bID` int(10) unsigned NOT NULL,
  `fID` int(10) unsigned DEFAULT NULL,
  `fileLinkText` varchar(255) COLLATE utf8_unicode_ci DEFAULT NULL,
  `filePassword` varchar(255) COLLATE utf8_unicode_ci DEFAULT NULL,
  `forceDownload` tinyint(1) NOT NULL DEFAULT '0',
  PRIMARY KEY (`bID`),
  KEY `fID` (`fID`)
) ENGINE=InnoDB DEFAULT CHARSET=utf8 COLLATE=utf8_unicode_ci;
/*!40101 SET character_set_client = @saved_cs_client */;

--
-- Dumping data for table `btContentFile`
--

LOCK TABLES `btContentFile` WRITE;
/*!40000 ALTER TABLE `btContentFile` DISABLE KEYS */;
/*!40000 ALTER TABLE `btContentFile` ENABLE KEYS */;
UNLOCK TABLES;

--
-- Table structure for table `btContentImage`
--

DROP TABLE IF EXISTS `btContentImage`;
/*!40101 SET @saved_cs_client     = @@character_set_client */;
/*!40101 SET character_set_client = utf8 */;
CREATE TABLE `btContentImage` (
  `bID` int(10) unsigned NOT NULL,
  `fID` int(10) unsigned DEFAULT '0',
  `fOnstateID` int(10) unsigned DEFAULT '0',
  `cropImage` int(10) unsigned DEFAULT '0',
  `maxWidth` int(10) unsigned DEFAULT '0',
  `maxHeight` int(10) unsigned DEFAULT '0',
  `externalLink` varchar(255) COLLATE utf8_unicode_ci DEFAULT NULL,
  `internalLinkCID` int(10) unsigned DEFAULT '0',
  `fileLinkID` int(10) unsigned DEFAULT '0',
  `openLinkInNewWindow` tinyint(1) NOT NULL DEFAULT '0',
  `altText` varchar(255) COLLATE utf8_unicode_ci DEFAULT NULL,
  `title` varchar(255) COLLATE utf8_unicode_ci DEFAULT NULL,
  PRIMARY KEY (`bID`),
  KEY `fID` (`fID`)
) ENGINE=InnoDB DEFAULT CHARSET=utf8 COLLATE=utf8_unicode_ci;
/*!40101 SET character_set_client = @saved_cs_client */;

--
-- Dumping data for table `btContentImage`
--

LOCK TABLES `btContentImage` WRITE;
/*!40000 ALTER TABLE `btContentImage` DISABLE KEYS */;
/*!40000 ALTER TABLE `btContentImage` ENABLE KEYS */;
UNLOCK TABLES;

--
-- Table structure for table `btContentLocal`
--

DROP TABLE IF EXISTS `btContentLocal`;
/*!40101 SET @saved_cs_client     = @@character_set_client */;
/*!40101 SET character_set_client = utf8 */;
CREATE TABLE `btContentLocal` (
  `bID` int(10) unsigned NOT NULL,
  `content` longtext COLLATE utf8_unicode_ci,
  PRIMARY KEY (`bID`)
) ENGINE=InnoDB DEFAULT CHARSET=utf8 COLLATE=utf8_unicode_ci;
/*!40101 SET character_set_client = @saved_cs_client */;

--
-- Dumping data for table `btContentLocal`
--

LOCK TABLES `btContentLocal` WRITE;
/*!40000 ALTER TABLE `btContentLocal` DISABLE KEYS */;
INSERT INTO `btContentLocal` VALUES (18,''),(20,''),(22,''),(24,''),(26,''),(28,''),(30,''),(34,''),(36,''),(54,''),(59,''),(61,''),(63,''),(65,''),(66,'<p>cgyuicvguivhu</p>\r\n'),(67,'<p>cgyuicvguivhu fgufuf</p>\r\n');
/*!40000 ALTER TABLE `btContentLocal` ENABLE KEYS */;
UNLOCK TABLES;

--
-- Table structure for table `btCoreAreaLayout`
--

DROP TABLE IF EXISTS `btCoreAreaLayout`;
/*!40101 SET @saved_cs_client     = @@character_set_client */;
/*!40101 SET character_set_client = utf8 */;
CREATE TABLE `btCoreAreaLayout` (
  `bID` int(10) unsigned NOT NULL DEFAULT '0',
  `arLayoutID` int(10) unsigned NOT NULL DEFAULT '0',
  PRIMARY KEY (`bID`),
  KEY `arLayoutID` (`arLayoutID`)
) ENGINE=InnoDB DEFAULT CHARSET=utf8 COLLATE=utf8_unicode_ci;
/*!40101 SET character_set_client = @saved_cs_client */;

--
-- Dumping data for table `btCoreAreaLayout`
--

LOCK TABLES `btCoreAreaLayout` WRITE;
/*!40000 ALTER TABLE `btCoreAreaLayout` DISABLE KEYS */;
INSERT INTO `btCoreAreaLayout` VALUES (2,1),(6,2),(9,3);
/*!40000 ALTER TABLE `btCoreAreaLayout` ENABLE KEYS */;
UNLOCK TABLES;

--
-- Table structure for table `btCoreConversation`
--

DROP TABLE IF EXISTS `btCoreConversation`;
/*!40101 SET @saved_cs_client     = @@character_set_client */;
/*!40101 SET character_set_client = utf8 */;
CREATE TABLE `btCoreConversation` (
  `bID` int(10) unsigned NOT NULL,
  `cnvID` int(11) DEFAULT NULL,
  `enablePosting` int(11) DEFAULT '1',
  `paginate` tinyint(1) NOT NULL DEFAULT '1',
  `itemsPerPage` smallint(5) unsigned NOT NULL DEFAULT '50',
  `displayMode` varchar(255) COLLATE utf8_unicode_ci NOT NULL DEFAULT 'threaded',
  `orderBy` varchar(255) COLLATE utf8_unicode_ci NOT NULL DEFAULT 'date_desc',
  `enableOrdering` tinyint(1) NOT NULL DEFAULT '1',
  `enableCommentRating` tinyint(1) NOT NULL DEFAULT '1',
  `enableTopCommentReviews` tinyint(1) NOT NULL DEFAULT '0',
  `displaySocialLinks` tinyint(1) NOT NULL DEFAULT '1',
  `reviewAggregateAttributeKey` int(11) DEFAULT NULL,
  `displayPostingForm` varchar(255) COLLATE utf8_unicode_ci NOT NULL DEFAULT 'top',
  `addMessageLabel` varchar(255) COLLATE utf8_unicode_ci NOT NULL DEFAULT '',
  `dateFormat` varchar(255) COLLATE utf8_unicode_ci DEFAULT 'default',
  `customDateFormat` varchar(255) COLLATE utf8_unicode_ci DEFAULT NULL,
  PRIMARY KEY (`bID`),
  KEY `cnvID` (`cnvID`)
) ENGINE=InnoDB DEFAULT CHARSET=utf8 COLLATE=utf8_unicode_ci;
/*!40101 SET character_set_client = @saved_cs_client */;

--
-- Dumping data for table `btCoreConversation`
--

LOCK TABLES `btCoreConversation` WRITE;
/*!40000 ALTER TABLE `btCoreConversation` DISABLE KEYS */;
/*!40000 ALTER TABLE `btCoreConversation` ENABLE KEYS */;
UNLOCK TABLES;

--
-- Table structure for table `btCorePageTypeComposerControlOutput`
--

DROP TABLE IF EXISTS `btCorePageTypeComposerControlOutput`;
/*!40101 SET @saved_cs_client     = @@character_set_client */;
/*!40101 SET character_set_client = utf8 */;
CREATE TABLE `btCorePageTypeComposerControlOutput` (
  `bID` int(10) unsigned NOT NULL,
  `ptComposerOutputControlID` int(10) unsigned NOT NULL DEFAULT '0',
  PRIMARY KEY (`bID`),
  KEY `ptComposerOutputControlID` (`ptComposerOutputControlID`)
) ENGINE=InnoDB DEFAULT CHARSET=utf8 COLLATE=utf8_unicode_ci;
/*!40101 SET character_set_client = @saved_cs_client */;

--
-- Dumping data for table `btCorePageTypeComposerControlOutput`
--

LOCK TABLES `btCorePageTypeComposerControlOutput` WRITE;
/*!40000 ALTER TABLE `btCorePageTypeComposerControlOutput` DISABLE KEYS */;
INSERT INTO `btCorePageTypeComposerControlOutput` VALUES (16,1);
/*!40000 ALTER TABLE `btCorePageTypeComposerControlOutput` ENABLE KEYS */;
UNLOCK TABLES;

--
-- Table structure for table `btCoreScrapbookDisplay`
--

DROP TABLE IF EXISTS `btCoreScrapbookDisplay`;
/*!40101 SET @saved_cs_client     = @@character_set_client */;
/*!40101 SET character_set_client = utf8 */;
CREATE TABLE `btCoreScrapbookDisplay` (
  `bID` int(10) unsigned NOT NULL,
  `bOriginalID` int(10) unsigned NOT NULL,
  PRIMARY KEY (`bID`),
  KEY `bOriginalID` (`bOriginalID`)
) ENGINE=InnoDB DEFAULT CHARSET=utf8 COLLATE=utf8_unicode_ci;
/*!40101 SET character_set_client = @saved_cs_client */;

--
-- Dumping data for table `btCoreScrapbookDisplay`
--

LOCK TABLES `btCoreScrapbookDisplay` WRITE;
/*!40000 ALTER TABLE `btCoreScrapbookDisplay` DISABLE KEYS */;
/*!40000 ALTER TABLE `btCoreScrapbookDisplay` ENABLE KEYS */;
UNLOCK TABLES;

--
-- Table structure for table `btCoreStackDisplay`
--

DROP TABLE IF EXISTS `btCoreStackDisplay`;
/*!40101 SET @saved_cs_client     = @@character_set_client */;
/*!40101 SET character_set_client = utf8 */;
CREATE TABLE `btCoreStackDisplay` (
  `bID` int(10) unsigned NOT NULL,
  `stID` int(10) unsigned NOT NULL,
  PRIMARY KEY (`bID`),
  KEY `stID` (`stID`)
) ENGINE=InnoDB DEFAULT CHARSET=utf8 COLLATE=utf8_unicode_ci;
/*!40101 SET character_set_client = @saved_cs_client */;

--
-- Dumping data for table `btCoreStackDisplay`
--

LOCK TABLES `btCoreStackDisplay` WRITE;
/*!40000 ALTER TABLE `btCoreStackDisplay` DISABLE KEYS */;
/*!40000 ALTER TABLE `btCoreStackDisplay` ENABLE KEYS */;
UNLOCK TABLES;

--
-- Table structure for table `btDateNavigation`
--

DROP TABLE IF EXISTS `btDateNavigation`;
/*!40101 SET @saved_cs_client     = @@character_set_client */;
/*!40101 SET character_set_client = utf8 */;
CREATE TABLE `btDateNavigation` (
  `bID` int(10) unsigned NOT NULL,
  `title` varchar(255) COLLATE utf8_unicode_ci NOT NULL DEFAULT '',
  `filterByParent` tinyint(1) DEFAULT '0',
  `redirectToResults` tinyint(1) DEFAULT '0',
  `cParentID` int(10) unsigned NOT NULL DEFAULT '0',
  `cTargetID` int(10) unsigned NOT NULL DEFAULT '0' COMMENT 'this field is where the links will direct you',
  `ptID` smallint(5) unsigned DEFAULT NULL,
  PRIMARY KEY (`bID`)
) ENGINE=InnoDB DEFAULT CHARSET=utf8 COLLATE=utf8_unicode_ci;
/*!40101 SET character_set_client = @saved_cs_client */;

--
-- Dumping data for table `btDateNavigation`
--

LOCK TABLES `btDateNavigation` WRITE;
/*!40000 ALTER TABLE `btDateNavigation` DISABLE KEYS */;
/*!40000 ALTER TABLE `btDateNavigation` ENABLE KEYS */;
UNLOCK TABLES;

--
-- Table structure for table `btDesktopNewsflowLatest`
--

DROP TABLE IF EXISTS `btDesktopNewsflowLatest`;
/*!40101 SET @saved_cs_client     = @@character_set_client */;
/*!40101 SET character_set_client = utf8 */;
CREATE TABLE `btDesktopNewsflowLatest` (
  `bID` int(10) unsigned NOT NULL,
  `slot` varchar(1) COLLATE utf8_unicode_ci NOT NULL,
  PRIMARY KEY (`bID`)
) ENGINE=InnoDB DEFAULT CHARSET=utf8 COLLATE=utf8_unicode_ci;
/*!40101 SET character_set_client = @saved_cs_client */;

--
-- Dumping data for table `btDesktopNewsflowLatest`
--

LOCK TABLES `btDesktopNewsflowLatest` WRITE;
/*!40000 ALTER TABLE `btDesktopNewsflowLatest` DISABLE KEYS */;
INSERT INTO `btDesktopNewsflowLatest` VALUES (10,'A'),(11,'B'),(12,'C');
/*!40000 ALTER TABLE `btDesktopNewsflowLatest` ENABLE KEYS */;
UNLOCK TABLES;

--
-- Table structure for table `btDesktopSiteActivity`
--

DROP TABLE IF EXISTS `btDesktopSiteActivity`;
/*!40101 SET @saved_cs_client     = @@character_set_client */;
/*!40101 SET character_set_client = utf8 */;
CREATE TABLE `btDesktopSiteActivity` (
  `bID` int(10) unsigned NOT NULL,
  `types` longtext COLLATE utf8_unicode_ci COMMENT '(DC2Type:json_array)',
  PRIMARY KEY (`bID`)
) ENGINE=InnoDB DEFAULT CHARSET=utf8 COLLATE=utf8_unicode_ci;
/*!40101 SET character_set_client = @saved_cs_client */;

--
-- Dumping data for table `btDesktopSiteActivity`
--

LOCK TABLES `btDesktopSiteActivity` WRITE;
/*!40000 ALTER TABLE `btDesktopSiteActivity` DISABLE KEYS */;
INSERT INTO `btDesktopSiteActivity` VALUES (5,'[\"form_submissions\",\"survey_results\",\"signups\",\"conversation_messages\",\"workflow\"]');
/*!40000 ALTER TABLE `btDesktopSiteActivity` ENABLE KEYS */;
UNLOCK TABLES;

--
-- Table structure for table `btDocumentLibrary`
--

DROP TABLE IF EXISTS `btDocumentLibrary`;
/*!40101 SET @saved_cs_client     = @@character_set_client */;
/*!40101 SET character_set_client = utf8 */;
CREATE TABLE `btDocumentLibrary` (
  `bID` int(10) unsigned NOT NULL,
  `setIds` varchar(255) COLLATE utf8_unicode_ci NOT NULL,
  `folderID` int(11) NOT NULL DEFAULT '0',
  `setMode` varchar(32) COLLATE utf8_unicode_ci DEFAULT NULL,
  `onlyCurrentUser` int(11) DEFAULT '0',
  `tags` varchar(128) COLLATE utf8_unicode_ci DEFAULT NULL,
  `viewProperties` longtext COLLATE utf8_unicode_ci,
  `expandableProperties` varchar(255) COLLATE utf8_unicode_ci DEFAULT NULL,
  `searchProperties` varchar(255) COLLATE utf8_unicode_ci DEFAULT NULL,
  `orderBy` varchar(64) COLLATE utf8_unicode_ci DEFAULT 'title',
  `displayLimit` int(11) DEFAULT '20',
  `displayOrderDesc` tinyint(1) NOT NULL DEFAULT '0',
  `addFilesToSetID` int(10) unsigned NOT NULL DEFAULT '0',
  `maxThumbWidth` int(11) DEFAULT '100',
  `maxThumbHeight` int(11) DEFAULT '150',
  `enableSearch` int(11) DEFAULT '0',
  `heightMode` varchar(32) COLLATE utf8_unicode_ci DEFAULT 'auto',
  `downloadFileMethod` varchar(32) COLLATE utf8_unicode_ci DEFAULT 'force',
  `fixedHeightSize` int(11) DEFAULT '0',
  `headerBackgroundColor` varchar(32) COLLATE utf8_unicode_ci DEFAULT '',
  `headerBackgroundColorActiveSort` varchar(32) COLLATE utf8_unicode_ci DEFAULT '',
  `headerTextColor` varchar(32) COLLATE utf8_unicode_ci DEFAULT '',
  `allowFileUploading` int(11) DEFAULT '0',
  `allowInPageFileManagement` int(11) DEFAULT '0',
  `tableName` varchar(255) COLLATE utf8_unicode_ci DEFAULT '',
  `tableDescription` varchar(255) COLLATE utf8_unicode_ci DEFAULT '',
  `tableStriped` tinyint(1) DEFAULT '0',
  `rowBackgroundColorAlternate` varchar(32) COLLATE utf8_unicode_ci DEFAULT '',
  PRIMARY KEY (`bID`)
) ENGINE=InnoDB DEFAULT CHARSET=utf8 COLLATE=utf8_unicode_ci;
/*!40101 SET character_set_client = @saved_cs_client */;

--
-- Dumping data for table `btDocumentLibrary`
--

LOCK TABLES `btDocumentLibrary` WRITE;
/*!40000 ALTER TABLE `btDocumentLibrary` DISABLE KEYS */;
/*!40000 ALTER TABLE `btDocumentLibrary` ENABLE KEYS */;
UNLOCK TABLES;

--
-- Table structure for table `btEventCalendar`
--

DROP TABLE IF EXISTS `btEventCalendar`;
/*!40101 SET @saved_cs_client     = @@character_set_client */;
/*!40101 SET character_set_client = utf8 */;
CREATE TABLE `btEventCalendar` (
  `bID` int(10) unsigned NOT NULL,
  `calendars` longtext COLLATE utf8_unicode_ci,
  `displayWeekends` tinyint(1) NOT NULL DEFAULT '1',
  `monthView` tinyint(1) NOT NULL DEFAULT '1',
  `weekView` tinyint(1) NOT NULL DEFAULT '1',
  `dayView` tinyint(1) NOT NULL DEFAULT '0',
  PRIMARY KEY (`bID`)
) ENGINE=InnoDB DEFAULT CHARSET=utf8 COLLATE=utf8_unicode_ci;
/*!40101 SET character_set_client = @saved_cs_client */;

--
-- Dumping data for table `btEventCalendar`
--

LOCK TABLES `btEventCalendar` WRITE;
/*!40000 ALTER TABLE `btEventCalendar` DISABLE KEYS */;
/*!40000 ALTER TABLE `btEventCalendar` ENABLE KEYS */;
UNLOCK TABLES;

--
-- Table structure for table `btEventList`
--

DROP TABLE IF EXISTS `btEventList`;
/*!40101 SET @saved_cs_client     = @@character_set_client */;
/*!40101 SET character_set_client = utf8 */;
CREATE TABLE `btEventList` (
  `bID` int(10) unsigned NOT NULL,
  `calendars` longtext COLLATE utf8_unicode_ci,
  `includeCalendarNames` int(10) unsigned DEFAULT '0',
  `title` varchar(255) COLLATE utf8_unicode_ci DEFAULT NULL,
  `externalLink` varchar(255) COLLATE utf8_unicode_ci DEFAULT NULL,
  `internalLinkCID` int(10) unsigned DEFAULT '0',
  `noEventsMessage` varchar(255) COLLATE utf8_unicode_ci DEFAULT NULL,
  `eventNum` int(11) DEFAULT NULL,
  `dayNum` int(11) DEFAULT NULL,
  `displayType` varchar(15) COLLATE utf8_unicode_ci DEFAULT NULL,
  PRIMARY KEY (`bID`)
) ENGINE=InnoDB DEFAULT CHARSET=utf8 COLLATE=utf8_unicode_ci;
/*!40101 SET character_set_client = @saved_cs_client */;

--
-- Dumping data for table `btEventList`
--

LOCK TABLES `btEventList` WRITE;
/*!40000 ALTER TABLE `btEventList` DISABLE KEYS */;
INSERT INTO `btEventList` VALUES (49,'a:1:{i:0;s:1:\"1\";}',0,'','',0,'No Events',NULL,NULL,NULL),(51,'a:1:{i:0;s:1:\"1\";}',0,'','',0,'No Events',NULL,NULL,NULL),(52,'a:1:{i:0;s:1:\"1\";}',0,'','',0,'No Events',NULL,NULL,NULL),(56,'a:1:{i:0;s:1:\"1\";}',0,'','',0,'No Events',NULL,NULL,NULL),(69,'a:1:{i:0;s:1:\"1\";}',0,'','',0,'No Events',15,2,'day'),(70,'a:1:{i:0;s:1:\"1\";}',0,'','',0,'No Events',15,2,'day'),(71,'a:1:{i:0;s:1:\"1\";}',0,'','',0,'No Events',15,0,'day'),(72,'a:1:{i:0;s:1:\"1\";}',0,'','',0,'No Events',15,3,'day'),(76,'a:1:{i:0;s:1:\"1\";}',0,'','',0,'No Events',15,2,'day');
/*!40000 ALTER TABLE `btEventList` ENABLE KEYS */;
UNLOCK TABLES;

--
-- Table structure for table `btExpressEntryDetail`
--

DROP TABLE IF EXISTS `btExpressEntryDetail`;
/*!40101 SET @saved_cs_client     = @@character_set_client */;
/*!40101 SET character_set_client = utf8 */;
CREATE TABLE `btExpressEntryDetail` (
  `bID` int(10) unsigned NOT NULL,
  `exEntityID` char(36) COLLATE utf8_unicode_ci DEFAULT NULL COMMENT '(DC2Type:guid)',
  `exSpecificEntryID` int(10) unsigned DEFAULT NULL,
  `exEntryAttributeKeyHandle` varchar(255) COLLATE utf8_unicode_ci DEFAULT NULL,
  `exFormID` char(36) COLLATE utf8_unicode_ci DEFAULT NULL COMMENT '(DC2Type:guid)',
  `entryMode` varchar(1) COLLATE utf8_unicode_ci DEFAULT 'S',
  PRIMARY KEY (`bID`)
) ENGINE=InnoDB DEFAULT CHARSET=utf8 COLLATE=utf8_unicode_ci;
/*!40101 SET character_set_client = @saved_cs_client */;

--
-- Dumping data for table `btExpressEntryDetail`
--

LOCK TABLES `btExpressEntryDetail` WRITE;
/*!40000 ALTER TABLE `btExpressEntryDetail` DISABLE KEYS */;
/*!40000 ALTER TABLE `btExpressEntryDetail` ENABLE KEYS */;
UNLOCK TABLES;

--
-- Table structure for table `btExpressEntryList`
--

DROP TABLE IF EXISTS `btExpressEntryList`;
/*!40101 SET @saved_cs_client     = @@character_set_client */;
/*!40101 SET character_set_client = utf8 */;
CREATE TABLE `btExpressEntryList` (
  `bID` int(10) unsigned NOT NULL,
  `exEntityID` varchar(255) COLLATE utf8_unicode_ci NOT NULL,
  `detailPage` int(10) unsigned NOT NULL DEFAULT '0',
  `linkedProperties` varchar(255) COLLATE utf8_unicode_ci DEFAULT NULL,
  `searchProperties` varchar(255) COLLATE utf8_unicode_ci DEFAULT NULL,
  `columns` longtext COLLATE utf8_unicode_ci,
  `displayLimit` int(11) DEFAULT '20',
  `enableSearch` int(11) DEFAULT '0',
  `enableKeywordSearch` int(11) DEFAULT '0',
  `headerBackgroundColor` varchar(32) COLLATE utf8_unicode_ci DEFAULT '',
  `headerBackgroundColorActiveSort` varchar(32) COLLATE utf8_unicode_ci DEFAULT '',
  `headerTextColor` varchar(32) COLLATE utf8_unicode_ci DEFAULT '',
  `tableName` varchar(255) COLLATE utf8_unicode_ci DEFAULT '',
  `tableDescription` varchar(255) COLLATE utf8_unicode_ci DEFAULT '',
  `tableStriped` tinyint(1) DEFAULT '0',
  `rowBackgroundColorAlternate` varchar(32) COLLATE utf8_unicode_ci DEFAULT '',
  PRIMARY KEY (`bID`)
) ENGINE=InnoDB DEFAULT CHARSET=utf8 COLLATE=utf8_unicode_ci;
/*!40101 SET character_set_client = @saved_cs_client */;

--
-- Dumping data for table `btExpressEntryList`
--

LOCK TABLES `btExpressEntryList` WRITE;
/*!40000 ALTER TABLE `btExpressEntryList` DISABLE KEYS */;
/*!40000 ALTER TABLE `btExpressEntryList` ENABLE KEYS */;
UNLOCK TABLES;

--
-- Table structure for table `btExpressForm`
--

DROP TABLE IF EXISTS `btExpressForm`;
/*!40101 SET @saved_cs_client     = @@character_set_client */;
/*!40101 SET character_set_client = utf8 */;
CREATE TABLE `btExpressForm` (
  `bID` int(10) unsigned NOT NULL,
  `exFormID` char(36) COLLATE utf8_unicode_ci DEFAULT NULL COMMENT '(DC2Type:guid)',
  `submitLabel` varchar(255) COLLATE utf8_unicode_ci DEFAULT 'Submit',
  `thankyouMsg` text COLLATE utf8_unicode_ci,
  `notifyMeOnSubmission` tinyint(1) NOT NULL DEFAULT '0',
  `recipientEmail` varchar(255) COLLATE utf8_unicode_ci DEFAULT NULL,
  `displayCaptcha` int(11) DEFAULT '1',
  `redirectCID` int(11) DEFAULT '0',
  `replyToEmailControlID` varchar(255) COLLATE utf8_unicode_ci DEFAULT NULL,
  `addFilesToSet` int(11) DEFAULT '0',
  `addFilesToFolder` int(11) DEFAULT '0',
  PRIMARY KEY (`bID`)
) ENGINE=InnoDB DEFAULT CHARSET=utf8 COLLATE=utf8_unicode_ci;
/*!40101 SET character_set_client = @saved_cs_client */;

--
-- Dumping data for table `btExpressForm`
--

LOCK TABLES `btExpressForm` WRITE;
/*!40000 ALTER TABLE `btExpressForm` DISABLE KEYS */;
/*!40000 ALTER TABLE `btExpressForm` ENABLE KEYS */;
UNLOCK TABLES;

--
-- Table structure for table `btExternalForm`
--

DROP TABLE IF EXISTS `btExternalForm`;
/*!40101 SET @saved_cs_client     = @@character_set_client */;
/*!40101 SET character_set_client = utf8 */;
CREATE TABLE `btExternalForm` (
  `bID` int(10) unsigned NOT NULL,
  `filename` varchar(128) COLLATE utf8_unicode_ci DEFAULT NULL,
  PRIMARY KEY (`bID`)
) ENGINE=InnoDB DEFAULT CHARSET=utf8 COLLATE=utf8_unicode_ci;
/*!40101 SET character_set_client = @saved_cs_client */;

--
-- Dumping data for table `btExternalForm`
--

LOCK TABLES `btExternalForm` WRITE;
/*!40000 ALTER TABLE `btExternalForm` DISABLE KEYS */;
/*!40000 ALTER TABLE `btExternalForm` ENABLE KEYS */;
UNLOCK TABLES;

--
-- Table structure for table `btFaq`
--

DROP TABLE IF EXISTS `btFaq`;
/*!40101 SET @saved_cs_client     = @@character_set_client */;
/*!40101 SET character_set_client = utf8 */;
CREATE TABLE `btFaq` (
  `bID` int(10) unsigned NOT NULL,
  `blockTitle` varchar(255) COLLATE utf8_unicode_ci DEFAULT NULL,
  PRIMARY KEY (`bID`)
) ENGINE=InnoDB DEFAULT CHARSET=utf8 COLLATE=utf8_unicode_ci;
/*!40101 SET character_set_client = @saved_cs_client */;

--
-- Dumping data for table `btFaq`
--

LOCK TABLES `btFaq` WRITE;
/*!40000 ALTER TABLE `btFaq` DISABLE KEYS */;
/*!40000 ALTER TABLE `btFaq` ENABLE KEYS */;
UNLOCK TABLES;

--
-- Table structure for table `btFaqEntries`
--

DROP TABLE IF EXISTS `btFaqEntries`;
/*!40101 SET @saved_cs_client     = @@character_set_client */;
/*!40101 SET character_set_client = utf8 */;
CREATE TABLE `btFaqEntries` (
  `id` int(10) unsigned NOT NULL AUTO_INCREMENT,
  `bID` int(10) unsigned DEFAULT NULL,
  `linkTitle` varchar(255) COLLATE utf8_unicode_ci DEFAULT NULL,
  `title` varchar(255) COLLATE utf8_unicode_ci DEFAULT NULL,
  `sortOrder` int(11) DEFAULT NULL,
  `description` longtext COLLATE utf8_unicode_ci,
  PRIMARY KEY (`id`),
  KEY `bID` (`bID`,`sortOrder`)
) ENGINE=InnoDB DEFAULT CHARSET=utf8 COLLATE=utf8_unicode_ci;
/*!40101 SET character_set_client = @saved_cs_client */;

--
-- Dumping data for table `btFaqEntries`
--

LOCK TABLES `btFaqEntries` WRITE;
/*!40000 ALTER TABLE `btFaqEntries` DISABLE KEYS */;
/*!40000 ALTER TABLE `btFaqEntries` ENABLE KEYS */;
UNLOCK TABLES;

--
-- Table structure for table `btFeature`
--

DROP TABLE IF EXISTS `btFeature`;
/*!40101 SET @saved_cs_client     = @@character_set_client */;
/*!40101 SET character_set_client = utf8 */;
CREATE TABLE `btFeature` (
  `bID` int(10) unsigned NOT NULL,
  `icon` varchar(255) COLLATE utf8_unicode_ci DEFAULT NULL,
  `title` varchar(255) COLLATE utf8_unicode_ci DEFAULT NULL,
  `paragraph` text COLLATE utf8_unicode_ci,
  `externalLink` varchar(255) COLLATE utf8_unicode_ci DEFAULT NULL,
  `internalLinkCID` int(10) unsigned DEFAULT '0',
  PRIMARY KEY (`bID`)
) ENGINE=InnoDB DEFAULT CHARSET=utf8 COLLATE=utf8_unicode_ci;
/*!40101 SET character_set_client = @saved_cs_client */;

--
-- Dumping data for table `btFeature`
--

LOCK TABLES `btFeature` WRITE;
/*!40000 ALTER TABLE `btFeature` DISABLE KEYS */;
INSERT INTO `btFeature` VALUES (41,'paw','Adopt','<p>We should add a tagline here.</p>\r\n','',183),(43,'paw','Adopt','<p>We would add a tagline here.</p>\r\n','',0),(46,'money','Donate','<p>We would add a tagline here.</p>\r\n','',178),(47,'users','Volunteer','<p>We would add a tagline here.</p>\r\n','',179),(48,'paw','Adopt','<p>We would add a tagline here.</p>\r\n','',183),(50,'money','Donate','<p>We would add a tagline here.</p>\r\n','',178),(68,'paw','Adopt','<p>We would add a tagline here.</p>\r\n','',205);
/*!40000 ALTER TABLE `btFeature` ENABLE KEYS */;
UNLOCK TABLES;

--
-- Table structure for table `btForm`
--

DROP TABLE IF EXISTS `btForm`;
/*!40101 SET @saved_cs_client     = @@character_set_client */;
/*!40101 SET character_set_client = utf8 */;
CREATE TABLE `btForm` (
  `bID` int(10) unsigned NOT NULL,
  `questionSetId` int(10) unsigned DEFAULT '0',
  `surveyName` varchar(255) COLLATE utf8_unicode_ci DEFAULT NULL,
  `submitText` varchar(255) COLLATE utf8_unicode_ci DEFAULT 'Submit',
  `thankyouMsg` text COLLATE utf8_unicode_ci,
  `notifyMeOnSubmission` tinyint(1) NOT NULL DEFAULT '0',
  `recipientEmail` varchar(255) COLLATE utf8_unicode_ci DEFAULT NULL,
  `displayCaptcha` int(11) DEFAULT '1',
  `redirectCID` int(11) DEFAULT '0',
  `addFilesToSet` int(11) DEFAULT '0',
  PRIMARY KEY (`bID`),
  KEY `questionSetIdForeign` (`questionSetId`)
) ENGINE=InnoDB DEFAULT CHARSET=utf8 COLLATE=utf8_unicode_ci;
/*!40101 SET character_set_client = @saved_cs_client */;

--
-- Dumping data for table `btForm`
--

LOCK TABLES `btForm` WRITE;
/*!40000 ALTER TABLE `btForm` DISABLE KEYS */;
/*!40000 ALTER TABLE `btForm` ENABLE KEYS */;
UNLOCK TABLES;

--
-- Table structure for table `btFormAnswerSet`
--

DROP TABLE IF EXISTS `btFormAnswerSet`;
/*!40101 SET @saved_cs_client     = @@character_set_client */;
/*!40101 SET character_set_client = utf8 */;
CREATE TABLE `btFormAnswerSet` (
  `asID` int(10) unsigned NOT NULL AUTO_INCREMENT,
  `questionSetId` int(10) unsigned DEFAULT '0',
  `created` timestamp NOT NULL DEFAULT CURRENT_TIMESTAMP,
  `uID` int(10) unsigned DEFAULT '0',
  PRIMARY KEY (`asID`),
  KEY `questionSetId` (`questionSetId`),
  KEY `uID` (`uID`)
) ENGINE=InnoDB DEFAULT CHARSET=utf8 COLLATE=utf8_unicode_ci;
/*!40101 SET character_set_client = @saved_cs_client */;

--
-- Dumping data for table `btFormAnswerSet`
--

LOCK TABLES `btFormAnswerSet` WRITE;
/*!40000 ALTER TABLE `btFormAnswerSet` DISABLE KEYS */;
/*!40000 ALTER TABLE `btFormAnswerSet` ENABLE KEYS */;
UNLOCK TABLES;

--
-- Table structure for table `btFormAnswers`
--

DROP TABLE IF EXISTS `btFormAnswers`;
/*!40101 SET @saved_cs_client     = @@character_set_client */;
/*!40101 SET character_set_client = utf8 */;
CREATE TABLE `btFormAnswers` (
  `aID` int(10) unsigned NOT NULL AUTO_INCREMENT,
  `asID` int(10) unsigned DEFAULT '0',
  `msqID` int(10) unsigned DEFAULT '0',
  `answer` varchar(255) COLLATE utf8_unicode_ci DEFAULT NULL,
  `answerLong` text COLLATE utf8_unicode_ci,
  PRIMARY KEY (`aID`),
  KEY `asID` (`asID`),
  KEY `msqID` (`msqID`)
) ENGINE=InnoDB DEFAULT CHARSET=utf8 COLLATE=utf8_unicode_ci;
/*!40101 SET character_set_client = @saved_cs_client */;

--
-- Dumping data for table `btFormAnswers`
--

LOCK TABLES `btFormAnswers` WRITE;
/*!40000 ALTER TABLE `btFormAnswers` DISABLE KEYS */;
/*!40000 ALTER TABLE `btFormAnswers` ENABLE KEYS */;
UNLOCK TABLES;

--
-- Table structure for table `btFormQuestions`
--

DROP TABLE IF EXISTS `btFormQuestions`;
/*!40101 SET @saved_cs_client     = @@character_set_client */;
/*!40101 SET character_set_client = utf8 */;
CREATE TABLE `btFormQuestions` (
  `qID` int(10) unsigned NOT NULL AUTO_INCREMENT,
  `msqID` int(10) unsigned DEFAULT '0',
  `bID` int(10) unsigned DEFAULT '0',
  `questionSetId` int(10) unsigned DEFAULT '0',
  `question` varchar(255) COLLATE utf8_unicode_ci DEFAULT NULL,
  `inputType` varchar(255) COLLATE utf8_unicode_ci DEFAULT NULL,
  `options` text COLLATE utf8_unicode_ci,
  `position` int(10) unsigned DEFAULT '1000',
  `width` int(10) unsigned DEFAULT '50',
  `height` int(10) unsigned DEFAULT '3',
  `defaultDate` varchar(255) COLLATE utf8_unicode_ci DEFAULT '',
  `required` int(11) DEFAULT '0',
  PRIMARY KEY (`qID`),
  KEY `questionSetId` (`questionSetId`),
  KEY `msqID` (`msqID`),
  KEY `bID` (`bID`,`questionSetId`)
) ENGINE=InnoDB DEFAULT CHARSET=utf8 COLLATE=utf8_unicode_ci;
/*!40101 SET character_set_client = @saved_cs_client */;

--
-- Dumping data for table `btFormQuestions`
--

LOCK TABLES `btFormQuestions` WRITE;
/*!40000 ALTER TABLE `btFormQuestions` DISABLE KEYS */;
/*!40000 ALTER TABLE `btFormQuestions` ENABLE KEYS */;
UNLOCK TABLES;

--
-- Table structure for table `btGoogleCalendar`
--

DROP TABLE IF EXISTS `btGoogleCalendar`;
/*!40101 SET @saved_cs_client     = @@character_set_client */;
/*!40101 SET character_set_client = utf8 */;
CREATE TABLE `btGoogleCalendar` (
  `bID` int(10) unsigned NOT NULL,
  `calendars` longtext COLLATE utf8_unicode_ci,
  `displayWeekends` tinyint(1) NOT NULL DEFAULT '1',
  `monthView` tinyint(1) NOT NULL DEFAULT '1',
  `weekView` tinyint(1) NOT NULL DEFAULT '1',
  `dayView` tinyint(1) NOT NULL DEFAULT '0',
  PRIMARY KEY (`bID`)
) ENGINE=InnoDB DEFAULT CHARSET=utf8 COLLATE=utf8_unicode_ci;
/*!40101 SET character_set_client = @saved_cs_client */;

--
-- Dumping data for table `btGoogleCalendar`
--

LOCK TABLES `btGoogleCalendar` WRITE;
/*!40000 ALTER TABLE `btGoogleCalendar` DISABLE KEYS */;
INSERT INTO `btGoogleCalendar` VALUES (74,'a:1:{i:0;s:1:\"1\";}',1,1,1,0),(75,'a:1:{i:0;s:1:\"1\";}',1,1,0,0),(78,'a:1:{i:0;s:1:\"1\";}',1,1,1,1);
/*!40000 ALTER TABLE `btGoogleCalendar` ENABLE KEYS */;
UNLOCK TABLES;

--
-- Table structure for table `btGoogleMap`
--

DROP TABLE IF EXISTS `btGoogleMap`;
/*!40101 SET @saved_cs_client     = @@character_set_client */;
/*!40101 SET character_set_client = utf8 */;
CREATE TABLE `btGoogleMap` (
  `bID` int(10) unsigned NOT NULL,
  `title` varchar(255) COLLATE utf8_unicode_ci DEFAULT NULL,
  `location` varchar(255) COLLATE utf8_unicode_ci DEFAULT NULL,
  `latitude` double DEFAULT NULL,
  `longitude` double DEFAULT NULL,
  `zoom` smallint(6) DEFAULT NULL,
  `width` varchar(8) COLLATE utf8_unicode_ci DEFAULT '100%',
  `height` varchar(8) COLLATE utf8_unicode_ci DEFAULT '400px',
  `scrollwheel` tinyint(1) NOT NULL DEFAULT '1',
  PRIMARY KEY (`bID`)
) ENGINE=InnoDB DEFAULT CHARSET=utf8 COLLATE=utf8_unicode_ci;
/*!40101 SET character_set_client = @saved_cs_client */;

--
-- Dumping data for table `btGoogleMap`
--

LOCK TABLES `btGoogleMap` WRITE;
/*!40000 ALTER TABLE `btGoogleMap` DISABLE KEYS */;
/*!40000 ALTER TABLE `btGoogleMap` ENABLE KEYS */;
UNLOCK TABLES;

--
-- Table structure for table `btImageSlider`
--

DROP TABLE IF EXISTS `btImageSlider`;
/*!40101 SET @saved_cs_client     = @@character_set_client */;
/*!40101 SET character_set_client = utf8 */;
CREATE TABLE `btImageSlider` (
  `bID` int(10) unsigned NOT NULL,
  `navigationType` int(10) unsigned DEFAULT '0',
  `timeout` int(10) unsigned DEFAULT NULL,
  `speed` int(10) unsigned DEFAULT NULL,
  `noAnimate` int(10) unsigned DEFAULT NULL,
  `pause` int(10) unsigned DEFAULT NULL,
  `maxWidth` int(10) unsigned DEFAULT NULL,
  PRIMARY KEY (`bID`)
) ENGINE=InnoDB DEFAULT CHARSET=utf8 COLLATE=utf8_unicode_ci;
/*!40101 SET character_set_client = @saved_cs_client */;

--
-- Dumping data for table `btImageSlider`
--

LOCK TABLES `btImageSlider` WRITE;
/*!40000 ALTER TABLE `btImageSlider` DISABLE KEYS */;
/*!40000 ALTER TABLE `btImageSlider` ENABLE KEYS */;
UNLOCK TABLES;

--
-- Table structure for table `btImageSliderEntries`
--

DROP TABLE IF EXISTS `btImageSliderEntries`;
/*!40101 SET @saved_cs_client     = @@character_set_client */;
/*!40101 SET character_set_client = utf8 */;
CREATE TABLE `btImageSliderEntries` (
  `id` int(10) unsigned NOT NULL AUTO_INCREMENT,
  `bID` int(10) unsigned DEFAULT NULL,
  `cID` int(10) unsigned DEFAULT '0',
  `fID` int(10) unsigned DEFAULT '0',
  `linkURL` varchar(255) COLLATE utf8_unicode_ci DEFAULT NULL,
  `internalLinkCID` int(10) unsigned DEFAULT '0',
  `title` longtext COLLATE utf8_unicode_ci,
  `description` longtext COLLATE utf8_unicode_ci,
  `sortOrder` int(11) DEFAULT NULL,
  PRIMARY KEY (`id`)
) ENGINE=InnoDB DEFAULT CHARSET=utf8 COLLATE=utf8_unicode_ci;
/*!40101 SET character_set_client = @saved_cs_client */;

--
-- Dumping data for table `btImageSliderEntries`
--

LOCK TABLES `btImageSliderEntries` WRITE;
/*!40000 ALTER TABLE `btImageSliderEntries` DISABLE KEYS */;
/*!40000 ALTER TABLE `btImageSliderEntries` ENABLE KEYS */;
UNLOCK TABLES;

--
-- Table structure for table `btNavigation`
--

DROP TABLE IF EXISTS `btNavigation`;
/*!40101 SET @saved_cs_client     = @@character_set_client */;
/*!40101 SET character_set_client = utf8 */;
CREATE TABLE `btNavigation` (
  `bID` int(10) unsigned NOT NULL,
  `orderBy` varchar(255) COLLATE utf8_unicode_ci DEFAULT 'alpha_asc',
  `displayPages` varchar(255) COLLATE utf8_unicode_ci DEFAULT 'top' COMMENT 'was enum(''top'',''current'',''above'',''below'',''custom'')',
  `displayPagesCID` int(10) unsigned NOT NULL DEFAULT '1',
  `displayPagesIncludeSelf` tinyint(1) NOT NULL DEFAULT '0',
  `displaySubPages` varchar(255) COLLATE utf8_unicode_ci DEFAULT 'none' COMMENT 'was enum(''none'',''all'',''relevant'',''relevant_breadcrumb'')',
  `displaySubPageLevels` varchar(255) COLLATE utf8_unicode_ci DEFAULT 'none' COMMENT 'was enum(''all'',''none'',''enough'',''enough_plus1'',''custom'')',
  `displaySubPageLevelsNum` smallint(5) unsigned NOT NULL DEFAULT '0',
  `displayUnavailablePages` tinyint(1) NOT NULL DEFAULT '0',
  PRIMARY KEY (`bID`)
) ENGINE=InnoDB DEFAULT CHARSET=utf8 COLLATE=utf8_unicode_ci;
/*!40101 SET character_set_client = @saved_cs_client */;

--
-- Dumping data for table `btNavigation`
--

LOCK TABLES `btNavigation` WRITE;
/*!40000 ALTER TABLE `btNavigation` DISABLE KEYS */;
INSERT INTO `btNavigation` VALUES (37,'display_asc','top',0,0,'none','enough',0,0),(38,'display_asc','top',0,0,'none','enough',0,0);
/*!40000 ALTER TABLE `btNavigation` ENABLE KEYS */;
UNLOCK TABLES;

--
-- Table structure for table `btNextPrevious`
--

DROP TABLE IF EXISTS `btNextPrevious`;
/*!40101 SET @saved_cs_client     = @@character_set_client */;
/*!40101 SET character_set_client = utf8 */;
CREATE TABLE `btNextPrevious` (
  `bID` int(10) unsigned NOT NULL,
  `nextLabel` varchar(128) COLLATE utf8_unicode_ci DEFAULT NULL,
  `previousLabel` varchar(128) COLLATE utf8_unicode_ci DEFAULT NULL,
  `parentLabel` varchar(128) COLLATE utf8_unicode_ci DEFAULT NULL,
  `loopSequence` int(11) DEFAULT '1',
  `orderBy` varchar(20) COLLATE utf8_unicode_ci DEFAULT 'display_asc',
  PRIMARY KEY (`bID`)
) ENGINE=InnoDB DEFAULT CHARSET=utf8 COLLATE=utf8_unicode_ci;
/*!40101 SET character_set_client = @saved_cs_client */;

--
-- Dumping data for table `btNextPrevious`
--

LOCK TABLES `btNextPrevious` WRITE;
/*!40000 ALTER TABLE `btNextPrevious` DISABLE KEYS */;
/*!40000 ALTER TABLE `btNextPrevious` ENABLE KEYS */;
UNLOCK TABLES;

--
-- Table structure for table `btPageAttributeDisplay`
--

DROP TABLE IF EXISTS `btPageAttributeDisplay`;
/*!40101 SET @saved_cs_client     = @@character_set_client */;
/*!40101 SET character_set_client = utf8 */;
CREATE TABLE `btPageAttributeDisplay` (
  `bID` int(10) unsigned NOT NULL,
  `attributeHandle` varchar(255) COLLATE utf8_unicode_ci DEFAULT NULL,
  `attributeTitleText` varchar(255) COLLATE utf8_unicode_ci DEFAULT NULL,
  `displayTag` varchar(255) COLLATE utf8_unicode_ci DEFAULT NULL,
  `dateFormat` varchar(100) COLLATE utf8_unicode_ci DEFAULT 'div',
  `thumbnailHeight` int(10) unsigned DEFAULT NULL,
  `thumbnailWidth` int(10) unsigned DEFAULT NULL,
  `delimiter` varchar(255) COLLATE utf8_unicode_ci DEFAULT NULL,
  PRIMARY KEY (`bID`)
) ENGINE=InnoDB DEFAULT CHARSET=utf8 COLLATE=utf8_unicode_ci;
/*!40101 SET character_set_client = @saved_cs_client */;

--
-- Dumping data for table `btPageAttributeDisplay`
--

LOCK TABLES `btPageAttributeDisplay` WRITE;
/*!40000 ALTER TABLE `btPageAttributeDisplay` DISABLE KEYS */;
/*!40000 ALTER TABLE `btPageAttributeDisplay` ENABLE KEYS */;
UNLOCK TABLES;

--
-- Table structure for table `btPageList`
--

DROP TABLE IF EXISTS `btPageList`;
/*!40101 SET @saved_cs_client     = @@character_set_client */;
/*!40101 SET character_set_client = utf8 */;
CREATE TABLE `btPageList` (
  `bID` int(10) unsigned NOT NULL,
  `num` smallint(5) unsigned NOT NULL,
  `orderBy` varchar(32) COLLATE utf8_unicode_ci DEFAULT NULL COMMENT 'Was enum, display_asc'',''display_desc'',''chrono_asc'',''chrono_desc'',''alpha_asc'',''alpha_desc'',''score_asc'',''score_desc''',
  `cParentID` int(10) unsigned NOT NULL DEFAULT '1',
  `cThis` tinyint(1) NOT NULL DEFAULT '0',
  `cThisParent` tinyint(1) NOT NULL DEFAULT '0',
  `useButtonForLink` tinyint(1) NOT NULL DEFAULT '0',
  `buttonLinkText` varchar(255) COLLATE utf8_unicode_ci DEFAULT NULL,
  `pageListTitle` varchar(255) COLLATE utf8_unicode_ci DEFAULT NULL,
  `filterByRelated` tinyint(1) NOT NULL DEFAULT '0',
  `filterByCustomTopic` tinyint(1) NOT NULL DEFAULT '0',
  `filterDateOption` varchar(25) COLLATE utf8_unicode_ci DEFAULT 'all' COMMENT '(''all'',''today'',''past'',''future'',''between'')',
  `filterDateDays` int(10) unsigned NOT NULL DEFAULT '0',
  `filterDateStart` varchar(20) COLLATE utf8_unicode_ci DEFAULT NULL,
  `filterDateEnd` varchar(20) COLLATE utf8_unicode_ci DEFAULT NULL,
  `relatedTopicAttributeKeyHandle` varchar(255) COLLATE utf8_unicode_ci DEFAULT NULL,
  `customTopicAttributeKeyHandle` varchar(255) COLLATE utf8_unicode_ci DEFAULT NULL,
  `customTopicTreeNodeID` int(10) unsigned NOT NULL DEFAULT '0',
  `includeName` tinyint(1) NOT NULL DEFAULT '1',
  `includeDescription` tinyint(1) NOT NULL DEFAULT '1',
  `includeDate` tinyint(1) NOT NULL DEFAULT '0',
  `includeAllDescendents` tinyint(1) NOT NULL DEFAULT '0',
  `paginate` tinyint(1) NOT NULL DEFAULT '0',
  `displayAliases` tinyint(1) NOT NULL DEFAULT '1',
  `ignorePermissions` tinyint(1) NOT NULL DEFAULT '0',
  `enableExternalFiltering` tinyint(1) NOT NULL DEFAULT '0',
  `ptID` smallint(5) unsigned DEFAULT NULL,
  `pfID` int(11) DEFAULT '0',
  `truncateSummaries` int(11) DEFAULT '0',
  `displayFeaturedOnly` tinyint(1) DEFAULT '0',
  `noResultsMessage` varchar(255) COLLATE utf8_unicode_ci DEFAULT NULL,
  `displayThumbnail` tinyint(1) DEFAULT '0',
  `truncateChars` int(11) DEFAULT '128',
  PRIMARY KEY (`bID`),
  KEY `ptID` (`ptID`)
) ENGINE=InnoDB DEFAULT CHARSET=utf8 COLLATE=utf8_unicode_ci;
/*!40101 SET character_set_client = @saved_cs_client */;

--
-- Dumping data for table `btPageList`
--

LOCK TABLES `btPageList` WRITE;
/*!40000 ALTER TABLE `btPageList` DISABLE KEYS */;
/*!40000 ALTER TABLE `btPageList` ENABLE KEYS */;
UNLOCK TABLES;

--
-- Table structure for table `btPageTitle`
--

DROP TABLE IF EXISTS `btPageTitle`;
/*!40101 SET @saved_cs_client     = @@character_set_client */;
/*!40101 SET character_set_client = utf8 */;
CREATE TABLE `btPageTitle` (
  `bID` int(10) unsigned NOT NULL,
  `useCustomTitle` int(10) unsigned DEFAULT '0',
  `useFilterTitle` int(10) unsigned DEFAULT '0',
  `useFilterTopic` int(10) unsigned DEFAULT '0',
  `useFilterTag` int(10) unsigned DEFAULT '0',
  `useFilterDate` int(10) unsigned DEFAULT '0',
  `topicTextFormat` varchar(255) COLLATE utf8_unicode_ci DEFAULT NULL,
  `tagTextFormat` varchar(255) COLLATE utf8_unicode_ci DEFAULT NULL,
  `dateTextFormat` varchar(255) COLLATE utf8_unicode_ci DEFAULT NULL,
  `filterDateFormat` varchar(255) COLLATE utf8_unicode_ci DEFAULT NULL,
  `titleText` varchar(255) COLLATE utf8_unicode_ci DEFAULT NULL,
  `formatting` varchar(3) COLLATE utf8_unicode_ci DEFAULT NULL,
  PRIMARY KEY (`bID`)
) ENGINE=InnoDB DEFAULT CHARSET=utf8 COLLATE=utf8_unicode_ci;
/*!40101 SET character_set_client = @saved_cs_client */;

--
-- Dumping data for table `btPageTitle`
--

LOCK TABLES `btPageTitle` WRITE;
/*!40000 ALTER TABLE `btPageTitle` DISABLE KEYS */;
/*!40000 ALTER TABLE `btPageTitle` ENABLE KEYS */;
UNLOCK TABLES;

--
-- Table structure for table `btRssDisplay`
--

DROP TABLE IF EXISTS `btRssDisplay`;
/*!40101 SET @saved_cs_client     = @@character_set_client */;
/*!40101 SET character_set_client = utf8 */;
CREATE TABLE `btRssDisplay` (
  `bID` int(10) unsigned NOT NULL,
  `title` varchar(255) COLLATE utf8_unicode_ci DEFAULT NULL,
  `url` varchar(255) COLLATE utf8_unicode_ci DEFAULT NULL,
  `dateFormat` varchar(100) COLLATE utf8_unicode_ci DEFAULT NULL,
  `itemsToDisplay` int(10) unsigned DEFAULT '5',
  `showSummary` tinyint(1) NOT NULL DEFAULT '1',
  `launchInNewWindow` tinyint(1) NOT NULL DEFAULT '1',
  PRIMARY KEY (`bID`)
) ENGINE=InnoDB DEFAULT CHARSET=utf8 COLLATE=utf8_unicode_ci;
/*!40101 SET character_set_client = @saved_cs_client */;

--
-- Dumping data for table `btRssDisplay`
--

LOCK TABLES `btRssDisplay` WRITE;
/*!40000 ALTER TABLE `btRssDisplay` DISABLE KEYS */;
INSERT INTO `btRssDisplay` VALUES (7,'Tutorials','http://documentation.concrete5.org/rss/tutorials','',1,1,1),(13,'News from concrete5.org','http://www.concrete5.org/rss/blog','',3,1,1);
/*!40000 ALTER TABLE `btRssDisplay` ENABLE KEYS */;
UNLOCK TABLES;

--
-- Table structure for table `btSearch`
--

DROP TABLE IF EXISTS `btSearch`;
/*!40101 SET @saved_cs_client     = @@character_set_client */;
/*!40101 SET character_set_client = utf8 */;
CREATE TABLE `btSearch` (
  `bID` int(10) unsigned NOT NULL,
  `title` varchar(255) COLLATE utf8_unicode_ci DEFAULT NULL,
  `buttonText` varchar(128) COLLATE utf8_unicode_ci DEFAULT NULL,
  `baseSearchPath` varchar(255) COLLATE utf8_unicode_ci DEFAULT NULL,
  `postTo_cID` int(10) unsigned DEFAULT NULL,
  `resultsURL` varchar(255) COLLATE utf8_unicode_ci DEFAULT NULL,
  PRIMARY KEY (`bID`)
) ENGINE=InnoDB DEFAULT CHARSET=utf8 COLLATE=utf8_unicode_ci;
/*!40101 SET character_set_client = @saved_cs_client */;

--
-- Dumping data for table `btSearch`
--

LOCK TABLES `btSearch` WRITE;
/*!40000 ALTER TABLE `btSearch` DISABLE KEYS */;
/*!40000 ALTER TABLE `btSearch` ENABLE KEYS */;
UNLOCK TABLES;

--
-- Table structure for table `btShareThisPage`
--

DROP TABLE IF EXISTS `btShareThisPage`;
/*!40101 SET @saved_cs_client     = @@character_set_client */;
/*!40101 SET character_set_client = utf8 */;
CREATE TABLE `btShareThisPage` (
  `btShareThisPageID` int(10) unsigned NOT NULL AUTO_INCREMENT,
  `bID` int(10) unsigned DEFAULT '0',
  `service` varchar(255) COLLATE utf8_unicode_ci DEFAULT NULL,
  `displayOrder` int(10) unsigned DEFAULT '0',
  PRIMARY KEY (`btShareThisPageID`)
) ENGINE=InnoDB DEFAULT CHARSET=utf8 COLLATE=utf8_unicode_ci;
/*!40101 SET character_set_client = @saved_cs_client */;

--
-- Dumping data for table `btShareThisPage`
--

LOCK TABLES `btShareThisPage` WRITE;
/*!40000 ALTER TABLE `btShareThisPage` DISABLE KEYS */;
/*!40000 ALTER TABLE `btShareThisPage` ENABLE KEYS */;
UNLOCK TABLES;

--
-- Table structure for table `btSocialLinks`
--

DROP TABLE IF EXISTS `btSocialLinks`;
/*!40101 SET @saved_cs_client     = @@character_set_client */;
/*!40101 SET character_set_client = utf8 */;
CREATE TABLE `btSocialLinks` (
  `btSocialLinkID` int(10) unsigned NOT NULL AUTO_INCREMENT,
  `bID` int(10) unsigned DEFAULT '0',
  `slID` int(10) unsigned DEFAULT '0',
  `displayOrder` int(10) unsigned DEFAULT '0',
  PRIMARY KEY (`btSocialLinkID`),
  KEY `bID` (`bID`,`displayOrder`),
  KEY `slID` (`slID`)
) ENGINE=InnoDB DEFAULT CHARSET=utf8 COLLATE=utf8_unicode_ci;
/*!40101 SET character_set_client = @saved_cs_client */;

--
-- Dumping data for table `btSocialLinks`
--

LOCK TABLES `btSocialLinks` WRITE;
/*!40000 ALTER TABLE `btSocialLinks` DISABLE KEYS */;
/*!40000 ALTER TABLE `btSocialLinks` ENABLE KEYS */;
UNLOCK TABLES;

--
-- Table structure for table `btSurvey`
--

DROP TABLE IF EXISTS `btSurvey`;
/*!40101 SET @saved_cs_client     = @@character_set_client */;
/*!40101 SET character_set_client = utf8 */;
CREATE TABLE `btSurvey` (
  `bID` int(10) unsigned NOT NULL,
  `question` varchar(255) COLLATE utf8_unicode_ci DEFAULT '',
  `requiresRegistration` int(11) DEFAULT '0',
  PRIMARY KEY (`bID`)
) ENGINE=InnoDB DEFAULT CHARSET=utf8 COLLATE=utf8_unicode_ci;
/*!40101 SET character_set_client = @saved_cs_client */;

--
-- Dumping data for table `btSurvey`
--

LOCK TABLES `btSurvey` WRITE;
/*!40000 ALTER TABLE `btSurvey` DISABLE KEYS */;
/*!40000 ALTER TABLE `btSurvey` ENABLE KEYS */;
UNLOCK TABLES;

--
-- Table structure for table `btSurveyOptions`
--

DROP TABLE IF EXISTS `btSurveyOptions`;
/*!40101 SET @saved_cs_client     = @@character_set_client */;
/*!40101 SET character_set_client = utf8 */;
CREATE TABLE `btSurveyOptions` (
  `optionID` int(10) unsigned NOT NULL AUTO_INCREMENT,
  `bID` int(11) DEFAULT NULL,
  `optionName` varchar(255) COLLATE utf8_unicode_ci DEFAULT NULL,
  `displayOrder` int(11) DEFAULT '0',
  PRIMARY KEY (`optionID`),
  KEY `bID` (`bID`,`displayOrder`)
) ENGINE=InnoDB DEFAULT CHARSET=utf8 COLLATE=utf8_unicode_ci;
/*!40101 SET character_set_client = @saved_cs_client */;

--
-- Dumping data for table `btSurveyOptions`
--

LOCK TABLES `btSurveyOptions` WRITE;
/*!40000 ALTER TABLE `btSurveyOptions` DISABLE KEYS */;
/*!40000 ALTER TABLE `btSurveyOptions` ENABLE KEYS */;
UNLOCK TABLES;

--
-- Table structure for table `btSurveyResults`
--

DROP TABLE IF EXISTS `btSurveyResults`;
/*!40101 SET @saved_cs_client     = @@character_set_client */;
/*!40101 SET character_set_client = utf8 */;
CREATE TABLE `btSurveyResults` (
  `resultID` int(10) unsigned NOT NULL AUTO_INCREMENT,
  `optionID` int(10) unsigned DEFAULT '0',
  `uID` int(10) unsigned DEFAULT '0',
  `bID` int(11) DEFAULT NULL,
  `cID` int(11) DEFAULT NULL,
  `ipAddress` varchar(128) COLLATE utf8_unicode_ci DEFAULT NULL,
  `timestamp` timestamp NOT NULL DEFAULT CURRENT_TIMESTAMP,
  PRIMARY KEY (`resultID`),
  KEY `optionID` (`optionID`),
  KEY `cID` (`cID`,`optionID`,`bID`),
  KEY `bID` (`bID`,`cID`,`uID`),
  KEY `uID` (`uID`)
) ENGINE=InnoDB DEFAULT CHARSET=utf8 COLLATE=utf8_unicode_ci;
/*!40101 SET character_set_client = @saved_cs_client */;

--
-- Dumping data for table `btSurveyResults`
--

LOCK TABLES `btSurveyResults` WRITE;
/*!40000 ALTER TABLE `btSurveyResults` DISABLE KEYS */;
/*!40000 ALTER TABLE `btSurveyResults` ENABLE KEYS */;
UNLOCK TABLES;

--
-- Table structure for table `btSwitchLanguage`
--

DROP TABLE IF EXISTS `btSwitchLanguage`;
/*!40101 SET @saved_cs_client     = @@character_set_client */;
/*!40101 SET character_set_client = utf8 */;
CREATE TABLE `btSwitchLanguage` (
  `bID` int(10) unsigned NOT NULL,
  `label` varchar(255) COLLATE utf8_unicode_ci DEFAULT '',
  PRIMARY KEY (`bID`)
) ENGINE=InnoDB DEFAULT CHARSET=utf8 COLLATE=utf8_unicode_ci;
/*!40101 SET character_set_client = @saved_cs_client */;

--
-- Dumping data for table `btSwitchLanguage`
--

LOCK TABLES `btSwitchLanguage` WRITE;
/*!40000 ALTER TABLE `btSwitchLanguage` DISABLE KEYS */;
/*!40000 ALTER TABLE `btSwitchLanguage` ENABLE KEYS */;
UNLOCK TABLES;

--
-- Table structure for table `btTags`
--

DROP TABLE IF EXISTS `btTags`;
/*!40101 SET @saved_cs_client     = @@character_set_client */;
/*!40101 SET character_set_client = utf8 */;
CREATE TABLE `btTags` (
  `bID` int(10) unsigned NOT NULL,
  `title` varchar(255) COLLATE utf8_unicode_ci DEFAULT NULL,
  `targetCID` int(11) DEFAULT NULL,
  `displayMode` varchar(20) COLLATE utf8_unicode_ci DEFAULT 'page',
  `cloudCount` int(11) DEFAULT '10',
  PRIMARY KEY (`bID`)
) ENGINE=InnoDB DEFAULT CHARSET=utf8 COLLATE=utf8_unicode_ci;
/*!40101 SET character_set_client = @saved_cs_client */;

--
-- Dumping data for table `btTags`
--

LOCK TABLES `btTags` WRITE;
/*!40000 ALTER TABLE `btTags` DISABLE KEYS */;
/*!40000 ALTER TABLE `btTags` ENABLE KEYS */;
UNLOCK TABLES;

--
-- Table structure for table `btTestimonial`
--

DROP TABLE IF EXISTS `btTestimonial`;
/*!40101 SET @saved_cs_client     = @@character_set_client */;
/*!40101 SET character_set_client = utf8 */;
CREATE TABLE `btTestimonial` (
  `bID` int(10) unsigned NOT NULL,
  `fID` int(10) unsigned DEFAULT '0',
  `name` varchar(255) COLLATE utf8_unicode_ci DEFAULT NULL,
  `position` varchar(255) COLLATE utf8_unicode_ci DEFAULT NULL,
  `company` varchar(255) COLLATE utf8_unicode_ci DEFAULT NULL,
  `companyURL` varchar(255) COLLATE utf8_unicode_ci DEFAULT NULL,
  `paragraph` text COLLATE utf8_unicode_ci,
  PRIMARY KEY (`bID`)
) ENGINE=InnoDB DEFAULT CHARSET=utf8 COLLATE=utf8_unicode_ci;
/*!40101 SET character_set_client = @saved_cs_client */;

--
-- Dumping data for table `btTestimonial`
--

LOCK TABLES `btTestimonial` WRITE;
/*!40000 ALTER TABLE `btTestimonial` DISABLE KEYS */;
/*!40000 ALTER TABLE `btTestimonial` ENABLE KEYS */;
UNLOCK TABLES;

--
-- Table structure for table `btTopicList`
--

DROP TABLE IF EXISTS `btTopicList`;
/*!40101 SET @saved_cs_client     = @@character_set_client */;
/*!40101 SET character_set_client = utf8 */;
CREATE TABLE `btTopicList` (
  `bID` int(10) unsigned NOT NULL,
  `mode` varchar(1) COLLATE utf8_unicode_ci NOT NULL DEFAULT 'S' COMMENT 'S = Search, P = Page',
  `topicAttributeKeyHandle` varchar(255) COLLATE utf8_unicode_ci NOT NULL DEFAULT '',
  `topicTreeID` int(10) unsigned NOT NULL DEFAULT '0',
  `cParentID` int(10) unsigned NOT NULL DEFAULT '0',
  `title` varchar(255) COLLATE utf8_unicode_ci NOT NULL DEFAULT '',
  PRIMARY KEY (`bID`)
) ENGINE=InnoDB DEFAULT CHARSET=utf8 COLLATE=utf8_unicode_ci;
/*!40101 SET character_set_client = @saved_cs_client */;

--
-- Dumping data for table `btTopicList`
--

LOCK TABLES `btTopicList` WRITE;
/*!40000 ALTER TABLE `btTopicList` DISABLE KEYS */;
/*!40000 ALTER TABLE `btTopicList` ENABLE KEYS */;
UNLOCK TABLES;

--
-- Table structure for table `btVideo`
--

DROP TABLE IF EXISTS `btVideo`;
/*!40101 SET @saved_cs_client     = @@character_set_client */;
/*!40101 SET character_set_client = utf8 */;
CREATE TABLE `btVideo` (
  `bID` int(10) unsigned NOT NULL,
  `webmfID` int(10) unsigned DEFAULT '0',
  `oggfID` int(10) unsigned DEFAULT '0',
  `posterfID` int(10) unsigned DEFAULT '0',
  `mp4fID` int(10) unsigned DEFAULT '0',
  `videoSize` int(10) unsigned DEFAULT '0',
  `width` int(10) unsigned DEFAULT NULL,
  PRIMARY KEY (`bID`)
) ENGINE=InnoDB DEFAULT CHARSET=utf8 COLLATE=utf8_unicode_ci;
/*!40101 SET character_set_client = @saved_cs_client */;

--
-- Dumping data for table `btVideo`
--

LOCK TABLES `btVideo` WRITE;
/*!40000 ALTER TABLE `btVideo` DISABLE KEYS */;
/*!40000 ALTER TABLE `btVideo` ENABLE KEYS */;
UNLOCK TABLES;

--
-- Table structure for table `btYouTube`
--

DROP TABLE IF EXISTS `btYouTube`;
/*!40101 SET @saved_cs_client     = @@character_set_client */;
/*!40101 SET character_set_client = utf8 */;
CREATE TABLE `btYouTube` (
  `bID` int(10) unsigned NOT NULL,
  `title` varchar(255) COLLATE utf8_unicode_ci DEFAULT NULL,
  `videoURL` varchar(255) COLLATE utf8_unicode_ci DEFAULT NULL,
  `vHeight` varchar(255) COLLATE utf8_unicode_ci DEFAULT NULL,
  `vWidth` varchar(255) COLLATE utf8_unicode_ci DEFAULT NULL,
  `sizing` varchar(10) COLLATE utf8_unicode_ci DEFAULT NULL,
  `autoplay` tinyint(1) NOT NULL DEFAULT '0',
  `color` varchar(10) COLLATE utf8_unicode_ci DEFAULT NULL,
  `controls` int(10) unsigned DEFAULT NULL,
  `iv_load_policy` int(10) unsigned DEFAULT NULL,
  `loopEnd` tinyint(1) NOT NULL DEFAULT '0',
  `modestbranding` tinyint(1) NOT NULL DEFAULT '0',
  `rel` tinyint(1) NOT NULL DEFAULT '0',
  `showinfo` tinyint(1) NOT NULL DEFAULT '0',
  PRIMARY KEY (`bID`)
) ENGINE=InnoDB DEFAULT CHARSET=utf8 COLLATE=utf8_unicode_ci;
/*!40101 SET character_set_client = @saved_cs_client */;

--
-- Dumping data for table `btYouTube`
--

LOCK TABLES `btYouTube` WRITE;
/*!40000 ALTER TABLE `btYouTube` DISABLE KEYS */;
/*!40000 ALTER TABLE `btYouTube` ENABLE KEYS */;
UNLOCK TABLES;

--
-- Table structure for table `gaPage`
--

DROP TABLE IF EXISTS `gaPage`;
/*!40101 SET @saved_cs_client     = @@character_set_client */;
/*!40101 SET character_set_client = utf8 */;
CREATE TABLE `gaPage` (
  `gaiID` int(10) unsigned NOT NULL,
  `cID` int(10) unsigned DEFAULT NULL,
  PRIMARY KEY (`gaiID`),
  KEY `cID` (`cID`)
) ENGINE=InnoDB DEFAULT CHARSET=utf8 COLLATE=utf8_unicode_ci;
/*!40101 SET character_set_client = @saved_cs_client */;

--
-- Dumping data for table `gaPage`
--

LOCK TABLES `gaPage` WRITE;
/*!40000 ALTER TABLE `gaPage` DISABLE KEYS */;
/*!40000 ALTER TABLE `gaPage` ENABLE KEYS */;
UNLOCK TABLES;
/*!40103 SET TIME_ZONE=@OLD_TIME_ZONE */;

/*!40101 SET SQL_MODE=@OLD_SQL_MODE */;
/*!40014 SET FOREIGN_KEY_CHECKS=@OLD_FOREIGN_KEY_CHECKS */;
/*!40014 SET UNIQUE_CHECKS=@OLD_UNIQUE_CHECKS */;
/*!40101 SET CHARACTER_SET_CLIENT=@OLD_CHARACTER_SET_CLIENT */;
/*!40101 SET CHARACTER_SET_RESULTS=@OLD_CHARACTER_SET_RESULTS */;
/*!40101 SET COLLATION_CONNECTION=@OLD_COLLATION_CONNECTION */;
/*!40111 SET SQL_NOTES=@OLD_SQL_NOTES */;

-- Dump completed on 2018-07-04 21:18:19
